benchmark,model,seed,step,fidelity_chosen,candidate_idx,cost,score_max,alpha,consecutive_lf_count,n_hf_so_far,n_lf_so_far,remaining_budget
Branin-Unfav,MFGP,42,1,1,1904,1.0,41.43887438403897,0.5,0,3,5,44.5
Branin-Unfav,MFGP,42,2,1,2450,1.0,19.926219087704144,0.5,0,4,5,43.5
Branin-Unfav,MFGP,42,3,1,1464,1.0,11.145823239185438,0.5,0,5,5,42.5
Branin-Unfav,MFGP,42,4,0,1750,0.5,8.578060538701637,0.5,1,5,6,42.0
Branin-Unfav,MFGP,42,5,1,2309,1.0,11.499421848982719,0.5,0,6,6,41.0
Branin-Unfav,MFGP,42,6,1,818,1.0,6.884083902041149,0.5,0,7,6,40.0
Branin-Unfav,MFGP,42,7,1,37,1.0,5.4356650389640775,0.5,0,8,6,39.0
Branin-Unfav,MFGP,42,8,1,2154,1.0,4.37766933129336,0.5,0,9,6,38.0
Branin-Unfav,MFGP,42,9,1,49,1.0,2.984272906073474,0.5,0,10,6,37.0
Branin-Unfav,MFGP,42,10,1,0,1.0,3.0956039140205256,0.5,0,11,6,36.0
Branin-Unfav,MFGP,42,11,0,26,0.5,19.998072833870207,0.5,1,11,7,35.5
Branin-Unfav,MFGP,42,12,0,473,0.5,8.311611292418942,0.5,2,11,8,35.0
Branin-Unfav,MFGP,42,13,0,1707,0.5,6.499947926527227,0.5,3,11,9,34.5
Branin-Unfav,MFGP,42,14,1,378,1.0,3.05356388172416,0.5,0,12,9,33.5
Branin-Unfav,MFGP,42,15,0,1955,0.5,2.1953121390478434,0.5,1,12,10,33.0
Branin-Unfav,MFGP,42,16,1,29,1.0,1.9825180173686583,0.5,0,13,10,32.0
Branin-Unfav,MFGP,42,17,0,1458,0.5,1.5702819109071933,0.5,1,13,11,31.5
Branin-Unfav,MFGP,42,18,1,376,1.0,1.390879861001235,0.5,0,14,11,30.5
Branin-Unfav,MFGP,42,19,0,277,0.5,1.0323187149643243,0.5,1,14,12,30.0
Branin-Unfav,MFGP,42,20,1,527,1.0,0.8186807090778319,0.5,0,15,12,29.0
Branin-Unfav,MFGP,42,21,0,1905,0.5,0.6981452404121539,0.5,1,15,13,28.5
Branin-Unfav,MFGP,42,22,1,377,1.0,0.6064252640111505,0.5,0,16,13,27.5
Branin-Unfav,MFGP,42,23,0,276,0.5,0.5321026717959721,0.5,1,16,14,27.0
Branin-Unfav,MFGP,42,24,0,226,0.5,0.36736412767185406,0.5,2,16,15,26.5
Branin-Unfav,MFGP,42,25,1,327,1.0,0.29667873529035693,0.5,0,17,15,25.5
Branin-Unfav,MFGP,42,26,0,1856,0.5,0.26347287079600357,0.5,1,17,16,25.0
Branin-Unfav,MFGP,42,27,1,427,1.0,0.21439877061053594,0.5,0,18,16,24.0
Branin-Unfav,MFGP,42,28,1,2454,1.0,0.16054460670688042,0.5,0,19,16,23.0
Branin-Unfav,MFGP,42,29,0,1756,0.5,0.17499081443353853,0.5,1,19,17,22.5
Branin-Unfav,MFGP,42,30,1,45,1.0,0.19652815952263136,0.5,0,20,17,21.5
Branin-Unfav,MFGP,42,31,0,326,0.5,0.13270497441070433,0.5,1,20,18,21.0
Branin-Unfav,MFGP,42,32,1,476,1.0,0.09780984264604653,0.5,0,21,18,20.0
Branin-Unfav,MFGP,42,33,0,1906,0.5,0.07953858898133864,0.5,1,21,19,19.5
Branin-Unfav,MFGP,42,34,1,2056,1.0,0.0795400058958983,0.5,0,22,19,18.5
Branin-Unfav,MFGP,42,35,1,2006,1.0,0.10181018041007474,0.5,0,23,19,17.5
Branin-Unfav,MFGP,42,36,0,177,0.5,0.09633697802896544,0.5,1,23,20,17.0
Branin-Unfav,MFGP,42,37,0,1956,0.5,0.09744113846516254,0.5,2,23,21,16.5
Branin-Unfav,MFGP,42,38,1,2106,1.0,0.07615073762321213,0.5,0,24,21,15.5
Branin-Unfav,MFGP,42,39,0,1806,0.5,0.0699858941598788,0.5,1,24,22,15.0
Branin-Unfav,MFGP,42,40,0,227,0.5,0.06844437191190236,0.5,2,24,23,14.5
Branin-Unfav,MFGP,42,41,1,1907,1.0,0.06160300173494698,0.5,0,25,23,13.5
Branin-Unfav,MFGP,42,42,1,426,1.0,0.0458078136595321,0.5,0,26,23,12.5
Branin-Unfav,MFGP,42,43,0,1807,0.5,0.039296182238140895,0.5,1,26,24,12.0
Branin-Unfav,MFGP,42,44,1,1956,1.0,0.0352282931247823,0.5,0,27,24,11.0
Branin-Unfav,MFGP,42,45,1,526,1.0,0.0271577196913452,0.5,0,28,24,10.0
Branin-Unfav,MFGP,42,46,1,1957,1.0,0.022561743338179924,0.5,0,29,24,9.0
Branin-Unfav,MFGP,42,47,0,127,0.5,0.017894368516672775,0.5,1,29,25,8.5
Branin-Unfav,MFGP,42,48,1,2205,1.0,0.016701734482625998,0.5,0,30,25,7.5
Branin-Unfav,MFGP,42,49,1,477,1.0,0.016075581643839452,0.5,0,31,25,6.5
Branin-Unfav,MFGP,42,50,1,277,1.0,0.014873572132330815,0.5,0,32,25,5.5
Branin-Unfav,MFGP,42,51,0,1757,0.5,0.012096116350777217,0.5,1,32,26,5.0
Branin-Unfav,MFGP,42,52,0,176,0.5,0.009834283426008235,0.5,2,32,27,4.5
Branin-Unfav,MFGP,42,53,0,1012,0.5,0.008697226732244892,0.5,3,32,28,4.0
Branin-Unfav,MFGP,42,54,0,2055,0.5,0.008827584275393228,0.5,4,32,29,3.5
Branin-Unfav,MFGP,42,55,1,1857,1.0,0.006371558925640303,0.5,0,33,29,2.5
Branin-Unfav,MFGP,42,56,0,46,0.5,0.005864452872551551,0.5,1,33,30,2.0
Branin-Unfav,MFGP,42,57,1,328,1.0,0.004036624626454606,0.5,0,34,30,1.0
Branin-Unfav,MFGP,42,58,1,2156,1.0,0.0030798677999463904,0.5,0,35,30,0.0
Branin-Unfav,MFGP,43,1,1,329,1.0,50.70145496030702,0.5,0,3,5,44.5
Branin-Unfav,MFGP,43,2,0,33,0.5,9.745990129747636,0.5,1,3,6,44.0
Branin-Unfav,MFGP,43,3,0,1800,0.5,7.837031919325053,0.5,2,3,7,43.5
Branin-Unfav,MFGP,43,4,1,2450,1.0,5.143360095652816,0.5,0,4,7,42.5
Branin-Unfav,MFGP,43,5,0,26,0.5,4.736049501946008,0.5,1,4,8,42.0
Branin-Unfav,MFGP,43,6,1,177,1.0,3.3761004257967,0.5,0,5,8,41.0
Branin-Unfav,MFGP,43,7,0,2459,0.5,2.648205478322945,0.5,1,5,9,40.5
Branin-Unfav,MFGP,43,8,0,227,0.5,2.421355468546124,0.5,2,5,10,40.0
Branin-Unfav,MFGP,43,9,1,425,1.0,1.2304583265558022,0.5,0,6,10,39.0
Branin-Unfav,MFGP,43,10,1,277,1.0,1.1120283258252794,0.5,0,7,10,38.0
Branin-Unfav,MFGP,43,11,0,325,0.5,0.6732918442273168,0.5,1,7,11,37.5
Branin-Unfav,MFGP,43,12,1,227,1.0,0.3915239229620249,0.5,0,8,11,36.5
Branin-Unfav,MFGP,43,13,1,327,1.0,0.28573981500707196,0.5,0,9,11,35.5
Branin-Unfav,MFGP,43,14,0,276,0.5,0.21190548279980154,0.5,1,9,12,35.0
Branin-Unfav,MFGP,43,15,0,326,0.5,0.14561807379881536,0.5,2,9,13,34.5
Branin-Unfav,MFGP,43,16,1,377,1.0,0.12002109094278045,0.5,0,10,13,33.5
Branin-Unfav,MFGP,43,17,1,426,1.0,0.08020482543304386,0.5,0,11,13,32.5
Branin-Unfav,MFGP,43,18,1,476,1.0,0.06247772433528667,0.5,0,12,13,31.5
Branin-Unfav,MFGP,43,19,1,376,1.0,0.05865936720601398,0.5,0,13,13,30.5
Branin-Unfav,MFGP,43,20,1,427,1.0,0.04056088431546916,0.5,0,14,13,29.5
Branin-Unfav,MFGP,43,21,0,2400,0.5,0.02725548896835872,0.5,1,14,14,29.0
Branin-Unfav,MFGP,43,22,0,78,0.5,0.03794255255456336,0.5,2,14,15,28.5
Branin-Unfav,MFGP,43,23,1,724,1.0,0.020186637615708047,0.5,0,15,15,27.5
Branin-Unfav,MFGP,43,24,0,226,0.5,0.013017150030433008,0.5,1,15,16,27.0
Branin-Unfav,MFGP,43,25,1,526,1.0,0.007691828623046404,0.5,0,16,16,26.0
Branin-Unfav,MFGP,43,26,0,1757,0.5,0.004855834873312634,0.5,1,16,17,25.5
Branin-Unfav,MFGP,43,27,0,1956,0.5,0.716635917148762,0.5,2,16,18,25.0
Branin-Unfav,MFGP,43,28,1,1857,1.0,0.25043069696008685,0.5,0,17,18,24.0
Branin-Unfav,MFGP,43,29,0,1856,0.5,0.2193064556502911,0.5,1,17,19,23.5
Branin-Unfav,MFGP,43,30,0,1807,0.5,0.10368949707349116,0.5,2,17,20,23.0
Branin-Unfav,MFGP,43,31,0,1906,0.5,0.08847364189558703,0.5,3,17,21,22.5
Branin-Unfav,MFGP,43,32,0,1806,0.5,0.05985845832255196,0.5,4,17,22,22.0
Branin-Unfav,MFGP,43,33,1,1460,1.0,0.04850981051852754,0.5,0,18,22,21.0
Branin-Unfav,MFGP,43,34,0,2005,0.5,0.041565680817722286,0.5,1,18,23,20.5
Branin-Unfav,MFGP,43,35,1,1757,1.0,0.03940206996155972,0.5,0,19,23,19.5
Branin-Unfav,MFGP,43,36,1,1907,1.0,0.0064430635504158645,0.5,0,20,23,18.5
Branin-Unfav,MFGP,43,37,1,49,1.0,0.004704487422355616,0.5,0,21,23,17.5
Branin-Unfav,MFGP,43,38,1,44,1.0,0.06296660632822632,0.5,0,22,23,16.5
Branin-Unfav,MFGP,43,39,1,2056,1.0,0.009351089194285282,0.5,0,23,23,15.5
Branin-Unfav,MFGP,43,40,1,2006,1.0,0.04152050412420603,0.5,0,24,23,14.5
Branin-Unfav,MFGP,43,41,0,0,0.5,3.8921253772062725,0.5,1,24,24,14.0
Branin-Unfav,MFGP,43,42,0,767,0.5,0.0954326517992109,0.5,2,24,25,13.5
Branin-Unfav,MFGP,43,43,1,1956,1.0,0.04037100267046032,0.5,0,25,25,12.5
Branin-Unfav,MFGP,43,44,1,1957,1.0,0.026691417001961572,0.1,0,26,25,11.5
Branin-Unfav,MFGP,43,45,1,2106,1.0,0.0204509121424961,0.1,0,27,25,10.5
Branin-Unfav,MFGP,43,46,1,2155,1.0,0.01654255792551565,0.1,0,28,25,9.5
Branin-Unfav,MFGP,43,47,1,477,1.0,0.012579720925547877,0.1,0,29,25,8.5
Branin-Unfav,MFGP,43,48,1,1906,1.0,0.006247757186982297,0.1,0,30,25,7.5
Branin-Unfav,MFGP,43,49,0,1955,0.5,0.013339207172938811,0.25379036419613366,1,30,26,7.0
Branin-Unfav,MFGP,43,50,0,46,0.5,0.011188985116123703,0.25379036419613366,2,30,27,6.5
Branin-Unfav,MFGP,43,51,0,2055,0.5,0.007090850085806314,0.25379036419613366,3,30,28,6.0
Branin-Unfav,MFGP,43,52,0,1657,0.5,0.0073022015656096,0.25379036419613366,4,30,29,5.5
Branin-Unfav,MFGP,43,53,1,2156,1.0,0.003143404565873323,0.25379036419613366,0,31,29,4.5
Branin-Unfav,MFGP,43,54,0,1756,0.5,0.0025069012351652867,0.25379036419613366,1,31,30,4.0
Branin-Unfav,MFGP,43,55,1,2007,1.0,0.0017510290244573002,0.25379036419613366,0,32,30,3.0
Branin-Unfav,MFGP,43,56,0,127,0.5,0.001171162315585962,0.25379036419613366,1,32,31,2.5
Branin-Unfav,MFGP,43,57,1,2105,1.0,0.0010604694858473715,0.25379036419613366,0,33,31,1.5
Branin-Unfav,MFGP,43,58,1,40,1.0,0.0008463890551303373,0.25379036419613366,0,34,31,0.5
Branin-Unfav,MFGP,43,59,0,1905,0.5,0.0008161713532975768,0.25379036419613366,1,34,32,0.0
Branin-Unfav,MFGP,44,1,1,1300,1.0,20.749455629820286,0.5,0,3,5,44.5
Branin-Unfav,MFGP,44,2,0,2458,0.5,18.785372999406142,0.5,1,3,6,44.0
Branin-Unfav,MFGP,44,3,1,1914,1.0,11.931709594705803,0.5,0,4,6,43.0
Branin-Unfav,MFGP,44,4,1,575,1.0,10.223752723658098,0.5,0,5,6,42.0
Branin-Unfav,MFGP,44,5,0,2250,0.5,8.75521647199099,0.5,1,5,7,41.5
Branin-Unfav,MFGP,44,6,1,21,1.0,6.557178939361109,0.5,0,6,7,40.5
Branin-Unfav,MFGP,44,7,0,520,0.5,3.6988187656056475,0.5,1,6,8,40.0
Branin-Unfav,MFGP,44,8,1,328,1.0,3.739445651095166,0.5,0,7,8,39.0
Branin-Unfav,MFGP,44,9,0,478,0.5,2.8688584090602856,0.5,1,7,9,38.5
Branin-Unfav,MFGP,44,10,0,29,0.5,2.3743211044995887,0.5,2,7,10,38.0
Branin-Unfav,MFGP,44,11,0,2105,0.5,1.8087090566539203,0.5,3,7,11,37.5
Branin-Unfav,MFGP,44,12,1,2105,1.0,1.3339409953935732,0.5,0,8,11,36.5
Branin-Unfav,MFGP,44,13,1,228,1.0,1.051267760559274,0.5,0,9,11,35.5
Branin-Unfav,MFGP,44,14,0,227,0.5,0.7094615479112838,0.5,1,9,12,35.0
Branin-Unfav,MFGP,44,15,1,376,1.0,0.5455006908401259,0.5,0,10,12,34.0
Branin-Unfav,MFGP,44,16,1,49,1.0,0.46474148482013034,0.5,0,11,12,33.0
Branin-Unfav,MFGP,44,17,1,43,1.0,0.6422289845070632,0.5,0,12,12,32.0
Branin-Unfav,MFGP,44,18,1,2055,1.0,0.40465706916663563,0.5,0,13,12,31.0
Branin-Unfav,MFGP,44,19,0,326,0.5,0.3251983858911711,0.5,1,13,13,30.5
Branin-Unfav,MFGP,44,20,0,47,0.5,0.28639604986918776,0.5,2,13,14,30.0
Branin-Unfav,MFGP,44,21,0,26,0.5,0.3676428499631339,0.5,3,13,15,29.5
Branin-Unfav,MFGP,44,22,1,427,1.0,0.31995536396530544,0.5,0,14,15,28.5
Branin-Unfav,MFGP,44,23,1,377,1.0,0.21735394298307195,0.5,0,15,15,27.5
Branin-Unfav,MFGP,44,24,0,276,0.5,0.16078461913071507,0.5,1,15,16,27.0
Branin-Unfav,MFGP,44,25,1,2453,1.0,0.14096068831273867,0.5,0,16,16,26.0
Branin-Unfav,MFGP,44,26,0,0,0.5,6.07012985909479,0.5,1,16,17,25.5
Branin-Unfav,MFGP,44,27,1,2155,1.0,0.16191331186171562,0.5,0,17,17,24.5
Branin-Unfav,MFGP,44,28,1,327,1.0,0.1063021794331386,0.5,0,18,17,23.5
Branin-Unfav,MFGP,44,29,1,2006,1.0,0.0988445975346911,0.5,0,19,17,22.5
Branin-Unfav,MFGP,44,30,1,2056,1.0,0.09683951732335208,0.5,0,20,17,21.5
Branin-Unfav,MFGP,44,31,0,1807,0.5,0.09338373878244122,0.5,1,20,18,21.0
Branin-Unfav,MFGP,44,32,1,1907,1.0,0.20144123351164644,0.5,0,21,18,20.0
Branin-Unfav,MFGP,44,33,0,1906,0.5,0.16523821853608006,0.5,1,21,19,19.5
Branin-Unfav,MFGP,44,34,0,1956,0.5,0.08544202620336011,0.5,2,21,20,19.0
Branin-Unfav,MFGP,44,35,0,1857,0.5,0.06121425299727494,0.5,3,21,21,18.5
Branin-Unfav,MFGP,44,36,0,1856,0.5,0.05804687963480583,0.5,4,21,22,18.0
Branin-Unfav,MFGP,44,37,1,1956,1.0,0.06371046598662576,0.5,0,22,22,17.0
Branin-Unfav,MFGP,44,38,0,1410,0.5,0.061206838716627465,0.7804279375651346,1,22,23,16.5
Branin-Unfav,MFGP,44,39,1,477,1.0,0.05156673118765842,0.7804279375651346,0,23,23,15.5
Branin-Unfav,MFGP,44,40,0,1757,0.5,0.04587289199906669,0.7804279375651346,1,23,24,15.0
Branin-Unfav,MFGP,44,41,0,226,0.5,0.03397254649532434,0.7804279375651346,2,23,25,14.5
Branin-Unfav,MFGP,44,42,1,426,1.0,0.029758975134699356,0.7804279375651346,0,24,25,13.5
Branin-Unfav,MFGP,44,43,0,1806,0.5,0.02861810538693583,0.7804279375651346,1,24,26,13.0
Branin-Unfav,MFGP,44,44,0,277,0.5,0.02828392508629381,0.7804279375651346,2,24,27,12.5
Branin-Unfav,MFGP,44,45,1,476,1.0,0.022388246088062294,0.7804279375651346,0,25,27,11.5
Branin-Unfav,MFGP,44,46,0,1955,0.5,0.018427228416506923,0.7804279375651346,1,25,28,11.0
Branin-Unfav,MFGP,44,47,0,1707,0.5,0.012100030180960189,0.7804279375651346,2,25,29,10.5
Branin-Unfav,MFGP,44,48,1,1857,1.0,0.013518244391982744,0.7804279375651346,0,26,29,9.5
Branin-Unfav,MFGP,44,49,0,177,0.5,0.010004205766629432,0.6259498226761083,1,26,30,9.0
Branin-Unfav,MFGP,44,50,1,1906,1.0,0.00880447754455145,0.6259498226761083,0,27,30,8.0
Branin-Unfav,MFGP,44,51,1,526,1.0,0.006319874534418443,0.22999376567450264,0,28,30,7.0
Branin-Unfav,MFGP,44,52,1,277,1.0,0.004256826295205126,0.22999376567450264,0,29,30,6.0
Branin-Unfav,MFGP,44,53,1,2106,1.0,0.0029940029944233396,0.1,0,30,30,5.0
Branin-Unfav,MFGP,44,54,1,2205,1.0,0.0020856639698857878,0.1,0,31,30,4.0
Branin-Unfav,MFGP,44,55,1,1957,1.0,0.00179104902581936,0.1,0,32,30,3.0
Branin-Unfav,MFGP,44,56,1,527,1.0,0.0016500059849987349,0.1,0,33,30,2.0
Branin-Unfav,MFGP,44,57,1,1807,1.0,0.0008771979877723558,0.1,0,34,30,1.0
Branin-Unfav,MFGP,44,58,1,38,1.0,0.0006152106331613668,0.1,0,35,30,0.0
Branin-Unfav,MFGP,45,1,1,1362,1.0,48.85534499681996,0.5,0,3,5,44.5
Branin-Unfav,MFGP,45,2,1,1757,1.0,21.369984184664517,0.5,0,4,5,43.5
Branin-Unfav,MFGP,45,3,0,2300,0.5,8.363812712490155,0.5,1,4,6,43.0
Branin-Unfav,MFGP,45,4,0,2207,0.5,9.111672373547789,0.5,2,4,7,42.5
Branin-Unfav,MFGP,45,5,1,1910,1.0,6.119893794053977,0.5,0,5,7,41.5
Branin-Unfav,MFGP,45,6,0,1905,0.5,7.7712189083125764,0.5,1,5,8,41.0
Branin-Unfav,MFGP,45,7,1,32,1.0,3.1557225620943994,0.5,0,6,8,40.0
Branin-Unfav,MFGP,45,8,1,626,1.0,2.5398791188582654,0.5,0,7,8,39.0
Branin-Unfav,MFGP,45,9,1,771,1.0,2.7979339978069113,0.5,0,8,8,38.0
Branin-Unfav,MFGP,45,10,1,428,1.0,2.5392917288061367,0.5,0,9,8,37.0
Branin-Unfav,MFGP,45,11,0,1806,0.5,1.8276625967284297,0.5,1,9,9,36.5
Branin-Unfav,MFGP,45,12,1,49,1.0,1.5094101631197843,0.5,0,10,9,35.5
Branin-Unfav,MFGP,45,13,1,389,1.0,2.044885322920643,0.5,0,11,9,34.5
Branin-Unfav,MFGP,45,14,1,2004,1.0,1.1871554904872028,0.5,0,12,9,33.5
Branin-Unfav,MFGP,45,15,1,477,1.0,0.9246327950694704,0.5,0,13,9,32.5
Branin-Unfav,MFGP,45,16,0,1856,0.5,0.6603203095790329,0.5,1,13,10,32.0
Branin-Unfav,MFGP,45,17,1,476,1.0,0.4323745237675606,0.5,0,14,10,31.0
Branin-Unfav,MFGP,45,18,0,1756,0.5,0.38204409264932593,0.5,1,14,11,30.5
Branin-Unfav,MFGP,45,19,1,549,1.0,0.26951473885841115,0.5,0,15,11,29.5
Branin-Unfav,MFGP,45,20,1,399,1.0,0.39931717733281485,0.5,0,16,11,28.5
Branin-Unfav,MFGP,45,21,0,1807,0.5,0.25996963425726916,0.5,1,16,12,28.0
Branin-Unfav,MFGP,45,22,1,426,1.0,0.19250244595742988,0.5,0,17,12,27.0
Branin-Unfav,MFGP,45,23,0,1906,0.5,0.14450108863814398,0.5,1,17,13,26.5
Branin-Unfav,MFGP,45,24,1,427,1.0,0.10152581702087043,0.5,0,18,13,25.5
Branin-Unfav,MFGP,45,25,1,526,1.0,0.0846326308402256,0.5,0,19,13,24.5
Branin-Unfav,MFGP,45,26,0,1857,0.5,0.05879006932975016,0.5,1,19,14,24.0
Branin-Unfav,MFGP,45,27,0,1707,0.5,0.039536210350546885,0.5,2,19,15,23.5
Branin-Unfav,MFGP,45,28,1,377,1.0,0.033615852721620654,0.5,0,20,15,22.5
Branin-Unfav,MFGP,45,29,1,376,1.0,0.021085445734006912,0.5,0,21,15,21.5
Branin-Unfav,MFGP,45,30,1,327,1.0,0.020133450679333365,0.5,0,22,15,20.5
Branin-Unfav,MFGP,45,31,1,497,1.0,0.02518051675978314,0.5,0,23,15,19.5
Branin-Unfav,MFGP,45,32,1,346,1.0,0.19199619351961678,0.5,0,24,15,18.5
Branin-Unfav,MFGP,45,33,1,447,1.0,0.18284101638768502,0.5,0,25,15,17.5
Branin-Unfav,MFGP,45,34,1,397,1.0,0.0737098520305438,0.5,0,26,15,16.5
Branin-Unfav,MFGP,45,35,1,446,1.0,0.04195011239202577,0.5,0,27,15,15.5
Branin-Unfav,MFGP,45,36,1,2454,1.0,0.026757220071053994,0.5,0,28,15,14.5
Branin-Unfav,MFGP,45,37,0,2453,0.5,0.09211076601266283,0.5,1,28,16,14.0
Branin-Unfav,MFGP,45,38,1,2056,1.0,0.13691583996503523,0.5,0,29,16,13.0
Branin-Unfav,MFGP,45,39,1,2006,1.0,0.09616182652144079,0.5,0,30,16,12.0
Branin-Unfav,MFGP,45,40,1,2106,1.0,0.05197483481343039,0.5,0,31,16,11.0
Branin-Unfav,MFGP,45,41,1,1956,1.0,0.05152228874148723,0.5,0,32,16,10.0
Branin-Unfav,MFGP,45,42,1,44,1.0,0.021924396948992342,0.5,0,33,16,9.0
Branin-Unfav,MFGP,45,43,1,547,1.0,0.01627588486193913,0.5,0,34,16,8.0
Branin-Unfav,MFGP,45,44,1,498,1.0,0.015564358212990397,0.5,0,35,16,7.0
Branin-Unfav,MFGP,45,45,1,277,1.0,0.014410167307802375,0.5,0,36,16,6.0
Branin-Unfav,MFGP,45,46,0,25,0.5,0.014831636999128067,0.5,1,36,17,5.5
Branin-Unfav,MFGP,45,47,1,1907,1.0,0.021543783428548596,0.5,0,37,17,4.5
Branin-Unfav,MFGP,45,48,1,27,1.0,0.011379392330406496,0.5,0,38,17,3.5
Branin-Unfav,MFGP,45,49,1,2499,1.0,0.009276633904924836,0.5,0,39,17,2.5
Branin-Unfav,MFGP,45,50,1,2156,1.0,0.011393050044461964,0.5,0,40,17,1.5
Branin-Unfav,MFGP,45,51,1,347,1.0,0.00938950920088421,0.5,0,41,17,0.5
Branin-Unfav,MFGP,45,52,0,424,0.5,0.004102605560778266,0.5,1,41,18,0.0
Branin-Unfav,MFGP,46,1,1,1165,1.0,38.42972520326462,0.5,0,3,5,44.5
Branin-Unfav,MFGP,46,2,0,1463,0.5,13.003826453101027,0.5,1,3,6,44.0
Branin-Unfav,MFGP,46,3,0,29,0.5,7.445463294047487,0.5,2,3,7,43.5
Branin-Unfav,MFGP,46,4,1,328,1.0,12.176424361541741,0.5,0,4,7,42.5
Branin-Unfav,MFGP,46,5,0,476,0.5,8.495963630038634,0.5,1,4,8,42.0
Branin-Unfav,MFGP,46,6,0,2450,0.5,4.179162687115257,0.5,2,4,9,41.5
Branin-Unfav,MFGP,46,7,1,33,1.0,3.2531120304841528,0.5,0,5,9,40.5
Branin-Unfav,MFGP,46,8,0,277,0.5,3.2830099728431184,0.5,1,5,10,40.0
Branin-Unfav,MFGP,46,9,0,1950,0.5,2.2562055151770704,0.5,2,5,11,39.5
Branin-Unfav,MFGP,46,10,0,329,0.5,1.6720558858492827,0.5,3,5,12,39.0
Branin-Unfav,MFGP,46,11,0,225,0.5,1.822334593969325,0.5,4,5,13,38.5
Branin-Unfav,MFGP,46,12,1,2407,1.0,1.0518345205183701,0.5,0,6,13,37.5
Branin-Unfav,MFGP,46,13,0,2457,0.5,1.2525656943079986,0.5,1,6,14,37.0
Branin-Unfav,MFGP,46,14,0,326,0.5,0.7362462995857827,0.5,2,6,15,36.5
Branin-Unfav,MFGP,46,15,0,276,0.5,0.5631065965887823,0.5,3,6,16,36.0
Branin-Unfav,MFGP,46,16,1,227,1.0,0.5336003528757924,0.5,0,7,16,35.0
Branin-Unfav,MFGP,46,17,1,376,1.0,0.43726040297982005,0.5,0,8,16,34.0
Branin-Unfav,MFGP,46,18,0,623,0.5,0.3358055761631621,0.5,1,8,17,33.5
Branin-Unfav,MFGP,46,19,0,226,0.5,0.3093171000553522,0.5,2,8,18,33.0
Branin-Unfav,MFGP,46,20,0,177,0.5,0.23552897459177435,0.5,3,8,19,32.5
Branin-Unfav,MFGP,46,21,1,49,1.0,0.2407163318899015,0.5,0,9,19,31.5
Branin-Unfav,MFGP,46,22,1,427,1.0,0.2107448517192644,0.5,0,10,19,30.5
Branin-Unfav,MFGP,46,23,0,27,0.5,0.20005127829864794,0.5,1,10,20,30.0
Branin-Unfav,MFGP,46,24,1,377,1.0,0.16037366001172543,0.5,0,11,20,29.0
Branin-Unfav,MFGP,46,25,1,1957,1.0,0.11350497546467248,0.5,0,12,20,28.0
Branin-Unfav,MFGP,46,26,1,2105,1.0,0.3822086149056811,0.5,0,13,20,27.0
Branin-Unfav,MFGP,46,27,0,1956,0.5,0.30664562723460465,0.5,1,13,21,26.5
Branin-Unfav,MFGP,46,28,1,2056,1.0,0.2544478884594266,0.5,0,14,21,25.5
Branin-Unfav,MFGP,46,29,0,2006,0.5,0.17439679194919677,0.5,1,14,22,25.0
Branin-Unfav,MFGP,46,30,0,1856,0.5,0.19069102841778615,0.5,2,14,23,24.5
Branin-Unfav,MFGP,46,31,1,1956,1.0,0.23419705721692186,0.5,0,15,23,23.5
Branin-Unfav,MFGP,46,32,1,2006,1.0,0.13555883141610273,0.5,0,16,23,22.5
Branin-Unfav,MFGP,46,33,0,1906,0.5,0.09204108670306682,0.5,1,16,24,22.0
Branin-Unfav,MFGP,46,34,0,1757,0.5,0.08857090886594512,0.5,2,16,25,21.5
Branin-Unfav,MFGP,46,35,1,44,1.0,0.06935252084036575,0.5,0,17,25,20.5
Branin-Unfav,MFGP,46,36,0,1806,0.5,0.05650500898327117,0.5,1,17,26,20.0
Branin-Unfav,MFGP,46,37,1,1906,1.0,0.048546258644034154,0.5,0,18,26,19.0
Branin-Unfav,MFGP,46,38,0,1807,0.5,0.06973880932902099,0.9231573020642112,1,18,27,18.5
Branin-Unfav,MFGP,46,39,1,476,1.0,0.045586369281988046,0.9231573020642112,0,19,27,17.5
Branin-Unfav,MFGP,46,40,1,327,1.0,0.034227026758018454,0.2699267876911221,0,20,27,16.5
Branin-Unfav,MFGP,46,41,1,426,1.0,0.024501152998333706,0.2699267876911221,0,21,27,15.5
Branin-Unfav,MFGP,46,42,1,477,1.0,0.020312293927892272,0.2699267876911221,0,22,27,14.5
Branin-Unfav,MFGP,46,43,1,1907,1.0,0.017751414921296026,0.2699267876911221,0,23,27,13.5
Branin-Unfav,MFGP,46,44,1,2304,1.0,0.01295710678581076,0.2699267876911221,0,24,27,12.5
Branin-Unfav,MFGP,46,45,1,526,1.0,0.010993302233255897,0.2699267876911221,0,25,27,11.5
Branin-Unfav,MFGP,46,46,0,1955,0.5,0.009966846705148935,0.2699267876911221,1,25,28,11.0
Branin-Unfav,MFGP,46,47,1,2055,1.0,0.005106936998050055,0.2699267876911221,0,26,28,10.0
Branin-Unfav,MFGP,46,48,0,1857,0.5,0.0037539282078944284,0.2699267876911221,1,26,29,9.5
Branin-Unfav,MFGP,46,49,1,2106,1.0,0.0032742804828350333,0.2699267876911221,0,27,29,8.5
Branin-Unfav,MFGP,46,50,0,1707,0.5,0.0028500387657582806,0.2699267876911221,1,27,30,8.0
Branin-Unfav,MFGP,46,51,0,46,0.5,0.0019533158629339367,0.2699267876911221,2,27,31,7.5
Branin-Unfav,MFGP,46,52,0,127,0.5,0.002040221088462383,0.2699267876911221,3,27,32,7.0
Branin-Unfav,MFGP,46,53,0,1756,0.5,0.0017072245418538936,0.2699267876911221,4,27,33,6.5
Branin-Unfav,MFGP,46,54,1,676,1.0,0.001578569270100404,0.2699267876911221,0,28,33,5.5
Branin-Unfav,MFGP,46,55,1,1857,1.0,0.0012594299262706256,0.2699267876911221,0,29,33,4.5
Branin-Unfav,MFGP,46,56,1,277,1.0,0.0009166091007105368,0.23299411442230855,0,30,33,3.5
Branin-Unfav,MFGP,46,57,0,2005,0.5,0.0008831450295036578,0.3513508261777701,1,30,34,3.0
Branin-Unfav,MFGP,46,58,1,2155,1.0,0.0005668010241104988,0.3513508261777701,0,31,34,2.0
Branin-Unfav,MFGP,46,59,0,1558,0.5,0.0003096934757620175,0.3513508261777701,1,31,35,1.5
Branin-Unfav,MFGP,46,60,1,278,1.0,0.00018354636755038545,0.3513508261777701,0,32,35,0.5
Branin-Unfav,MFGP,46,61,0,1905,0.5,0.0001324425304761413,0.3513508261777701,1,32,36,0.0
Branin-Unfav,MFGP,47,1,0,609,0.5,31.169792936248395,0.5,1,2,6,45.0
Branin-Unfav,MFGP,47,2,1,1362,1.0,17.911722176813186,0.5,0,3,6,44.0
Branin-Unfav,MFGP,47,3,1,475,1.0,10.576609355012486,0.5,0,4,6,43.0
Branin-Unfav,MFGP,47,4,0,125,0.5,8.60492168384388,0.5,1,4,7,42.5
Branin-Unfav,MFGP,47,5,0,1405,0.5,4.732098481005059,0.5,2,4,8,42.0
Branin-Unfav,MFGP,47,6,0,572,0.5,3.6493658762707475,0.5,3,4,9,41.5
Branin-Unfav,MFGP,47,7,0,377,0.5,2.543429681317082,0.5,4,4,10,41.0
Branin-Unfav,MFGP,47,8,1,327,1.0,2.2025984026566907,0.5,0,5,10,40.0
Branin-Unfav,MFGP,47,9,0,2450,0.5,1.8106625768497704,0.5,1,5,11,39.5
Branin-Unfav,MFGP,47,10,0,1609,0.5,1.216506977756136,0.5,2,5,12,39.0
Branin-Unfav,MFGP,47,11,1,377,1.0,0.9307067729573789,0.5,0,6,12,38.0
Branin-Unfav,MFGP,47,12,0,2056,0.5,0.7890278981425582,0.5,1,6,13,37.5
Branin-Unfav,MFGP,47,13,0,1906,0.5,0.8237701682370566,0.5,2,6,14,37.0
Branin-Unfav,MFGP,47,14,1,528,1.0,0.6835698789230233,0.5,0,7,14,36.0
Branin-Unfav,MFGP,47,15,1,277,1.0,0.43174547705330163,0.5,0,8,14,35.0
Branin-Unfav,MFGP,47,16,0,2455,0.5,0.37790733925222575,0.5,1,8,15,34.5
Branin-Unfav,MFGP,47,17,0,1857,0.5,0.2971703902886902,0.5,2,8,16,34.0
Branin-Unfav,MFGP,47,18,0,1955,0.5,0.2490129790456356,0.5,3,8,17,33.5
Branin-Unfav,MFGP,47,19,0,1856,0.5,0.20026837343006912,0.5,4,8,18,33.0
Branin-Unfav,MFGP,47,20,1,427,1.0,0.1633451150839954,0.5,0,9,18,32.0
Branin-Unfav,MFGP,47,21,1,426,1.0,0.12237142215607427,0.5,0,10,18,31.0
Branin-Unfav,MFGP,47,22,0,1806,0.5,0.0958240888446459,0.5,1,10,19,30.5
Branin-Unfav,MFGP,47,23,0,78,0.5,0.10423954042423728,0.5,2,10,20,30.0
Branin-Unfav,MFGP,47,24,0,227,0.5,0.0893851371757541,0.5,3,10,21,29.5
Branin-Unfav,MFGP,47,25,1,476,1.0,0.04600776661697034,0.5,0,11,21,28.5
Branin-Unfav,MFGP,47,26,0,177,0.5,0.024812121255027936,0.5,1,11,22,28.0
Branin-Unfav,MFGP,47,27,0,228,0.5,0.0192369138183347,0.5,2,11,23,27.5
Branin-Unfav,MFGP,47,28,1,526,1.0,0.018631163067662188,0.5,0,12,23,26.5
Branin-Unfav,MFGP,47,29,1,376,1.0,0.016829867028299382,0.5,0,13,23,25.5
Branin-Unfav,MFGP,47,30,0,276,0.5,0.012822409143792082,0.5,1,13,24,25.0
Branin-Unfav,MFGP,47,31,0,326,0.5,0.00909252574360134,0.5,2,13,25,24.5
Branin-Unfav,MFGP,47,32,1,49,1.0,0.007344517539788917,0.5,0,14,25,23.5
Branin-Unfav,MFGP,47,33,1,44,1.0,0.06908206178998816,0.5,0,15,25,22.5
Branin-Unfav,MFGP,47,34,0,46,0.5,0.08817421007651816,0.5,1,15,26,22.0
Branin-Unfav,MFGP,47,35,1,2206,1.0,0.017551457744783602,0.5,0,16,26,21.0
Branin-Unfav,MFGP,47,36,1,1957,1.0,0.09132329130116587,0.5,0,17,26,20.0
Branin-Unfav,MFGP,47,37,1,2058,1.0,0.04922259656873709,0.5,0,18,26,19.0
Branin-Unfav,MFGP,47,38,1,2006,1.0,0.19692213431793698,0.5,0,19,26,18.0
Branin-Unfav,MFGP,47,39,1,2056,1.0,0.08994142333632085,0.5,0,20,26,17.0
Branin-Unfav,MFGP,47,40,1,2155,1.0,0.06792036977831566,0.5,0,21,26,16.0
Branin-Unfav,MFGP,47,41,1,1956,1.0,0.023336307284340656,0.5,0,22,26,15.0
Branin-Unfav,MFGP,47,42,0,0,0.5,0.025933635551384893,0.5,1,22,27,14.5
Branin-Unfav,MFGP,47,43,1,2453,1.0,0.05232895402637658,0.5,0,23,27,13.5
Branin-Unfav,MFGP,47,44,0,226,0.5,0.02466642061196221,0.5,1,23,28,13.0
Branin-Unfav,MFGP,47,45,0,127,0.5,0.019262080147151348,0.5,2,23,29,12.5
Branin-Unfav,MFGP,47,46,1,39,1.0,0.018700457517500352,0.5,0,24,29,11.5
Branin-Unfav,MFGP,47,47,1,2106,1.0,0.01631888224341782,0.5,0,25,29,10.5
Branin-Unfav,MFGP,47,48,1,477,1.0,0.011459456830187474,0.5,0,26,29,9.5
Branin-Unfav,MFGP,47,49,0,1309,0.5,0.008611514560076458,0.5,1,26,30,9.0
Branin-Unfav,MFGP,47,50,0,1757,0.5,0.010555343797218682,0.5,2,26,31,8.5
Branin-Unfav,MFGP,47,51,1,328,1.0,0.009000921116404957,0.5,0,27,31,7.5
Branin-Unfav,MFGP,47,52,0,2005,0.5,0.006351171753342558,0.5,1,27,32,7.0
Branin-Unfav,MFGP,47,53,0,1756,0.5,0.005864426614135585,0.5,2,27,33,6.5
Branin-Unfav,MFGP,47,54,1,1857,1.0,0.004988535585287803,0.5,0,28,33,5.5
Branin-Unfav,MFGP,47,55,0,1807,0.5,0.003990343134629642,0.8826929126099868,1,28,34,5.0
Branin-Unfav,MFGP,47,56,1,576,1.0,0.003869815052867931,0.8826929126099868,0,29,34,4.0
Branin-Unfav,MFGP,47,57,1,1906,1.0,0.003462990100082844,0.8826929126099868,0,30,34,3.0
Branin-Unfav,MFGP,47,58,1,2105,1.0,0.0029541209488791187,0.8860851991306581,0,31,34,2.0
Branin-Unfav,MFGP,47,59,1,1907,1.0,0.0015902122552215198,0.8860851991306581,0,32,34,1.0
Branin-Unfav,MFGP,47,60,0,27,0.5,0.0015773800652313869,0.8860851991306581,1,32,35,0.5
Branin-Unfav,MFGP,47,61,0,1707,0.5,0.0011709149625036498,0.8860851991306581,2,32,36,0.0
Branin-Unfav,MFGP,48,1,0,1403,0.5,20.179438838093176,0.5,1,2,6,45.0
Branin-Unfav,MFGP,48,2,1,1410,1.0,15.053448281007151,0.5,0,3,6,44.0
Branin-Unfav,MFGP,48,3,0,1707,0.5,8.455491113605746,0.5,1,3,7,43.5
Branin-Unfav,MFGP,48,4,1,1758,1.0,6.998038475304494,0.5,0,4,7,42.5
Branin-Unfav,MFGP,48,5,0,2454,0.5,2.370575958751313,0.5,1,4,8,42.0
Branin-Unfav,MFGP,48,6,1,2107,1.0,2.702717892755105,0.5,0,5,8,41.0
Branin-Unfav,MFGP,48,7,0,1908,0.5,2.1214719722840143,0.5,1,5,9,40.5
Branin-Unfav,MFGP,48,8,1,2450,1.0,1.4106417780227685,0.5,0,6,9,39.5
Branin-Unfav,MFGP,48,9,1,1907,1.0,1.0290054520542629,0.5,0,7,9,38.5
Branin-Unfav,MFGP,48,10,0,26,0.5,0.5376884127746058,0.5,1,7,10,38.0
Branin-Unfav,MFGP,48,11,0,22,0.5,1.782875063990361,0.5,2,7,11,37.5
Branin-Unfav,MFGP,48,12,0,31,0.5,2.907616053149983,0.5,3,7,12,37.0
Branin-Unfav,MFGP,48,13,1,28,1.0,2.2094192213820416,0.5,0,8,12,36.0
Branin-Unfav,MFGP,48,14,0,376,0.5,0.6476959898780095,0.5,1,8,13,35.5
Branin-Unfav,MFGP,48,15,0,227,0.5,1.259474262834014,0.5,2,8,14,35.0
Branin-Unfav,MFGP,48,16,0,177,0.5,0.5648964574824035,0.5,3,8,15,34.5
Branin-Unfav,MFGP,48,17,0,277,0.5,0.3933045170136891,0.5,4,8,16,34.0
Branin-Unfav,MFGP,48,18,1,1807,1.0,0.2674455805032792,0.5,0,9,16,33.0
Branin-Unfav,MFGP,48,19,0,276,0.5,0.32260181308582553,0.5,1,9,17,32.5
Branin-Unfav,MFGP,48,20,1,49,1.0,0.2016867971890488,0.5,0,10,17,31.5
Branin-Unfav,MFGP,48,21,1,2499,1.0,0.23053332800460424,0.5,0,11,17,30.5
Branin-Unfav,MFGP,48,22,1,377,1.0,0.24985479677253308,0.5,0,12,17,29.5
Branin-Unfav,MFGP,48,23,1,426,1.0,0.2516645303504875,0.5,0,13,17,28.5
Branin-Unfav,MFGP,48,24,1,327,1.0,0.2164882755384187,0.5,0,14,17,27.5
Branin-Unfav,MFGP,48,25,0,326,0.5,0.17259616556296034,0.5,1,14,18,27.0
Branin-Unfav,MFGP,48,26,1,427,1.0,0.15580897057517962,0.5,0,15,18,26.0
Branin-Unfav,MFGP,48,27,0,1906,0.5,0.13760273976941895,0.5,1,15,19,25.5
Branin-Unfav,MFGP,48,28,1,476,1.0,0.11169798980963126,0.5,0,16,19,24.5
Branin-Unfav,MFGP,48,29,1,42,1.0,0.3956327447215726,0.5,0,17,19,23.5
Branin-Unfav,MFGP,48,30,0,1856,0.5,0.09339543590290819,0.5,1,17,20,23.0
Branin-Unfav,MFGP,48,31,1,2006,1.0,0.05884076905074605,0.5,0,18,20,22.0
Branin-Unfav,MFGP,48,32,0,1956,0.5,0.05961521944695735,0.5,1,18,21,21.5
Branin-Unfav,MFGP,48,33,0,0,0.5,0.033502769356579865,0.5,2,18,22,21.0
Branin-Unfav,MFGP,48,34,0,718,0.5,0.21489407979435315,0.5,3,18,23,20.5
Branin-Unfav,MFGP,48,35,1,376,1.0,0.08505708104939008,0.5,0,19,23,19.5
Branin-Unfav,MFGP,48,36,0,1806,0.5,0.07677338158004902,0.5,1,19,24,19.0
Branin-Unfav,MFGP,48,37,0,226,0.5,0.037037073060241,0.5,2,19,25,18.5
Branin-Unfav,MFGP,48,38,1,477,1.0,0.035140497556650094,0.5,0,20,25,17.5
Branin-Unfav,MFGP,48,39,1,1956,1.0,0.031084150470134866,0.5,0,21,25,16.5
Branin-Unfav,MFGP,48,40,1,526,1.0,0.022142330851670763,0.5,0,22,25,15.5
Branin-Unfav,MFGP,48,41,1,2056,1.0,0.02170256842501056,0.5,0,23,25,14.5
Branin-Unfav,MFGP,48,42,0,1757,0.5,0.019624013389968636,0.5,1,23,26,14.0
Branin-Unfav,MFGP,48,43,1,1906,1.0,0.01446547584573997,0.5,0,24,26,13.0
Branin-Unfav,MFGP,48,44,0,46,0.5,0.015289187934580598,0.7847953098772098,1,24,27,12.5
Branin-Unfav,MFGP,48,45,0,1756,0.5,0.015199614540004677,0.7847953098772098,2,24,28,12.0
Branin-Unfav,MFGP,48,46,0,127,0.5,0.010009765370961595,0.7847953098772098,3,24,29,11.5
Branin-Unfav,MFGP,48,47,1,2106,1.0,0.009177097633895015,0.7847953098772098,0,25,29,10.5
Branin-Unfav,MFGP,48,48,1,328,1.0,0.008646818232372566,0.7847953098772098,0,26,29,9.5
Branin-Unfav,MFGP,48,49,0,2005,0.5,0.007809764750788235,0.7847953098772098,1,26,30,9.0
Branin-Unfav,MFGP,48,50,1,2155,1.0,0.006422183575479842,0.7847953098772098,0,27,30,8.0
Branin-Unfav,MFGP,48,51,1,277,1.0,0.005949520911762478,0.7847953098772098,0,28,30,7.0
Branin-Unfav,MFGP,48,52,0,1657,0.5,0.00512044401526358,0.7543599330663355,1,28,31,6.5
Branin-Unfav,MFGP,48,53,1,1957,1.0,0.004313167090312209,0.7543599330663355,0,29,31,5.5
Branin-Unfav,MFGP,48,54,0,2055,0.5,0.0027924844658548755,0.7543599330663355,1,29,32,5.0
Branin-Unfav,MFGP,48,55,1,37,1.0,0.0037497171876422,0.7543599330663355,0,30,32,4.0
Branin-Unfav,MFGP,48,56,1,625,1.0,0.0020137571319608014,0.7543599330663355,0,31,32,3.0
Branin-Unfav,MFGP,48,57,0,128,0.5,0.00204413050293424,0.7543599330663355,1,31,33,2.5
Branin-Unfav,MFGP,48,58,1,2205,1.0,0.0014588076472312299,0.7543599330663355,0,32,33,1.5
Branin-Unfav,MFGP,48,59,0,1857,0.5,0.001454809043433833,0.7543599330663355,1,32,34,1.0
Branin-Unfav,MFGP,48,60,0,325,0.5,0.001118175806863018,0.7543599330663355,2,32,35,0.5
Branin-Unfav,MFGP,48,61,0,176,0.5,0.0005270279753193022,0.7543599330663355,3,32,36,0.0
Branin-Unfav,MFGP,49,1,1,1753,1.0,36.90173313587785,0.5,0,3,5,44.5
Branin-Unfav,MFGP,49,2,1,2450,1.0,15.21692794721628,0.5,0,4,5,43.5
Branin-Unfav,MFGP,49,3,0,32,0.5,10.480855006639777,0.5,1,4,6,43.0
Branin-Unfav,MFGP,49,4,1,34,1.0,8.878078011489022,0.5,0,5,6,42.0
Branin-Unfav,MFGP,49,5,0,2000,0.5,8.475624953454659,0.5,1,5,7,41.5
Branin-Unfav,MFGP,49,6,1,2459,1.0,6.69015181783028,0.5,0,6,7,40.5
Branin-Unfav,MFGP,49,7,0,673,0.5,4.863045809970977,0.5,1,6,8,40.0
Branin-Unfav,MFGP,49,8,0,377,0.5,3.8608007864712395,0.5,2,6,9,39.5
Branin-Unfav,MFGP,49,9,1,328,1.0,3.2047772231602636,0.5,0,7,9,38.5
Branin-Unfav,MFGP,49,10,0,1511,0.5,2.585437539761384,0.5,1,7,10,38.0
Branin-Unfav,MFGP,49,11,0,378,0.5,1.1985155335577269,0.5,2,7,11,37.5
Branin-Unfav,MFGP,49,12,1,327,1.0,0.9608412316419056,0.5,0,8,11,36.5
Branin-Unfav,MFGP,49,13,0,177,0.5,0.6047995271383708,0.5,1,8,12,36.0
Branin-Unfav,MFGP,49,14,1,178,1.0,0.7118432016881396,0.5,0,9,12,35.0
Branin-Unfav,MFGP,49,15,0,1907,0.5,0.446873268125179,0.5,1,9,13,34.5
Branin-Unfav,MFGP,49,16,0,326,0.5,0.4223688303104629,0.5,2,9,14,34.0
Branin-Unfav,MFGP,49,17,1,426,1.0,0.3736851737352059,0.5,0,10,14,33.0
Branin-Unfav,MFGP,49,18,0,276,0.5,0.32004498719706503,0.5,1,10,15,32.5
Branin-Unfav,MFGP,49,19,0,27,0.5,0.27049376066792236,0.5,2,10,16,32.0
Branin-Unfav,MFGP,49,20,1,476,1.0,0.2516129985889582,0.5,0,11,16,31.0
Branin-Unfav,MFGP,49,21,0,1707,0.5,0.24070865203464453,0.5,1,11,17,30.5
Branin-Unfav,MFGP,49,22,0,1856,0.5,0.2379124406687764,0.5,2,11,18,30.0
Branin-Unfav,MFGP,49,23,1,427,1.0,0.18901414415531523,0.5,0,12,18,29.0
Branin-Unfav,MFGP,49,24,1,377,1.0,0.13888185528328045,0.5,0,13,18,28.0
Branin-Unfav,MFGP,49,25,0,1906,0.5,0.10978054419703145,0.5,1,13,19,27.5
Branin-Unfav,MFGP,49,26,0,1806,0.5,0.08706691475205347,0.5,2,13,20,27.0
Branin-Unfav,MFGP,49,27,0,226,0.5,0.067306119079378,0.5,3,13,21,26.5
Branin-Unfav,MFGP,49,28,1,477,1.0,0.05083239700114637,0.5,0,14,21,25.5
Branin-Unfav,MFGP,49,29,0,1807,0.5,0.036718363543528296,0.5,1,14,22,25.0
Branin-Unfav,MFGP,49,30,0,1956,0.5,0.03205799811070737,0.5,2,14,23,24.5
Branin-Unfav,MFGP,49,31,0,227,0.5,0.02396017343380394,0.5,3,14,24,24.0
Branin-Unfav,MFGP,49,32,1,526,1.0,0.02241551248266232,0.5,0,15,24,23.0
Branin-Unfav,MFGP,49,33,0,376,0.5,0.01961857383038358,0.5,1,15,25,22.5
Branin-Unfav,MFGP,49,34,0,1955,0.5,0.016975500567499878,0.5,2,15,26,22.0
Branin-Unfav,MFGP,49,35,0,1756,0.5,0.015745060830899403,0.5,3,15,27,21.5
Branin-Unfav,MFGP,49,36,1,376,1.0,0.013121708290364784,0.5,0,16,27,20.5
Branin-Unfav,MFGP,49,37,0,325,0.5,0.012070042465021948,0.5,1,16,28,20.0
Branin-Unfav,MFGP,49,38,0,0,0.5,0.011129942352809064,0.5,2,16,29,19.5
Branin-Unfav,MFGP,49,39,0,915,0.5,0.05722964378764994,0.5,3,16,30,19.0
Branin-Unfav,MFGP,49,40,1,49,1.0,0.05811243008794009,0.5,0,17,30,18.0
Branin-Unfav,MFGP,49,41,1,44,1.0,0.09287896068928936,0.5,0,18,30,17.0
Branin-Unfav,MFGP,49,42,0,47,0.5,0.03437023460574992,0.5,1,18,31,16.5
Branin-Unfav,MFGP,49,43,0,2451,0.5,0.040214597056921236,0.5,2,18,32,16.0
Branin-Unfav,MFGP,49,44,1,1907,1.0,0.03539219259754173,0.5,0,19,32,15.0
Branin-Unfav,MFGP,49,45,1,2006,1.0,0.054077573569979526,0.1,0,20,32,14.0
Branin-Unfav,MFGP,49,46,1,1857,1.0,0.05435252897771643,0.1,0,21,32,13.0
Branin-Unfav,MFGP,49,47,1,2056,1.0,0.046357385697353454,0.1,0,22,32,12.0
Branin-Unfav,MFGP,49,48,1,1956,1.0,0.03242808877783785,0.1,0,23,32,11.0
Branin-Unfav,MFGP,49,49,1,1957,1.0,0.028800730884717754,0.2503775666664476,0,24,32,10.0
Branin-Unfav,MFGP,49,50,0,277,0.5,0.019601571556593967,0.2503775666664476,1,24,33,9.5
Branin-Unfav,MFGP,49,51,1,2106,1.0,0.01516227137661845,0.2503775666664476,0,25,33,8.5
Branin-Unfav,MFGP,49,52,0,2005,0.5,0.01616799569534358,0.2503775666664476,1,25,34,8.0
Branin-Unfav,MFGP,49,53,1,576,1.0,0.010555521418374542,0.2503775666664476,0,26,34,7.0
Branin-Unfav,MFGP,49,54,0,1508,0.5,0.011401723660647376,0.2503775666664476,1,26,35,6.5
Branin-Unfav,MFGP,49,55,0,128,0.5,0.004644537579839319,0.2503775666664476,2,26,36,6.0
Branin-Unfav,MFGP,49,56,0,1757,0.5,0.004181633219152878,0.2503775666664476,3,26,37,5.5
Branin-Unfav,MFGP,49,57,1,2007,1.0,0.0035554813978293485,0.2503775666664476,0,27,37,4.5
Branin-Unfav,MFGP,49,58,1,1906,1.0,0.002783786389044132,0.2503775666664476,0,28,37,3.5
Branin-Unfav,MFGP,49,59,0,176,0.5,0.002969046548434826,0.3453480353655682,1,28,38,3.0
Branin-Unfav,MFGP,49,60,1,2105,1.0,0.0021211342226532606,0.3453480353655682,0,29,38,2.0
Branin-Unfav,MFGP,49,61,0,2055,0.5,0.0016341018763518375,0.3453480353655682,1,29,39,1.5
Branin-Unfav,MFGP,49,62,1,1807,1.0,0.0010939849791013756,0.3453480353655682,0,30,39,0.5
Branin-Unfav,MFGP,49,63,0,127,0.5,0.0007802252548180516,0.3142485195176561,1,30,40,0.0
Branin-Unfav,MFGP,50,1,0,818,0.5,29.477556068197366,0.5,1,2,6,45.0
Branin-Unfav,MFGP,50,2,1,575,1.0,27.96180120966875,0.5,0,3,6,44.0
Branin-Unfav,MFGP,50,3,0,30,0.5,10.86085888283944,0.5,1,3,7,43.5
Branin-Unfav,MFGP,50,4,1,31,1.0,11.216294076216682,0.5,0,4,7,42.5
Branin-Unfav,MFGP,50,5,1,1219,1.0,7.379258016172573,0.5,0,5,7,41.5
Branin-Unfav,MFGP,50,6,0,277,0.5,5.385875380776428,0.5,1,5,8,41.0
Branin-Unfav,MFGP,50,7,1,327,1.0,3.9086538019957593,0.5,0,6,8,40.0
Branin-Unfav,MFGP,50,8,1,2459,1.0,2.8464801312883807,0.5,0,7,8,39.0
Branin-Unfav,MFGP,50,9,0,49,0.5,2.301285151693273,0.5,1,7,9,38.5
Branin-Unfav,MFGP,50,10,1,1762,1.0,2.1176253002291117,0.5,0,8,9,37.5
Branin-Unfav,MFGP,50,11,1,326,1.0,1.511200614476655,0.5,0,9,9,36.5
Branin-Unfav,MFGP,50,12,0,376,0.5,1.0086834444587514,0.5,1,9,10,36.0
Branin-Unfav,MFGP,50,13,1,425,1.0,0.8882440460951488,0.5,0,10,10,35.0
Branin-Unfav,MFGP,50,14,0,6,0.5,0.7743380949857204,0.5,1,10,11,34.5
Branin-Unfav,MFGP,50,15,1,375,1.0,0.6414221837579118,0.5,0,11,11,33.5
Branin-Unfav,MFGP,50,16,1,2450,1.0,0.566139380180958,0.5,0,12,11,32.5
Branin-Unfav,MFGP,50,17,0,2453,0.5,0.6797141095041361,0.5,1,12,12,32.0
Branin-Unfav,MFGP,50,18,1,377,1.0,0.5397515422714141,0.5,0,13,12,31.0
Branin-Unfav,MFGP,50,19,0,227,0.5,0.431993626504654,0.5,1,13,13,30.5
Branin-Unfav,MFGP,50,20,0,427,0.5,0.3354003805888129,0.5,2,13,14,30.0
Branin-Unfav,MFGP,50,21,1,427,1.0,0.23180698795751287,0.5,0,14,14,29.0
Branin-Unfav,MFGP,50,22,1,426,1.0,0.20835589041870176,0.5,0,15,14,28.0
Branin-Unfav,MFGP,50,23,0,27,0.5,0.17675417247513886,0.5,1,15,15,27.5
Branin-Unfav,MFGP,50,24,0,177,0.5,0.16729417148336861,0.5,2,15,16,27.0
Branin-Unfav,MFGP,50,25,1,277,1.0,0.126981556405116,0.5,0,16,16,26.0
Branin-Unfav,MFGP,50,26,0,276,0.5,0.09838306247949276,0.5,1,16,17,25.5
Branin-Unfav,MFGP,50,27,1,376,1.0,0.08823652149731151,0.5,0,17,17,24.5
Branin-Unfav,MFGP,50,28,0,2055,0.5,0.13125199405247556,0.8101786936949574,1,17,18,24.0
Branin-Unfav,MFGP,50,29,1,2155,1.0,0.6729079936438455,0.8101786936949574,0,18,18,23.0
Branin-Unfav,MFGP,50,30,0,2154,0.5,0.5729621109351618,0.8101786936949574,1,18,19,22.5
Branin-Unfav,MFGP,50,31,0,2106,0.5,0.4089328184991281,0.8101786936949574,2,18,20,22.0
Branin-Unfav,MFGP,50,32,1,1956,1.0,0.33108025522746626,0.8101786936949574,0,19,20,21.0
Branin-Unfav,MFGP,50,33,1,2006,1.0,0.22539864791269765,0.8101786936949574,0,20,20,20.0
Branin-Unfav,MFGP,50,34,0,1757,0.5,0.19668990230496639,0.8101786936949574,1,20,21,19.5
Branin-Unfav,MFGP,50,35,0,1906,0.5,0.3616871996841943,0.8101786936949574,2,20,22,19.0
Branin-Unfav,MFGP,50,36,0,1856,0.5,0.20003499105779773,0.8101786936949574,3,20,23,18.5
Branin-Unfav,MFGP,50,37,0,41,0.5,0.15706651254466114,0.8101786936949574,4,20,24,18.0
Branin-Unfav,MFGP,50,38,1,1906,1.0,0.13706145609725257,0.8101786936949574,0,21,24,17.0
Branin-Unfav,MFGP,50,39,0,1857,0.5,0.14495507174189917,0.8579432257367025,1,21,25,16.5
Branin-Unfav,MFGP,50,40,0,1558,0.5,0.08319502532229789,0.8579432257367025,2,21,26,16.0
Branin-Unfav,MFGP,50,41,0,1806,0.5,0.06821654355744365,0.8579432257367025,3,21,27,15.5
Branin-Unfav,MFGP,50,42,0,1807,0.5,0.06351795734231297,0.8579432257367025,4,21,28,15.0
Branin-Unfav,MFGP,50,43,1,476,1.0,0.045654445071353154,0.8579432257367025,0,22,28,14.0
Branin-Unfav,MFGP,50,44,0,226,0.5,0.05895284200156865,0.8579432257367025,1,22,29,13.5
Branin-Unfav,MFGP,50,45,1,2056,1.0,0.040082473357837295,0.8579432257367025,0,23,29,12.5
Branin-Unfav,MFGP,50,46,1,2105,1.0,0.03289723609797164,0.8579432257367025,0,24,29,11.5
Branin-Unfav,MFGP,50,47,1,1857,1.0,0.029018167813926313,0.8579432257367025,0,25,29,10.5
Branin-Unfav,MFGP,50,48,0,178,0.5,0.022582304247592708,0.7978569925726282,1,25,30,10.0
Branin-Unfav,MFGP,50,49,0,1955,0.5,0.013997633472926745,0.7978569925726282,2,25,31,9.5
Branin-Unfav,MFGP,50,50,1,477,1.0,0.013113268508835582,0.7978569925726282,0,26,31,8.5
Branin-Unfav,MFGP,50,51,0,127,0.5,0.010870829486165884,0.7978569925726282,1,26,32,8.0
Branin-Unfav,MFGP,50,52,0,1707,0.5,0.009862935098548421,0.7978569925726282,2,26,33,7.5
Branin-Unfav,MFGP,50,53,1,2055,1.0,0.009350779059722925,0.7978569925726282,0,27,33,6.5
Branin-Unfav,MFGP,50,54,1,526,1.0,0.006939052214763472,0.35766822143205107,0,28,33,5.5
Branin-Unfav,MFGP,50,55,1,1807,1.0,0.006785514919017761,0.35766822143205107,0,29,33,4.5
Branin-Unfav,MFGP,50,56,1,2106,1.0,0.00532492659100477,0.38054797867542395,0,30,33,3.5
Branin-Unfav,MFGP,50,57,1,1907,1.0,0.005944342208291611,0.4677180281449954,0,31,33,2.5
Branin-Unfav,MFGP,50,58,1,2205,1.0,0.004759747162452414,0.4677180281449954,0,32,33,1.5
Branin-Unfav,MFGP,50,59,1,378,1.0,0.0029134559583042507,0.4677180281449954,0,33,33,0.5
Branin-Unfav,MFGP,50,60,0,1756,0.5,0.002542035438036495,0.4677180281449954,1,33,34,0.0
Branin-Unfav,MFGP,51,1,1,140,1.0,44.002706103057704,0.5,0,3,5,44.5
Branin-Unfav,MFGP,51,2,1,2353,1.0,17.55651645104861,0.5,0,4,5,43.5
Branin-Unfav,MFGP,51,3,1,399,1.0,10.718788055040704,0.5,0,5,5,42.5
Branin-Unfav,MFGP,51,4,0,49,0.5,10.381098035629167,0.5,1,5,6,42.0
Branin-Unfav,MFGP,51,5,0,649,0.5,7.404176946000099,0.5,2,5,7,41.5
Branin-Unfav,MFGP,51,6,0,249,0.5,13.394822872532766,0.5,3,5,8,41.0
Branin-Unfav,MFGP,51,7,1,46,1.0,27.607169291445885,0.5,0,6,8,40.0
Branin-Unfav,MFGP,51,8,1,2460,1.0,8.335704193790304,0.5,0,7,8,39.0
Branin-Unfav,MFGP,51,9,0,438,0.5,9.457299708866728,0.5,1,7,9,38.5
Branin-Unfav,MFGP,51,10,0,2450,0.5,37.308775166585406,0.5,2,7,10,38.0
Branin-Unfav,MFGP,51,11,0,2000,0.5,10.137696831795596,0.5,3,7,11,37.5
Branin-Unfav,MFGP,51,12,0,22,0.5,9.149844408425999,0.5,4,7,12,37.0
Branin-Unfav,MFGP,51,13,1,2150,1.0,5.885399812396308,0.5,0,8,12,36.0
Branin-Unfav,MFGP,51,14,1,674,1.0,6.734513410100613,0.5,0,9,12,35.0
Branin-Unfav,MFGP,51,15,1,49,1.0,4.533503341600463,0.5,0,10,12,34.0
Branin-Unfav,MFGP,51,16,0,620,0.5,3.1777796015535498,0.5,1,10,13,33.5
Branin-Unfav,MFGP,51,17,0,2451,0.5,3.1033786032630104,0.5,2,10,14,33.0
Branin-Unfav,MFGP,51,18,0,12,0.5,2.227638820993655,0.5,3,10,15,32.5
Branin-Unfav,MFGP,51,19,0,2204,0.5,3.5565667921900497,0.5,4,10,16,32.0
Branin-Unfav,MFGP,51,20,1,628,1.0,2.2057539216453397,0.5,0,11,16,31.0
Branin-Unfav,MFGP,51,21,1,346,1.0,1.8233193847540368,0.5,0,12,16,30.0
Branin-Unfav,MFGP,51,22,0,1758,0.5,1.9270327097545694,0.5,1,12,17,29.5
Branin-Unfav,MFGP,51,23,0,1956,0.5,1.7507780440598184,0.5,2,12,18,29.0
Branin-Unfav,MFGP,51,24,1,395,1.0,0.8001430705259007,0.5,0,13,18,28.0
Branin-Unfav,MFGP,51,25,1,875,1.0,0.790147066531608,0.5,0,14,18,27.0
Branin-Unfav,MFGP,51,26,0,29,0.5,0.6560171167379385,0.5,1,14,19,26.5
Branin-Unfav,MFGP,51,27,0,1906,0.5,0.5341084378811427,0.5,2,14,20,26.0
Branin-Unfav,MFGP,51,28,1,347,1.0,0.4414314702295266,0.5,0,15,20,25.0
Branin-Unfav,MFGP,51,29,0,1414,0.5,0.4521261449859848,0.5,1,15,21,24.5
Branin-Unfav,MFGP,51,30,0,1856,0.5,0.3609164004353337,0.5,2,15,22,24.0
Branin-Unfav,MFGP,51,31,1,2499,1.0,0.28775023807975764,0.5,0,16,22,23.0
Branin-Unfav,MFGP,51,32,0,2005,0.5,0.30642712460382154,0.5,1,16,23,22.5
Branin-Unfav,MFGP,51,33,1,397,1.0,0.27746645137804027,0.5,0,17,23,21.5
Branin-Unfav,MFGP,51,34,1,431,1.0,0.21717349818667442,0.5,0,18,23,20.5
Branin-Unfav,MFGP,51,35,0,276,0.5,0.2520364701714244,0.5,1,18,24,20.0
Branin-Unfav,MFGP,51,36,0,227,0.5,0.2760863105978695,0.5,2,18,25,19.5
Branin-Unfav,MFGP,51,37,1,2453,1.0,0.2252266179395644,0.5,0,19,25,18.5
Branin-Unfav,MFGP,51,38,0,326,0.5,0.20437582776203378,0.5,1,19,26,18.0
Branin-Unfav,MFGP,51,39,0,177,0.5,0.17954847302885507,0.5,2,19,27,17.5
Branin-Unfav,MFGP,51,40,1,497,1.0,0.1762319654130314,0.5,0,20,27,16.5
Branin-Unfav,MFGP,51,41,1,447,1.0,0.18098691970282113,0.5,0,21,27,15.5
Branin-Unfav,MFGP,51,42,0,277,0.5,0.15432889556965504,0.5,1,21,28,15.0
Branin-Unfav,MFGP,51,43,1,326,1.0,0.09423022699014855,0.5,0,22,28,14.0
Branin-Unfav,MFGP,51,44,1,426,1.0,0.14153563861078222,0.5,0,23,28,13.0
Branin-Unfav,MFGP,51,45,1,1907,1.0,0.14514406322886247,0.5,0,24,28,12.0
Branin-Unfav,MFGP,51,46,1,2056,1.0,0.22516157331614023,0.5,0,25,28,11.0
Branin-Unfav,MFGP,51,47,1,2006,1.0,0.12087221806020021,0.5,0,26,28,10.0
Branin-Unfav,MFGP,51,48,1,1956,1.0,0.08246598258128643,0.5,0,27,28,9.0
Branin-Unfav,MFGP,51,49,0,1806,0.5,0.11137931968845213,0.9995213893211216,1,27,29,8.5
Branin-Unfav,MFGP,51,50,1,377,1.0,0.08038998138314866,0.9995213893211216,0,28,29,7.5
Branin-Unfav,MFGP,51,51,0,376,0.5,0.06210609320295754,0.9995213893211216,1,28,30,7.0
Branin-Unfav,MFGP,51,52,1,427,1.0,0.04677628123016138,0.9995213893211216,0,29,30,6.0
Branin-Unfav,MFGP,51,53,0,226,0.5,0.045616597905959365,0.9995213893211216,1,29,31,5.5
Branin-Unfav,MFGP,51,54,0,1170,0.5,5.42201525193548,0.9995213893211216,2,29,32,5.0
Branin-Unfav,MFGP,51,55,1,476,1.0,0.03791667849414617,0.9995213893211216,0,30,32,4.0
Branin-Unfav,MFGP,51,56,1,2106,1.0,0.03440557479875618,0.9995213893211216,0,31,32,3.0
Branin-Unfav,MFGP,51,57,0,327,0.5,0.02660499963115112,0.9995213893211216,1,31,33,2.5
Branin-Unfav,MFGP,51,58,1,327,1.0,0.025452088418169344,0.9995213893211216,0,32,33,1.5
Branin-Unfav,MFGP,51,59,0,127,0.5,0.02432349615384121,0.9994158896651617,1,32,34,1.0
Branin-Unfav,MFGP,51,60,1,2155,1.0,0.02218945914797446,0.9994158896651617,0,33,34,0.0
Branin-Unfav,MFGP,52,1,1,1720,1.0,18.256958664439416,0.5,0,3,5,44.5
Branin-Unfav,MFGP,52,2,0,1907,0.5,10.167505934164472,0.5,1,3,6,44.0
Branin-Unfav,MFGP,52,3,1,1905,1.0,15.892141271366194,0.5,0,4,6,43.0
Branin-Unfav,MFGP,52,4,0,1900,0.5,7.633044594375755,0.5,1,4,7,42.5
Branin-Unfav,MFGP,52,5,1,1757,1.0,3.881116582216166,0.5,0,5,7,41.5
Branin-Unfav,MFGP,52,6,0,1807,0.5,2.880470334566761,0.5,1,5,8,41.0
Branin-Unfav,MFGP,52,7,0,26,0.5,2.339222229525973,0.5,2,5,9,40.5
Branin-Unfav,MFGP,52,8,0,18,0.5,3.1335271356766645,0.5,3,5,10,40.0
Branin-Unfav,MFGP,52,9,0,31,0.5,4.579702321847502,0.5,4,5,11,39.5
Branin-Unfav,MFGP,52,10,1,277,1.0,2.0317845581187948,0.5,0,6,11,38.5
Branin-Unfav,MFGP,52,11,0,327,0.5,4.75865567137236,0.5,1,6,12,38.0
Branin-Unfav,MFGP,52,12,0,177,0.5,2.0507554997522623,0.5,2,6,13,37.5
Branin-Unfav,MFGP,52,13,1,772,1.0,2.0550574249601343,0.5,0,7,13,36.5
Branin-Unfav,MFGP,52,14,0,325,0.5,1.214141557073728,0.5,1,7,14,36.0
Branin-Unfav,MFGP,52,15,0,1364,0.5,0.8821176164361759,0.5,2,7,15,35.5
Branin-Unfav,MFGP,52,16,1,226,1.0,0.7959681432968322,0.5,0,8,15,34.5
Branin-Unfav,MFGP,52,17,1,1857,1.0,0.5951723466746333,0.5,0,9,15,33.5
Branin-Unfav,MFGP,52,18,1,2450,1.0,0.5333602828182473,0.5,0,10,15,32.5
Branin-Unfav,MFGP,52,19,0,227,0.5,0.44745015997810045,0.5,1,10,16,32.0
Branin-Unfav,MFGP,52,20,1,1808,1.0,0.3140095302474045,0.5,0,11,16,31.0
Branin-Unfav,MFGP,52,21,1,476,1.0,0.25506297750031487,0.5,0,12,16,30.0
Branin-Unfav,MFGP,52,22,0,426,0.5,0.34210932005037165,0.5,1,12,17,29.5
Branin-Unfav,MFGP,52,23,1,377,1.0,0.2244782545541087,0.5,0,13,17,28.5
Branin-Unfav,MFGP,52,24,1,49,1.0,0.21094383441243014,0.5,0,14,17,27.5
Branin-Unfav,MFGP,52,25,1,2499,1.0,0.15296409717880177,0.5,0,15,17,26.5
Branin-Unfav,MFGP,52,26,1,327,1.0,0.1471227549274472,0.5,0,16,17,25.5
Branin-Unfav,MFGP,52,27,0,326,0.5,0.12084731690329867,0.5,1,16,18,25.0
Branin-Unfav,MFGP,52,28,0,1856,0.5,0.10462697998543519,0.5,2,16,19,24.5
Branin-Unfav,MFGP,52,29,1,426,1.0,0.0778100643322076,0.5,0,17,19,23.5
Branin-Unfav,MFGP,52,30,1,427,1.0,0.06842700632451937,0.5,0,18,19,22.5
Branin-Unfav,MFGP,52,31,1,2205,1.0,0.060691286683134005,0.5,0,19,19,21.5
Branin-Unfav,MFGP,52,32,1,2056,1.0,0.19172981472815342,0.5,0,20,19,20.5
Branin-Unfav,MFGP,52,33,0,2055,0.5,0.20234609949566162,0.5,1,20,20,20.0
Branin-Unfav,MFGP,52,34,1,2006,1.0,0.10909624278310072,0.5,0,21,20,19.0
Branin-Unfav,MFGP,52,35,1,2455,1.0,0.06569244309281003,0.5,0,22,20,18.0
Branin-Unfav,MFGP,52,36,0,276,0.5,0.05944403658248094,0.5,1,22,21,17.5
Branin-Unfav,MFGP,52,37,1,2106,1.0,0.0477256532023269,0.5,0,23,21,16.5
Branin-Unfav,MFGP,52,38,0,1906,0.5,0.04584945887044383,0.5,1,23,22,16.0
Branin-Unfav,MFGP,52,39,1,626,1.0,0.029284005515625308,0.5,0,24,22,15.0
Branin-Unfav,MFGP,52,40,0,1707,0.5,0.027433273725675528,0.5,1,24,23,14.5
Branin-Unfav,MFGP,52,41,1,1956,1.0,0.019328564469852448,0.5,0,25,23,13.5
Branin-Unfav,MFGP,52,42,0,1806,0.5,0.011736583789269284,0.5,1,25,24,13.0
Branin-Unfav,MFGP,52,43,1,376,1.0,0.010037150566358247,0.5,0,26,24,12.0
Branin-Unfav,MFGP,52,44,0,28,0.5,0.007757570438958056,0.5,1,26,25,11.5
Branin-Unfav,MFGP,52,45,1,2105,1.0,0.006558389992034935,0.5,0,27,25,10.5
Branin-Unfav,MFGP,52,46,1,278,1.0,0.00499771299401151,0.5,0,28,25,9.5
Branin-Unfav,MFGP,52,47,1,2156,1.0,0.004644702941619304,0.5,0,29,25,8.5
Branin-Unfav,MFGP,52,48,1,477,1.0,0.0032269593632813544,0.5,0,30,25,7.5
Branin-Unfav,MFGP,52,49,0,1608,0.5,0.0021999558536449568,0.5,1,30,26,7.0
Branin-Unfav,MFGP,52,50,0,127,0.5,0.00173638425709482,0.5,2,30,27,6.5
Branin-Unfav,MFGP,52,51,1,45,1.0,0.0016858307659329587,0.5,0,31,27,5.5
Branin-Unfav,MFGP,52,52,1,1907,1.0,0.0015831151232386393,0.5,0,32,27,4.5
Branin-Unfav,MFGP,52,53,0,176,0.5,0.0006882136986351939,0.6242147322765582,1,32,28,4.0
Branin-Unfav,MFGP,52,54,1,1957,1.0,0.000608393775024473,0.6242147322765582,0,33,28,3.0
Branin-Unfav,MFGP,52,55,1,2155,1.0,0.0005077596995324831,0.6242147322765582,0,34,28,2.0
Branin-Unfav,MFGP,52,56,0,1756,0.5,0.0003021526581710911,0.6242147322765582,1,34,29,1.5
Branin-Unfav,MFGP,52,57,1,526,1.0,0.000207790144022468,0.6242147322765582,0,35,29,0.5
Branin-Unfav,MFGP,52,58,0,47,0.5,0.0002916501474107601,0.6242147322765582,1,35,30,0.0
Branin-Unfav,MFGP,53,1,1,1278,1.0,55.76007711585652,0.5,0,3,5,44.5
Branin-Unfav,MFGP,53,2,1,535,1.0,31.729963429359895,0.5,0,4,5,43.5
Branin-Unfav,MFGP,53,3,1,999,1.0,20.243870207890115,0.5,0,5,5,42.5
Branin-Unfav,MFGP,53,4,0,49,0.5,17.838576002770466,0.5,1,5,6,42.0
Branin-Unfav,MFGP,53,5,0,649,0.5,16.516326655667804,0.5,2,5,7,41.5
Branin-Unfav,MFGP,53,6,0,30,0.5,18.16984454963965,0.5,3,5,8,41.0
Branin-Unfav,MFGP,53,7,1,38,1.0,15.947451479811978,0.5,0,6,8,40.0
Branin-Unfav,MFGP,53,8,1,1143,1.0,14.318332470998053,0.5,0,7,8,39.0
Branin-Unfav,MFGP,53,9,1,49,1.0,22.351903351329778,0.5,0,8,8,38.0
Branin-Unfav,MFGP,53,10,0,0,0.5,14.599186541060915,0.5,1,8,9,37.5
Branin-Unfav,MFGP,53,11,1,2200,1.0,30.845156360419615,0.5,0,9,9,36.5
Branin-Unfav,MFGP,53,12,0,2450,0.5,14.999314100177607,0.5,1,9,10,36.0
Branin-Unfav,MFGP,53,13,0,1711,0.5,14.300150179414947,0.5,2,9,11,35.5
Branin-Unfav,MFGP,53,14,1,499,1.0,6.090775021856434,0.5,0,10,11,34.5
Branin-Unfav,MFGP,53,15,0,1068,0.5,4.62020321248987,0.5,1,10,12,34.0
Branin-Unfav,MFGP,53,16,0,327,0.5,3.0126268991736334,0.5,2,10,13,33.5
Branin-Unfav,MFGP,53,17,0,2003,0.5,1.506074725559545,0.5,3,10,14,33.0
Branin-Unfav,MFGP,53,18,0,2457,0.5,1.2732415725362167,0.5,4,10,15,32.5
Branin-Unfav,MFGP,53,19,1,549,1.0,1.072563654910051,0.5,0,11,15,31.5
Branin-Unfav,MFGP,53,20,0,36,0.5,0.9360346527960277,0.5,1,11,16,31.0
Branin-Unfav,MFGP,53,21,0,326,0.5,1.2419236615408238,0.5,2,11,17,30.5
Branin-Unfav,MFGP,53,22,1,1659,1.0,0.8710401825814129,0.5,0,12,17,29.5
Branin-Unfav,MFGP,53,23,1,1503,1.0,1.119756277404367,0.5,0,13,17,28.5
Branin-Unfav,MFGP,53,24,1,2161,1.0,4.807017271928449,0.5,0,14,17,27.5
Branin-Unfav,MFGP,53,25,1,573,1.0,1.424554817629865,0.5,0,15,17,26.5
Branin-Unfav,MFGP,53,26,1,1314,1.0,1.0412290697480322,0.5,0,16,17,25.5
Branin-Unfav,MFGP,53,27,0,276,0.5,1.0513533906641332,0.5,1,16,18,25.0
Branin-Unfav,MFGP,53,28,1,26,1.0,1.1043555452056315,0.5,0,17,18,24.0
Branin-Unfav,MFGP,53,29,0,226,0.5,0.7708111906242369,0.5,1,17,19,23.5
Branin-Unfav,MFGP,53,30,0,1856,0.5,0.8207629159055281,0.5,2,17,20,23.0
Branin-Unfav,MFGP,53,31,1,377,1.0,0.7354482193705382,0.5,0,18,20,22.0
Branin-Unfav,MFGP,53,32,0,1707,0.5,0.7196004574832973,0.5,1,18,21,21.5
Branin-Unfav,MFGP,53,33,0,1906,0.5,0.46966000837573363,0.5,2,18,22,21.0
Branin-Unfav,MFGP,53,34,0,376,0.5,0.38883681880697385,0.5,3,18,23,20.5
Branin-Unfav,MFGP,53,35,0,1807,0.5,0.30613335845116174,0.5,4,18,24,20.0
Branin-Unfav,MFGP,53,36,1,446,1.0,0.275653924542807,0.5,0,19,24,19.0
Branin-Unfav,MFGP,53,37,1,497,1.0,0.3265853959907239,0.5,0,20,24,18.0
Branin-Unfav,MFGP,53,38,1,427,1.0,0.24865634161571398,0.5,0,21,24,17.0
Branin-Unfav,MFGP,53,39,1,426,1.0,0.18477753752288387,0.5,0,22,24,16.0
Branin-Unfav,MFGP,53,40,1,447,1.0,0.16956766241098292,0.5,0,23,24,15.0
Branin-Unfav,MFGP,53,41,1,2454,1.0,0.15797667531397264,0.5,0,24,24,14.0
Branin-Unfav,MFGP,53,42,1,2056,1.0,0.17940135948639402,0.5,0,25,24,13.0
Branin-Unfav,MFGP,53,43,0,2055,0.5,0.18337866815130896,0.5,1,25,25,12.5
Branin-Unfav,MFGP,53,44,0,227,0.5,0.1439676070055768,0.5,2,25,26,12.0
Branin-Unfav,MFGP,53,45,1,2106,1.0,0.13219098001318602,0.5,0,26,26,11.0
Branin-Unfav,MFGP,53,46,1,547,1.0,0.10965186064973348,0.5,0,27,26,10.0
Branin-Unfav,MFGP,53,47,0,177,0.5,0.09959820263873029,0.5,1,27,27,9.5
Branin-Unfav,MFGP,53,48,1,376,1.0,0.08468196788806397,0.5,0,28,27,8.5
Branin-Unfav,MFGP,53,49,1,397,1.0,0.07857188745703102,0.5,0,29,27,7.5
Branin-Unfav,MFGP,53,50,0,277,0.5,0.07329637261226635,0.5,1,29,28,7.0
Branin-Unfav,MFGP,53,51,1,327,1.0,0.06819280178316275,0.5,0,30,28,6.0
Branin-Unfav,MFGP,53,52,0,1806,0.5,0.11724837430374346,0.9999894623707327,1,30,29,5.5
Branin-Unfav,MFGP,53,53,0,1956,0.5,0.10551984899245756,0.9999894623707327,2,30,30,5.0
Branin-Unfav,MFGP,53,54,0,127,0.5,0.09795228033051005,0.9999894623707327,3,30,31,4.5
Branin-Unfav,MFGP,53,55,0,1409,0.5,0.08806903378794116,0.9999894623707327,4,30,32,4.0
Branin-Unfav,MFGP,53,56,1,2006,1.0,0.0655711611795111,0.9999894623707327,0,31,32,3.0
Branin-Unfav,MFGP,53,57,0,1757,0.5,0.046786411696178386,0.9999894623707327,1,31,33,2.5
Branin-Unfav,MFGP,53,58,1,476,1.0,0.04590706120241693,0.9999894623707327,0,32,33,1.5
Branin-Unfav,MFGP,53,59,1,1907,1.0,0.04167266698540216,0.9999894623707327,0,33,33,0.5
Branin-Unfav,MFGP,53,60,0,27,0.5,0.024120579629504292,0.9999894623707327,1,33,34,0.0
Branin-Unfav,MFGP,54,1,1,431,1.0,56.52516663490211,0.5,0,3,5,44.5
Branin-Unfav,MFGP,54,2,1,2200,1.0,23.639707922116024,0.5,0,4,5,43.5
Branin-Unfav,MFGP,54,3,1,49,1.0,20.275652828309696,0.5,0,5,5,42.5
Branin-Unfav,MFGP,54,4,0,0,0.5,19.7320914608485,0.5,1,5,6,42.0
Branin-Unfav,MFGP,54,5,1,1366,1.0,26.745909222132354,0.5,0,6,6,41.0
Branin-Unfav,MFGP,54,6,0,392,0.5,31.361668943801014,0.5,1,6,7,40.5
Branin-Unfav,MFGP,54,7,1,31,1.0,19.278579591741337,0.5,0,7,7,39.5
Branin-Unfav,MFGP,54,8,0,1600,0.5,16.374435045622317,0.5,1,7,8,39.0
Branin-Unfav,MFGP,54,9,1,1859,1.0,17.746796458422345,0.5,0,8,8,38.0
Branin-Unfav,MFGP,54,10,1,275,1.0,9.200278416603064,0.5,0,9,8,37.0
Branin-Unfav,MFGP,54,11,1,2459,1.0,6.113920258108726,0.5,0,10,8,36.0
Branin-Unfav,MFGP,54,12,1,726,1.0,4.632178742817806,0.5,0,11,8,35.0
Branin-Unfav,MFGP,54,13,1,426,1.0,3.6075836785254367,0.5,0,12,8,34.0
Branin-Unfav,MFGP,54,14,1,1608,1.0,1.9895483991012393,0.5,0,13,8,33.0
Branin-Unfav,MFGP,54,15,0,25,0.5,1.6016196089083123,0.5,1,13,9,32.5
Branin-Unfav,MFGP,54,16,0,376,0.5,1.335827788884755,0.5,2,13,10,32.0
Branin-Unfav,MFGP,54,17,1,42,1.0,1.0348929312252073,0.5,0,14,10,31.0
Branin-Unfav,MFGP,54,18,0,326,0.5,0.8634248649047787,0.5,1,14,11,30.5
Branin-Unfav,MFGP,54,19,0,2006,0.5,0.8522529618779096,0.5,2,14,12,30.0
Branin-Unfav,MFGP,54,20,1,1806,1.0,0.829416254976318,0.5,0,15,12,29.0
Branin-Unfav,MFGP,54,21,0,1957,0.5,0.6264548459203518,0.5,1,15,13,28.5
Branin-Unfav,MFGP,54,22,0,276,0.5,0.42736970359963866,0.5,2,15,14,28.0
Branin-Unfav,MFGP,54,23,1,476,1.0,0.37124568839678773,0.5,0,16,14,27.0
Branin-Unfav,MFGP,54,24,0,1856,0.5,0.27479831617932593,0.5,1,16,15,26.5
Branin-Unfav,MFGP,54,25,0,1906,0.5,0.22908295743793766,0.5,2,16,16,26.0
Branin-Unfav,MFGP,54,26,1,377,1.0,0.20955793678368975,0.5,0,17,16,25.0
Branin-Unfav,MFGP,54,27,1,427,1.0,0.17246752373512272,0.5,0,18,16,24.0
Branin-Unfav,MFGP,54,28,0,226,0.5,0.1490464917104996,0.5,1,18,17,23.5
Branin-Unfav,MFGP,54,29,0,1756,0.5,0.11411242949056596,0.5,2,18,18,23.0
Branin-Unfav,MFGP,54,30,1,327,1.0,0.094709099934532,0.5,0,19,18,22.0
Branin-Unfav,MFGP,54,31,1,376,1.0,0.0934524414434254,0.5,0,20,18,21.0
Branin-Unfav,MFGP,54,32,0,1955,0.5,0.0906596969875027,0.5,1,20,19,20.5
Branin-Unfav,MFGP,54,33,0,2453,0.5,0.07719187891551682,0.5,2,20,20,20.0
Branin-Unfav,MFGP,54,34,0,177,0.5,0.07173348254035163,0.5,3,20,21,19.5
Branin-Unfav,MFGP,54,35,0,277,0.5,0.06638992880577481,0.5,4,20,22,19.0
Branin-Unfav,MFGP,54,36,1,477,1.0,0.06388560102084839,0.5,0,21,22,18.0
Branin-Unfav,MFGP,54,37,0,1807,0.5,0.06044995924289906,0.5,1,21,23,17.5
Branin-Unfav,MFGP,54,38,1,448,1.0,0.0424595538224426,0.5,0,22,23,16.5
Branin-Unfav,MFGP,54,39,1,396,1.0,0.8720583081512767,0.5,0,23,23,15.5
Branin-Unfav,MFGP,54,40,1,347,1.0,0.26240954661572813,0.5,0,24,23,14.5
Branin-Unfav,MFGP,54,41,1,397,1.0,0.13802186568495278,0.5,0,25,23,13.5
Branin-Unfav,MFGP,54,42,1,399,1.0,0.13235295575142902,0.5,0,26,23,12.5
Branin-Unfav,MFGP,54,43,1,447,1.0,0.13705676801364275,0.5,0,27,23,11.5
Branin-Unfav,MFGP,54,44,1,497,1.0,0.08583410935665434,0.5,0,28,23,10.5
Branin-Unfav,MFGP,54,45,1,446,1.0,0.08118728495360954,0.5,0,29,23,9.5
Branin-Unfav,MFGP,54,46,1,277,1.0,0.03316778202012695,0.5,0,30,23,8.5
Branin-Unfav,MFGP,54,47,0,1956,0.5,0.03060392410638528,0.5,1,30,24,8.0
Branin-Unfav,MFGP,54,48,0,1905,0.5,0.022553644039500664,0.5,2,30,25,7.5
Branin-Unfav,MFGP,54,49,1,547,1.0,0.020657953446766783,0.5,0,31,25,6.5
Branin-Unfav,MFGP,54,50,1,496,1.0,0.020759558238016403,0.5,0,32,25,5.5
Branin-Unfav,MFGP,54,51,0,127,0.5,0.018821424855721913,0.5,1,32,26,5.0
Branin-Unfav,MFGP,54,52,1,525,1.0,0.019692403372883055,0.5,0,33,26,4.0
Branin-Unfav,MFGP,54,53,1,498,1.0,0.015530602647245005,0.5,0,34,26,3.0
Branin-Unfav,MFGP,54,54,0,1857,0.5,0.014185070584071459,0.5,1,34,27,2.5
Branin-Unfav,MFGP,54,55,0,2005,0.5,0.01271708207756237,0.5,2,34,28,2.0
Branin-Unfav,MFGP,54,56,0,176,0.5,0.010397355303387493,0.5,3,34,29,1.5
Branin-Unfav,MFGP,54,57,0,1757,0.5,0.008430119923096668,0.5,4,34,30,1.0
Branin-Unfav,MFGP,54,58,1,548,1.0,0.005908608457532716,0.5,0,35,30,0.0
Branin-Unfav,MFGP,55,1,1,376,1.0,49.51009868105686,0.5,0,3,5,44.5
Branin-Unfav,MFGP,55,2,1,823,1.0,19.976070166293727,0.5,0,4,5,43.5
Branin-Unfav,MFGP,55,3,1,486,1.0,16.88482354191109,0.5,0,5,5,42.5
Branin-Unfav,MFGP,55,4,0,19,0.5,15.363978209003195,0.5,1,5,6,42.0
Branin-Unfav,MFGP,55,5,1,49,1.0,9.716562121978113,0.5,0,6,6,41.0
Branin-Unfav,MFGP,55,6,1,2450,1.0,7.718114998049991,0.5,0,7,6,40.0
Branin-Unfav,MFGP,55,7,0,0,0.5,5.243763726494674,0.5,1,7,7,39.5
Branin-Unfav,MFGP,55,8,1,1362,1.0,11.477504495334719,0.5,0,8,7,38.5
Branin-Unfav,MFGP,55,9,0,32,0.5,8.555330220467486,0.5,1,8,8,38.0
Branin-Unfav,MFGP,55,10,0,199,0.5,7.957598087571265,0.5,2,8,9,37.5
Branin-Unfav,MFGP,55,11,0,1065,0.5,8.34548516726447,0.5,3,8,10,37.0
Branin-Unfav,MFGP,55,12,0,473,0.5,4.583832946129277,0.5,4,8,11,36.5
Branin-Unfav,MFGP,55,13,1,2006,1.0,3.8908579943836954,0.5,0,9,11,35.5
Branin-Unfav,MFGP,55,14,0,326,0.5,3.0976574436680524,0.5,1,9,12,35.0
Branin-Unfav,MFGP,55,15,1,2457,1.0,3.228455568272936,0.5,0,10,12,34.0
Branin-Unfav,MFGP,55,16,1,428,1.0,2.49743079722055,0.5,0,11,12,33.0
Branin-Unfav,MFGP,55,17,1,1908,1.0,1.523711392402608,0.5,0,12,12,32.0
Branin-Unfav,MFGP,55,18,1,2004,1.0,1.1831847947988505,0.5,0,13,12,31.0
Branin-Unfav,MFGP,55,19,1,527,1.0,1.0980867402662666,0.5,0,14,12,30.0
Branin-Unfav,MFGP,55,20,0,2105,0.5,0.932784535963306,0.5,1,14,13,29.5
Branin-Unfav,MFGP,55,21,0,1707,0.5,1.8891553743722154,0.5,2,14,14,29.0
Branin-Unfav,MFGP,55,22,0,27,0.5,1.0746012069857946,0.5,3,14,15,28.5
Branin-Unfav,MFGP,55,23,0,1906,0.5,0.8835493755127242,0.5,4,14,16,28.0
Branin-Unfav,MFGP,55,24,1,144,1.0,0.7161517812799019,0.5,0,15,16,27.0
Branin-Unfav,MFGP,55,25,1,178,1.0,0.7016472322485688,0.5,0,16,16,26.0
Branin-Unfav,MFGP,55,26,0,1856,0.5,0.5009506273241804,0.5,1,16,17,25.5
Branin-Unfav,MFGP,55,27,0,276,0.5,0.44407387654412434,0.5,2,16,18,25.0
Branin-Unfav,MFGP,55,28,1,526,1.0,0.3096396105931534,0.5,0,17,18,24.0
Branin-Unfav,MFGP,55,29,0,1956,0.5,0.27616165581328983,0.5,1,17,19,23.5
Branin-Unfav,MFGP,55,30,1,396,1.0,0.25089885940045364,0.5,0,18,19,22.5
Branin-Unfav,MFGP,55,31,1,297,1.0,0.2423065048877267,0.5,0,19,19,21.5
Branin-Unfav,MFGP,55,32,0,227,0.5,0.22018763103781552,0.5,1,19,20,21.0
Branin-Unfav,MFGP,55,33,0,226,0.5,0.16266433963821897,0.5,2,19,21,20.5
Branin-Unfav,MFGP,55,34,1,1757,1.0,0.13822487736411104,0.5,0,20,21,19.5
Branin-Unfav,MFGP,55,35,1,447,1.0,0.11167992580974218,0.5,0,21,21,18.5
Branin-Unfav,MFGP,55,36,1,397,1.0,0.14689969582574564,0.5,0,22,21,17.5
Branin-Unfav,MFGP,55,37,0,1806,0.5,0.09301581948900318,0.5,1,22,22,17.0
Branin-Unfav,MFGP,55,38,1,2056,1.0,0.08043522025477617,0.5,0,23,22,16.0
Branin-Unfav,MFGP,55,39,1,498,1.0,0.06719161548337174,0.5,0,24,22,15.0
Branin-Unfav,MFGP,55,40,1,497,1.0,0.06921240609022887,0.5,0,25,22,14.0
Branin-Unfav,MFGP,55,41,0,277,0.5,0.06022142288348044,0.5,1,25,23,13.5
Branin-Unfav,MFGP,55,42,1,377,1.0,0.05881014796081121,0.5,0,26,23,12.5
Branin-Unfav,MFGP,55,43,0,1458,0.5,0.06075189211816312,0.5,1,26,24,12.0
Branin-Unfav,MFGP,55,44,1,1956,1.0,0.05160857066184712,0.5,0,27,24,11.0
Branin-Unfav,MFGP,55,45,1,427,1.0,0.04573168449211906,0.5,0,28,24,10.0
Branin-Unfav,MFGP,55,46,0,1857,0.5,0.042248426483130166,0.5,1,28,25,9.5
Branin-Unfav,MFGP,55,47,0,177,0.5,0.038486118480221494,0.5,2,28,26,9.0
Branin-Unfav,MFGP,55,48,1,448,1.0,0.03375901728022407,0.5,0,29,26,8.0
Branin-Unfav,MFGP,55,49,1,476,1.0,0.0288568914577796,0.5,0,30,26,7.0
Branin-Unfav,MFGP,55,50,1,2106,1.0,0.026511781362939926,0.5,0,31,26,6.0
Branin-Unfav,MFGP,55,51,1,446,1.0,0.018833854048981497,0.5,0,32,26,5.0
Branin-Unfav,MFGP,55,52,1,347,1.0,0.01721364616159609,0.5,0,33,26,4.0
Branin-Unfav,MFGP,55,53,0,1756,0.5,0.015220912117512482,0.5,1,33,27,3.5
Branin-Unfav,MFGP,55,54,1,327,1.0,0.013938179030221494,0.5,0,34,27,2.5
Branin-Unfav,MFGP,55,55,1,426,1.0,0.014025267208315845,0.5,0,35,27,1.5
Branin-Unfav,MFGP,55,56,1,1906,1.0,0.010719692799786781,0.5,0,36,27,0.5
Branin-Unfav,MFGP,55,57,0,1807,0.5,0.009558314066726976,0.5,1,36,28,0.0
Branin-Unfav,MFGP,56,1,1,1314,1.0,66.72080764648591,0.5,0,3,5,44.5
Branin-Unfav,MFGP,56,2,0,25,0.5,31.969853545384655,0.5,1,3,6,44.0
Branin-Unfav,MFGP,56,3,1,325,1.0,25.008362211649676,0.5,0,4,6,43.0
Branin-Unfav,MFGP,56,4,0,673,0.5,11.051142730475366,0.5,1,4,7,42.5
Branin-Unfav,MFGP,56,5,1,2450,1.0,6.68170471193088,0.5,0,5,7,41.5
Branin-Unfav,MFGP,56,6,0,31,0.5,5.8948738886792444,0.5,1,5,8,41.0
Branin-Unfav,MFGP,56,7,0,0,0.5,4.385947997969112,0.5,2,5,9,40.5
Branin-Unfav,MFGP,56,8,0,2400,0.5,9.120314228868054,0.5,3,5,10,40.0
Branin-Unfav,MFGP,56,9,0,327,0.5,7.549083739308066,0.5,4,5,11,39.5
Branin-Unfav,MFGP,56,10,1,179,1.0,4.330017405635777,0.5,0,6,11,38.5
Branin-Unfav,MFGP,56,11,1,49,1.0,2.68583670118149,0.5,0,7,11,37.5
Branin-Unfav,MFGP,56,12,1,2000,1.0,2.636955107777502,0.5,0,8,11,36.5
Branin-Unfav,MFGP,56,13,1,42,1.0,2.381817422837438,0.5,0,9,11,35.5
Branin-Unfav,MFGP,56,14,0,916,0.5,1.9159732062726724,0.5,1,9,12,35.0
Branin-Unfav,MFGP,56,15,1,426,1.0,2.0835789536014673,0.5,0,10,12,34.0
Branin-Unfav,MFGP,56,16,0,48,0.5,1.7423793826018223,0.5,1,10,13,33.5
Branin-Unfav,MFGP,56,17,0,375,0.5,1.3915444198496671,0.5,2,10,14,33.0
Branin-Unfav,MFGP,56,18,1,527,1.0,1.1523846003751503,0.5,0,11,14,32.0
Branin-Unfav,MFGP,56,19,0,276,0.5,0.7913343861396083,0.5,1,11,15,31.5
Branin-Unfav,MFGP,56,20,1,427,1.0,0.6478454823171539,0.5,0,12,15,30.5
Branin-Unfav,MFGP,56,21,1,377,1.0,0.46754244416331014,0.5,0,13,15,29.5
Branin-Unfav,MFGP,56,22,1,2456,1.0,0.3578473164907898,0.5,0,14,15,28.5
Branin-Unfav,MFGP,56,23,0,1608,0.5,1.0781683402290385,0.5,1,14,16,28.0
Branin-Unfav,MFGP,56,24,0,1956,0.5,0.6026342597324239,0.5,2,14,17,27.5
Branin-Unfav,MFGP,56,25,0,2454,0.5,0.6619243545321275,0.5,3,14,18,27.0
Branin-Unfav,MFGP,56,26,0,1856,0.5,0.4551099667139663,0.5,4,14,19,26.5
Branin-Unfav,MFGP,56,27,1,477,1.0,0.2729613236066837,0.5,0,15,19,25.5
Branin-Unfav,MFGP,56,28,1,1957,1.0,0.27413306804853654,0.5,0,16,19,24.5
Branin-Unfav,MFGP,56,29,0,1857,0.5,0.38595257594352655,0.5,1,16,20,24.0
Branin-Unfav,MFGP,56,30,0,1806,0.5,0.2508085349548861,0.5,2,16,21,23.5
Branin-Unfav,MFGP,56,31,0,1906,0.5,0.17009433195187063,0.5,3,16,22,23.0
Branin-Unfav,MFGP,56,32,1,476,1.0,0.13671807870976524,0.5,0,17,22,22.0
Branin-Unfav,MFGP,56,33,0,226,0.5,0.11209927391179045,0.5,1,17,23,21.5
Branin-Unfav,MFGP,56,34,0,1757,0.5,0.08841135303859647,0.5,2,17,24,21.0
Branin-Unfav,MFGP,56,35,1,2106,1.0,0.08073488447315269,0.5,0,18,24,20.0
Branin-Unfav,MFGP,56,36,1,2007,1.0,0.08980484574237763,0.5,0,19,24,19.0
Branin-Unfav,MFGP,56,37,0,2005,0.5,0.0735454031755361,0.5,1,19,25,18.5
Branin-Unfav,MFGP,56,38,1,327,1.0,0.06614594906440283,0.5,0,20,25,17.5
Branin-Unfav,MFGP,56,39,0,1756,0.5,0.06368772325994305,0.5,1,20,26,17.0
Branin-Unfav,MFGP,56,40,0,326,0.5,0.052535532084248805,0.5,2,20,27,16.5
Branin-Unfav,MFGP,56,41,1,378,1.0,0.04751858140513783,0.5,0,21,27,15.5
Branin-Unfav,MFGP,56,42,1,526,1.0,0.042941440597551186,0.5,0,22,27,14.5
Branin-Unfav,MFGP,56,43,1,2056,1.0,0.039892807035891084,0.5,0,23,27,13.5
Branin-Unfav,MFGP,56,44,1,2006,1.0,0.03919259395226114,0.5,0,24,27,12.5
Branin-Unfav,MFGP,56,45,0,227,0.5,0.034095467356001274,0.5,1,24,28,12.0
Branin-Unfav,MFGP,56,46,0,177,0.5,0.03495462549454875,0.5,2,24,29,11.5
Branin-Unfav,MFGP,56,47,1,1907,1.0,0.03587705216097607,0.5,0,25,29,10.5
Branin-Unfav,MFGP,56,48,1,1956,1.0,0.02038226205512004,0.5,0,26,29,9.5
Branin-Unfav,MFGP,56,49,0,1955,0.5,0.02232280621467085,0.5,1,26,30,9.0
Branin-Unfav,MFGP,56,50,0,277,0.5,0.020172166799343375,0.5,2,26,31,8.5
Branin-Unfav,MFGP,56,51,1,376,1.0,0.017964616118662423,0.5,0,27,31,7.5
Branin-Unfav,MFGP,56,52,1,1857,1.0,0.01648496063548266,0.5,0,28,31,6.5
Branin-Unfav,MFGP,56,53,0,127,0.5,0.02256761053138746,0.8847095916887668,1,28,32,6.0
Branin-Unfav,MFGP,56,54,0,1706,0.5,0.019516331993168393,0.8847095916887668,2,28,33,5.5
Branin-Unfav,MFGP,56,55,0,176,0.5,0.016225887521201403,0.8847095916887668,3,28,34,5.0
Branin-Unfav,MFGP,56,56,1,2156,1.0,0.00829807180525017,0.8847095916887668,0,29,34,4.0
Branin-Unfav,MFGP,56,57,1,875,1.0,0.013183562748978958,0.8847095916887668,0,30,34,3.0
Branin-Unfav,MFGP,56,58,1,277,1.0,0.007521825886242242,0.8847095916887668,0,31,34,2.0
Branin-Unfav,MFGP,56,59,1,397,1.0,0.00459291604190927,0.1,0,32,34,1.0
Branin-Unfav,MFGP,56,60,1,449,1.0,0.7649975875407868,0.1,0,33,34,0.0
Branin-Unfav,MFGP,57,1,1,1120,1.0,52.38149693930287,0.5,0,3,5,44.5
Branin-Unfav,MFGP,57,2,0,21,0.5,24.05793898882645,0.5,1,3,6,44.0
Branin-Unfav,MFGP,57,3,0,33,0.5,18.121417412646338,0.5,2,3,7,43.5
Branin-Unfav,MFGP,57,4,0,2000,0.5,12.16924014212112,0.5,3,3,8,43.0
Branin-Unfav,MFGP,57,5,0,427,0.5,9.786928669629015,0.5,4,3,9,42.5
Branin-Unfav,MFGP,57,6,1,2450,1.0,7.087516106378493,0.5,0,4,9,41.5
Branin-Unfav,MFGP,57,7,1,480,1.0,5.625578951279767,0.5,0,5,9,40.5
Branin-Unfav,MFGP,57,8,1,2057,1.0,4.2786558614907015,0.5,0,6,9,39.5
Branin-Unfav,MFGP,57,9,1,1953,1.0,3.2606775265878314,0.5,0,7,9,38.5
Branin-Unfav,MFGP,57,10,1,1860,1.0,2.4468490631895787,0.5,0,8,9,37.5
Branin-Unfav,MFGP,57,11,1,475,1.0,2.043209315291242,0.5,0,9,9,36.5
Branin-Unfav,MFGP,57,12,0,2206,0.5,1.862705766716863,0.5,1,9,10,36.0
Branin-Unfav,MFGP,57,13,0,1907,0.5,1.4049694644480053,0.5,2,9,11,35.5
Branin-Unfav,MFGP,57,14,1,377,1.0,1.29363669277164,0.5,0,10,11,34.5
Branin-Unfav,MFGP,57,15,0,376,0.5,0.8911226160624881,0.5,1,10,12,34.0
Branin-Unfav,MFGP,57,16,0,1857,0.5,0.6460077281711396,0.5,2,10,13,33.5
Branin-Unfav,MFGP,57,17,1,49,1.0,0.6413425000118851,0.5,0,11,13,32.5
Branin-Unfav,MFGP,57,18,1,42,1.0,0.9572148211117457,0.5,0,12,13,31.5
Branin-Unfav,MFGP,57,19,1,426,1.0,0.6855266791636224,0.5,0,13,13,30.5
Branin-Unfav,MFGP,57,20,0,1807,0.5,0.5229716792307091,0.5,1,13,14,30.0
Branin-Unfav,MFGP,57,21,1,427,1.0,0.4302655301199693,0.5,0,14,14,29.0
Branin-Unfav,MFGP,57,22,0,1707,0.5,0.4184103729059678,0.5,1,14,15,28.5
Branin-Unfav,MFGP,57,23,1,2457,1.0,0.35883781718368013,0.5,0,15,15,27.5
Branin-Unfav,MFGP,57,24,0,1856,0.5,0.34460659280018724,0.5,1,15,16,27.0
Branin-Unfav,MFGP,57,25,1,327,1.0,0.2795557327786512,0.5,0,16,16,26.0
Branin-Unfav,MFGP,57,26,0,1211,0.5,0.20861772365256404,0.5,1,16,17,25.5
Branin-Unfav,MFGP,57,27,1,376,1.0,0.19499767391414966,0.5,0,17,17,24.5
Branin-Unfav,MFGP,57,28,0,276,0.5,0.12864678006949443,0.5,1,17,18,24.0
Branin-Unfav,MFGP,57,29,0,326,0.5,0.10498414782161147,0.5,2,17,19,23.5
Branin-Unfav,MFGP,57,30,0,27,0.5,0.09546027704680071,0.5,3,17,20,23.0
Branin-Unfav,MFGP,57,31,1,526,1.0,0.12111509386893078,0.5,0,18,20,22.0
Branin-Unfav,MFGP,57,32,0,177,0.5,0.09472874337695046,0.5,1,18,21,21.5
Branin-Unfav,MFGP,57,33,0,1906,0.5,0.09172863331544134,0.5,2,18,22,21.0
Branin-Unfav,MFGP,57,34,0,226,0.5,0.07349973247246856,0.5,3,18,23,20.5
Branin-Unfav,MFGP,57,35,0,277,0.5,0.062224293776000486,0.5,4,18,24,20.0
Branin-Unfav,MFGP,57,36,1,2006,1.0,0.059042902152122434,0.5,0,19,24,19.0
Branin-Unfav,MFGP,57,37,1,2056,1.0,0.054347278031178475,0.5,0,20,24,18.0
Branin-Unfav,MFGP,57,38,0,1956,0.5,0.058777426187026874,0.5,1,20,25,17.5
Branin-Unfav,MFGP,57,39,0,1806,0.5,0.04430933247008652,0.5,2,20,26,17.0
Branin-Unfav,MFGP,57,40,1,1956,1.0,0.04394021491502381,0.5,0,21,26,16.0
Branin-Unfav,MFGP,57,41,1,477,1.0,0.03803962601348003,0.47184233873405756,0,22,26,15.0
Branin-Unfav,MFGP,57,42,1,1907,1.0,0.02707598306601907,0.47184233873405756,0,23,26,14.0
Branin-Unfav,MFGP,57,43,1,476,1.0,0.021828197860862396,0.1,0,24,26,13.0
Branin-Unfav,MFGP,57,44,1,2106,1.0,0.020136687927192448,0.1,0,25,26,12.0
Branin-Unfav,MFGP,57,45,1,278,1.0,0.01631991199348823,0.1,0,26,26,11.0
Branin-Unfav,MFGP,57,46,1,2205,1.0,0.012056565203156157,0.1,0,27,26,10.0
Branin-Unfav,MFGP,57,47,1,46,1.0,0.008427735258096522,0.1,0,28,26,9.0
Branin-Unfav,MFGP,57,48,1,1857,1.0,0.006369888364982125,0.1,0,29,26,8.0
Branin-Unfav,MFGP,57,49,1,576,1.0,0.006144795966768361,0.1335837224135252,0,30,26,7.0
Branin-Unfav,MFGP,57,50,0,47,0.5,0.006215768077873113,0.1335837224135252,1,30,27,6.5
Branin-Unfav,MFGP,57,51,1,2155,1.0,0.004756169662184683,0.1335837224135252,0,31,27,5.5
Branin-Unfav,MFGP,57,52,0,2005,0.5,0.0027711821041511335,0.1335837224135252,1,31,28,5.0
Branin-Unfav,MFGP,57,53,0,176,0.5,0.0023161711781500196,0.1335837224135252,2,31,29,4.5
Branin-Unfav,MFGP,57,54,1,1957,1.0,0.001957736983965848,0.1335837224135252,0,32,29,3.5
Branin-Unfav,MFGP,57,55,1,277,1.0,0.0016472645322534313,0.1335837224135252,0,33,29,2.5
Branin-Unfav,MFGP,57,56,0,375,0.5,0.0041946934290614775,0.36197210962570125,1,33,30,2.0
Branin-Unfav,MFGP,57,57,0,1608,0.5,0.004780735259086763,0.36197210962570125,2,33,31,1.5
Branin-Unfav,MFGP,57,58,0,1756,0.5,0.00340908574691593,0.36197210962570125,3,33,32,1.0
Branin-Unfav,MFGP,57,59,0,128,0.5,0.002256237421530231,0.36197210962570125,4,33,33,0.5
Branin-Unfav,MFGP,57,60,0,2055,0.5,0.0017417572759639906,0.36197210962570125,5,33,34,0.0
Branin-Unfav,MFGP,58,1,1,523,1.0,49.35082701615974,0.5,0,3,5,44.5
Branin-Unfav,MFGP,58,2,0,21,0.5,17.805461721390053,0.5,1,3,6,44.0
Branin-Unfav,MFGP,58,3,1,971,1.0,8.70580237220409,0.5,0,4,6,43.0
Branin-Unfav,MFGP,58,4,0,572,0.5,6.2283951557288635,0.5,1,4,7,42.5
Branin-Unfav,MFGP,58,5,1,428,1.0,4.787262810991934,0.5,0,5,7,41.5
Branin-Unfav,MFGP,58,6,0,377,0.5,3.5883560226394295,0.5,1,5,8,41.0
Branin-Unfav,MFGP,58,7,1,30,1.0,2.433843347813444,0.5,0,6,8,40.0
Branin-Unfav,MFGP,58,8,1,378,1.0,1.8032357730178499,0.5,0,7,8,39.0
Branin-Unfav,MFGP,58,9,0,278,0.5,1.1608688766337298,0.5,1,7,9,38.5
Branin-Unfav,MFGP,58,10,1,427,1.0,1.006994998477625,0.5,0,8,9,37.5
Branin-Unfav,MFGP,58,11,0,327,0.5,0.6577323137476523,0.5,1,8,10,37.0
Branin-Unfav,MFGP,58,12,0,0,0.5,0.5283033102322388,0.5,2,8,11,36.5
Branin-Unfav,MFGP,58,13,0,2453,0.5,2.1144669526601376,0.5,3,8,12,36.0
Branin-Unfav,MFGP,58,14,0,1958,0.5,3.1275524424178,0.5,4,8,13,35.5
Branin-Unfav,MFGP,58,15,1,2457,1.0,2.0666369009697387,0.5,0,9,13,34.5
Branin-Unfav,MFGP,58,16,0,2458,0.5,3.3068069087891407,0.5,1,9,14,34.0
Branin-Unfav,MFGP,58,17,1,2105,1.0,2.346551143505782,0.5,0,10,14,33.0
Branin-Unfav,MFGP,58,18,1,1659,1.0,1.2442366703290513,0.5,0,11,14,32.0
Branin-Unfav,MFGP,58,19,1,2450,1.0,0.8233322182822549,0.5,0,12,14,31.0
Branin-Unfav,MFGP,58,20,1,2056,1.0,0.6847954285847101,0.5,0,13,14,30.0
Branin-Unfav,MFGP,58,21,0,1906,0.5,0.46485468272442076,0.5,1,13,15,29.5
Branin-Unfav,MFGP,58,22,1,2006,1.0,0.4709334232850178,0.5,0,14,15,28.5
Branin-Unfav,MFGP,58,23,0,2055,0.5,0.31927857586581415,0.5,1,14,16,28.0
Branin-Unfav,MFGP,58,24,1,1956,1.0,0.26112198045852264,0.5,0,15,16,27.0
Branin-Unfav,MFGP,58,25,1,426,1.0,0.20426938148848153,0.5,0,16,16,26.0
Branin-Unfav,MFGP,58,26,1,327,1.0,0.17686704487156074,0.5,0,17,16,25.0
Branin-Unfav,MFGP,58,27,1,49,1.0,0.14179842369618978,0.5,0,18,16,24.0
Branin-Unfav,MFGP,58,28,0,48,0.5,3.8719831312006248,0.5,1,18,17,23.5
Branin-Unfav,MFGP,58,29,1,476,1.0,0.24332585894104386,0.5,0,19,17,22.5
Branin-Unfav,MFGP,58,30,1,43,1.0,0.25484913862888825,0.5,0,20,17,21.5
Branin-Unfav,MFGP,58,31,0,276,0.5,0.2785315052888451,0.5,1,20,18,21.0
Branin-Unfav,MFGP,58,32,0,326,0.5,0.1654629007305245,0.5,2,20,19,20.5
Branin-Unfav,MFGP,58,33,0,1856,0.5,0.15049017778928656,0.5,3,20,20,20.0
Branin-Unfav,MFGP,58,34,1,526,1.0,0.13412394210985817,0.5,0,21,20,19.0
Branin-Unfav,MFGP,58,35,0,1807,0.5,0.13648610070123857,0.5,1,21,21,18.5
Branin-Unfav,MFGP,58,36,1,377,1.0,0.12601883645396783,0.5,0,22,21,17.5
Branin-Unfav,MFGP,58,37,1,1907,1.0,0.09474623680625283,0.5,0,23,21,16.5
Branin-Unfav,MFGP,58,38,0,376,0.5,0.07194349672076407,0.5,1,23,22,16.0
Branin-Unfav,MFGP,58,39,0,177,0.5,0.06327843394892133,0.5,2,23,23,15.5
Branin-Unfav,MFGP,58,40,0,226,0.5,0.07553721586619182,0.5,3,23,24,15.0
Branin-Unfav,MFGP,58,41,0,227,0.5,0.0625076430109838,0.5,4,23,25,14.5
Branin-Unfav,MFGP,58,42,1,277,1.0,0.05761978996236809,0.5,0,24,25,13.5
Branin-Unfav,MFGP,58,43,0,1757,0.5,0.04848826589035511,0.5,1,24,26,13.0
Branin-Unfav,MFGP,58,44,1,2106,1.0,0.043540703313054485,0.5,0,25,26,12.0
Branin-Unfav,MFGP,58,45,1,1906,1.0,0.03391832081999238,0.5,0,26,26,11.0
Branin-Unfav,MFGP,58,46,0,2005,0.5,0.04809906535395712,0.959752228309919,1,26,27,10.5
Branin-Unfav,MFGP,58,47,0,127,0.5,0.046775929064066656,0.959752228309919,2,26,28,10.0
Branin-Unfav,MFGP,58,48,0,1857,0.5,0.03934652368908364,0.959752228309919,3,26,29,9.5
Branin-Unfav,MFGP,58,49,0,1806,0.5,0.033043224401118856,0.959752228309919,4,26,30,9.0
Branin-Unfav,MFGP,58,50,1,477,1.0,0.03282340731377016,0.959752228309919,0,27,30,8.0
Branin-Unfav,MFGP,58,51,0,176,0.5,0.027300025202559884,0.959752228309919,1,27,31,7.5
Branin-Unfav,MFGP,58,52,0,1707,0.5,0.026583297222186,0.959752228309919,2,27,32,7.0
Branin-Unfav,MFGP,58,53,0,1360,0.5,0.024291883654132655,0.959752228309919,3,27,33,6.5
Branin-Unfav,MFGP,58,54,1,2155,1.0,0.019975303436219165,0.959752228309919,0,28,33,5.5
Branin-Unfav,MFGP,58,55,1,1857,1.0,0.015776595670743937,0.959752228309919,0,29,33,4.5
Branin-Unfav,MFGP,58,56,1,376,1.0,0.011485681076580607,0.7179930483718955,0,30,33,3.5
Branin-Unfav,MFGP,58,57,1,1957,1.0,0.01033530560212216,0.6827214883787307,0,31,33,2.5
Branin-Unfav,MFGP,58,58,1,576,1.0,0.009396716675365395,0.6827214883787307,0,32,33,1.5
Branin-Unfav,MFGP,58,59,0,1955,0.5,0.00840450281855091,0.6827214883787307,1,32,34,1.0
Branin-Unfav,MFGP,58,60,1,2055,1.0,0.00585712128948853,0.6827214883787307,0,33,34,0.0
Branin-Unfav,MFGP,59,1,1,37,1.0,30.52924394894432,0.5,0,3,5,44.5
Branin-Unfav,MFGP,59,2,0,534,0.5,21.50849522799429,0.5,1,3,6,44.0
Branin-Unfav,MFGP,59,3,0,13,0.5,20.091262003544472,0.5,2,3,7,43.5
Branin-Unfav,MFGP,59,4,1,1657,1.0,16.899890848325523,0.5,0,4,7,42.5
Branin-Unfav,MFGP,59,5,0,49,0.5,14.534006030605214,0.5,1,4,8,42.0
Branin-Unfav,MFGP,59,6,1,1312,1.0,12.562444774343875,0.5,0,5,8,41.0
Branin-Unfav,MFGP,59,7,1,2450,1.0,10.435423237206898,0.5,0,6,8,40.0
Branin-Unfav,MFGP,59,8,1,176,1.0,10.081385322800353,0.5,0,7,8,39.0
Branin-Unfav,MFGP,59,9,1,2109,1.0,6.1647328843284015,0.5,0,8,8,38.0
Branin-Unfav,MFGP,59,10,1,1950,1.0,4.745300300284641,0.5,0,9,8,37.0
Branin-Unfav,MFGP,59,11,1,499,1.0,4.585520532508028,0.5,0,10,8,36.0
Branin-Unfav,MFGP,59,12,1,28,1.0,3.604254021866398,0.5,0,11,8,35.0
Branin-Unfav,MFGP,59,13,1,1711,1.0,3.0725966282786388,0.5,0,12,8,34.0
Branin-Unfav,MFGP,59,14,1,2457,1.0,2.145901732073289,0.5,0,13,8,33.0
Branin-Unfav,MFGP,59,15,0,275,0.5,2.0247092398131405,0.5,1,13,9,32.5
Branin-Unfav,MFGP,59,16,1,347,1.0,1.8647505770027908,0.5,0,14,9,31.5
Branin-Unfav,MFGP,59,17,0,25,0.5,1.7729940387627297,0.5,1,14,10,31.0
Branin-Unfav,MFGP,59,18,0,1757,0.5,1.4288457713037284,0.5,2,14,11,30.5
Branin-Unfav,MFGP,59,19,1,327,1.0,1.2075922766282963,0.5,0,15,11,29.5
Branin-Unfav,MFGP,59,20,0,1558,0.5,1.0114684364176325,0.5,1,15,12,29.0
Branin-Unfav,MFGP,59,21,1,397,1.0,0.9024256412850424,0.5,0,16,12,28.0
Branin-Unfav,MFGP,59,22,0,177,0.5,0.8351924996161387,0.5,1,16,13,27.5
Branin-Unfav,MFGP,59,23,1,278,1.0,0.5882423545213898,0.5,0,17,13,26.5
Branin-Unfav,MFGP,59,24,1,447,1.0,0.5393978959790995,0.5,0,18,13,25.5
Branin-Unfav,MFGP,59,25,0,227,0.5,0.3792545735851646,0.5,1,18,14,25.0
Branin-Unfav,MFGP,59,26,0,2453,0.5,0.3120819796207167,0.5,2,18,15,24.5
Branin-Unfav,MFGP,59,27,1,2056,1.0,0.30123774624047184,0.5,0,19,15,23.5
Branin-Unfav,MFGP,59,28,0,1856,0.5,0.4718688778009511,0.5,1,19,16,23.0
Branin-Unfav,MFGP,59,29,1,1907,1.0,0.3754156876592494,0.5,0,20,16,22.0
Branin-Unfav,MFGP,59,30,0,1906,0.5,0.2590404017443988,0.5,1,20,17,21.5
Branin-Unfav,MFGP,59,31,1,2006,1.0,0.2359274691606995,0.5,0,21,17,20.5
Branin-Unfav,MFGP,59,32,1,396,1.0,0.22049627876846897,0.5,0,22,17,19.5
Branin-Unfav,MFGP,59,33,1,476,1.0,0.167027243562473,0.5,0,23,17,18.5
Branin-Unfav,MFGP,59,34,1,377,1.0,0.15897879245867003,0.5,0,24,17,17.5
Branin-Unfav,MFGP,59,35,0,1806,0.5,0.13868077821597943,0.5,1,24,18,17.0
Branin-Unfav,MFGP,59,36,1,376,1.0,0.12990830195270917,0.5,0,25,18,16.0
Branin-Unfav,MFGP,59,37,1,1956,1.0,0.1292649632860583,0.5,0,26,18,15.0
Branin-Unfav,MFGP,59,38,1,398,1.0,0.10573812851414661,0.5,0,27,18,14.0
Branin-Unfav,MFGP,59,39,0,226,0.5,0.096169290600127,0.5,1,27,19,13.5
Branin-Unfav,MFGP,59,40,1,497,1.0,0.08791778850113043,0.5,0,28,19,12.5
Branin-Unfav,MFGP,59,41,1,2155,1.0,0.07582745738744767,0.5,0,29,19,11.5
Branin-Unfav,MFGP,59,42,1,426,1.0,0.07375836929126192,0.5,0,30,19,10.5
Branin-Unfav,MFGP,59,43,1,2106,1.0,0.06098812899374509,0.5,0,31,19,9.5
Branin-Unfav,MFGP,59,44,0,276,0.5,0.05402274810007066,0.5,1,31,20,9.0
Branin-Unfav,MFGP,59,45,0,127,0.5,0.04805828546770097,0.5,2,31,21,8.5
Branin-Unfav,MFGP,59,46,1,427,1.0,0.044438738346127105,0.5,0,32,21,7.5
Branin-Unfav,MFGP,59,47,0,1756,0.5,0.04222422332184411,0.5,1,32,22,7.0
Branin-Unfav,MFGP,59,48,1,448,1.0,0.04037196561683388,0.5,0,33,22,6.0
Branin-Unfav,MFGP,59,49,0,1807,0.5,0.034336187696021606,0.5,1,33,23,5.5
Branin-Unfav,MFGP,59,50,1,1906,1.0,0.029816326403878768,0.5,0,34,23,4.5
Branin-Unfav,MFGP,59,51,1,277,1.0,0.027440672644224035,0.5,0,35,23,3.5
Branin-Unfav,MFGP,59,52,1,526,1.0,0.027770598184030715,0.5,0,36,23,2.5
Branin-Unfav,MFGP,59,53,0,2005,0.5,0.024087106892532295,0.5,1,36,24,2.0
Branin-Unfav,MFGP,59,54,0,326,0.5,0.02133974773222938,0.5,2,36,25,1.5
Branin-Unfav,MFGP,59,55,1,498,1.0,0.016584757151286232,0.5,0,37,25,0.5
Branin-Unfav,MFGP,59,56,0,1707,0.5,0.009486276881355511,0.5,1,37,26,0.0
Branin-Unfav,MFGP,60,1,1,1651,1.0,16.26694236983449,0.5,0,3,5,44.5
Branin-Unfav,MFGP,60,2,0,2450,0.5,10.901644801330116,0.5,1,3,6,44.0
Branin-Unfav,MFGP,60,3,0,0,0.5,8.905942821682583,0.5,2,3,7,43.5
Branin-Unfav,MFGP,60,4,1,775,1.0,25.76521628487209,0.5,0,4,7,42.5
Branin-Unfav,MFGP,60,5,1,1068,1.0,10.526786404879761,0.5,0,5,7,41.5
Branin-Unfav,MFGP,60,6,0,783,0.5,12.289776250064564,0.5,1,5,8,41.0
Branin-Unfav,MFGP,60,7,1,49,1.0,15.167231650063862,0.5,0,6,8,40.0
Branin-Unfav,MFGP,60,8,1,186,1.0,12.235567612586909,0.5,0,7,8,39.0
Branin-Unfav,MFGP,60,9,1,499,1.0,8.22489211554747,0.5,0,8,8,38.0
Branin-Unfav,MFGP,60,10,0,2307,0.5,6.274204891139682,0.5,1,8,9,37.5
Branin-Unfav,MFGP,60,11,1,345,1.0,4.394148052512816,0.5,0,9,9,36.5
Branin-Unfav,MFGP,60,12,0,1858,0.5,3.740943942336001,0.5,1,9,10,36.0
Branin-Unfav,MFGP,60,13,1,273,1.0,4.7325618172383574,0.5,0,10,10,35.0
Branin-Unfav,MFGP,60,14,0,1509,0.5,2.189237338560278,0.5,1,10,11,34.5
Branin-Unfav,MFGP,60,15,1,447,1.0,1.6741375426908915,0.5,0,11,11,33.5
Branin-Unfav,MFGP,60,16,0,1449,0.5,1.4408673457704877,0.5,1,11,12,33.0
Branin-Unfav,MFGP,60,17,1,571,1.0,2.53345957474009,0.5,0,12,12,32.0
Branin-Unfav,MFGP,60,18,1,1712,1.0,1.8556301289273143,0.5,0,13,12,31.0
Branin-Unfav,MFGP,60,19,1,445,1.0,1.5696944543603502,0.5,0,14,12,30.0
Branin-Unfav,MFGP,60,20,0,1758,0.5,1.2963801550376928,0.5,1,14,13,29.5
Branin-Unfav,MFGP,60,21,0,25,0.5,0.6471811532791993,0.5,2,14,14,29.0
Branin-Unfav,MFGP,60,22,0,374,0.5,1.3802194382993167,0.5,3,14,15,28.5
Branin-Unfav,MFGP,60,23,0,1906,0.5,0.6419391363824292,0.5,4,14,16,28.0
Branin-Unfav,MFGP,60,24,1,2454,1.0,0.451906786600464,0.5,0,15,16,27.0
Branin-Unfav,MFGP,60,25,0,69,0.5,1.5059543597170006,0.5,1,15,17,26.5
Branin-Unfav,MFGP,60,26,0,227,0.5,0.723741260153321,0.5,2,15,18,26.0
Branin-Unfav,MFGP,60,27,1,2458,1.0,0.5274454910617774,0.5,0,16,18,25.0
Branin-Unfav,MFGP,60,28,1,327,1.0,2.8836192097998037,0.5,0,17,18,24.0
Branin-Unfav,MFGP,60,29,0,2154,0.5,1.1022925954286378,0.5,1,17,19,23.5
Branin-Unfav,MFGP,60,30,1,427,1.0,0.6114891033152435,0.5,0,18,19,22.5
Branin-Unfav,MFGP,60,31,1,397,1.0,0.3816592710435778,0.5,0,19,19,21.5
Branin-Unfav,MFGP,60,32,0,276,0.5,0.3573118905839389,0.5,1,19,20,21.0
Branin-Unfav,MFGP,60,33,0,28,0.5,0.3216526364629617,0.5,2,19,21,20.5
Branin-Unfav,MFGP,60,34,0,177,0.5,0.2744934731314248,0.5,3,19,22,20.0
Branin-Unfav,MFGP,60,35,1,426,1.0,0.23197407535993936,0.5,0,20,22,19.0
Branin-Unfav,MFGP,60,36,1,477,1.0,0.17318953787382035,0.5,0,21,22,18.0
Branin-Unfav,MFGP,60,37,1,398,1.0,0.1583304851605875,0.5,0,22,22,17.0
Branin-Unfav,MFGP,60,38,0,277,0.5,0.13970010747480172,0.5,1,22,23,16.5
Branin-Unfav,MFGP,60,39,0,326,0.5,0.11669201898388688,0.5,2,22,24,16.0
Branin-Unfav,MFGP,60,40,0,1956,0.5,0.09941083504603064,0.5,3,22,25,15.5
Branin-Unfav,MFGP,60,41,1,377,1.0,0.07346658129188416,0.5,0,23,25,14.5
Branin-Unfav,MFGP,60,42,1,497,1.0,0.0680792533847592,0.5,0,24,25,13.5
Branin-Unfav,MFGP,60,43,1,476,1.0,0.04938592997533954,0.5,0,25,25,12.5
Branin-Unfav,MFGP,60,44,0,376,0.5,0.047559298087218205,0.5,1,25,26,12.0
Branin-Unfav,MFGP,60,45,0,226,0.5,0.04309750053633842,0.5,2,25,27,11.5
Branin-Unfav,MFGP,60,46,1,2451,1.0,0.03800431319357278,0.5,0,26,27,10.5
Branin-Unfav,MFGP,60,47,0,1856,0.5,0.045301267160454184,0.5,1,26,28,10.0
Branin-Unfav,MFGP,60,48,1,277,1.0,0.03657999056625272,0.5,0,27,28,9.0
Branin-Unfav,MFGP,60,49,0,1806,0.5,0.03223173370288787,0.5,1,27,29,8.5
Branin-Unfav,MFGP,60,50,1,376,1.0,0.02920085940506654,0.5,0,28,29,7.5
Branin-Unfav,MFGP,60,51,1,2056,1.0,0.019704715962514233,0.5,0,29,29,6.5
Branin-Unfav,MFGP,60,52,1,1857,1.0,0.20266017032227662,0.5,0,30,29,5.5
Branin-Unfav,MFGP,60,53,1,2006,1.0,0.09563930875371895,0.5,0,31,29,4.5
Branin-Unfav,MFGP,60,54,1,2106,1.0,0.07040360301457568,0.5,0,32,29,3.5
Branin-Unfav,MFGP,60,55,1,1956,1.0,0.04285331943262661,0.5,0,33,29,2.5
Branin-Unfav,MFGP,60,56,0,1807,0.5,0.031350535388208874,0.6246080911868215,1,33,30,2.0
Branin-Unfav,MFGP,60,57,1,1907,1.0,0.027826803911147856,0.6246080911868215,0,34,30,1.0
Branin-Unfav,MFGP,60,58,1,2155,1.0,0.018614749050659282,0.6246080911868215,0,35,30,0.0
Branin-Unfav,MFGP,61,1,1,822,1.0,101.5902838581524,0.5,0,3,5,44.5
Branin-Unfav,MFGP,61,2,0,26,0.5,32.123806698707774,0.5,1,3,6,44.0
Branin-Unfav,MFGP,61,3,1,31,1.0,10.410636328578828,0.5,0,4,6,43.0
Branin-Unfav,MFGP,61,4,1,478,1.0,8.271614736287177,0.5,0,5,6,42.0
Branin-Unfav,MFGP,61,5,0,327,0.5,5.619273338309296,0.5,1,5,7,41.5
Branin-Unfav,MFGP,61,6,1,2460,1.0,3.022421911093927,0.5,0,6,7,40.5
Branin-Unfav,MFGP,61,7,0,130,0.5,2.2422309074303275,0.5,1,6,8,40.0
Branin-Unfav,MFGP,61,8,0,2450,0.5,2.1700806386144595,0.5,2,6,9,39.5
Branin-Unfav,MFGP,61,9,0,424,0.5,2.459671677352544,0.5,3,6,10,39.0
Branin-Unfav,MFGP,61,10,1,580,1.0,1.6970809218174532,0.5,0,7,10,38.0
Branin-Unfav,MFGP,61,11,1,2450,1.0,1.4046714676919976,0.5,0,8,10,37.0
Branin-Unfav,MFGP,61,12,0,21,0.5,0.860659675788702,0.5,1,8,11,36.5
Branin-Unfav,MFGP,61,13,1,49,1.0,1.1464775267350595,0.5,0,9,11,35.5
Branin-Unfav,MFGP,61,14,0,2000,0.5,0.8679041361305773,0.5,1,9,12,35.0
Branin-Unfav,MFGP,61,15,0,426,0.5,0.85054281755789,0.5,2,9,13,34.5
Branin-Unfav,MFGP,61,16,1,676,1.0,0.7304796481564464,0.5,0,10,13,33.5
Branin-Unfav,MFGP,61,17,0,277,0.5,0.6051028017220256,0.5,1,10,14,33.0
Branin-Unfav,MFGP,61,18,1,477,1.0,0.40665025342311545,0.5,0,11,14,32.0
Branin-Unfav,MFGP,61,19,0,227,0.5,0.4380980845032903,0.5,1,11,15,31.5
Branin-Unfav,MFGP,61,20,0,326,0.5,0.2860669022040262,0.5,2,11,16,31.0
Branin-Unfav,MFGP,61,21,0,177,0.5,0.2232087787951484,0.5,3,11,17,30.5
Branin-Unfav,MFGP,61,22,0,276,0.5,0.19348464072920435,0.5,4,11,18,30.0
Branin-Unfav,MFGP,61,23,1,44,1.0,0.13849833699673364,0.5,0,12,18,29.0
Branin-Unfav,MFGP,61,24,0,376,0.5,0.09793794581458891,0.5,1,12,19,28.5
Branin-Unfav,MFGP,61,25,0,226,0.5,0.0808169528364854,0.5,2,12,20,28.0
Branin-Unfav,MFGP,61,26,1,427,1.0,0.0642864711871429,0.5,0,13,20,27.0
Branin-Unfav,MFGP,61,27,0,127,0.5,0.04920000147977782,0.5,1,13,21,26.5
Branin-Unfav,MFGP,61,28,0,1807,0.5,0.046345585221485575,0.5,2,13,22,26.0
Branin-Unfav,MFGP,61,29,0,2055,0.5,1.1655270283416894,0.5,3,13,23,25.5
Branin-Unfav,MFGP,61,30,0,1410,0.5,0.3769998946413792,0.5,4,13,24,25.0
Branin-Unfav,MFGP,61,31,1,1908,1.0,0.17123063835979913,0.5,0,14,24,24.0
Branin-Unfav,MFGP,61,32,0,1907,0.5,0.2935706969462908,0.5,1,14,25,23.5
Branin-Unfav,MFGP,61,33,0,1856,0.5,0.1943250790420369,0.5,2,14,26,23.0
Branin-Unfav,MFGP,61,34,0,1906,0.5,0.15462826191158024,0.5,3,14,27,22.5
Branin-Unfav,MFGP,61,35,0,1955,0.5,0.06601256436200703,0.5,4,14,28,22.0
Branin-Unfav,MFGP,61,36,1,377,1.0,0.05223513334306447,0.5,0,15,28,21.0
Branin-Unfav,MFGP,61,37,0,1956,0.5,0.0520800294391904,0.5,1,15,29,20.5
Branin-Unfav,MFGP,61,38,1,426,1.0,0.0414920420379966,0.5,0,16,29,19.5
Branin-Unfav,MFGP,61,39,1,476,1.0,0.03910845990900655,0.5,0,17,29,18.5
Branin-Unfav,MFGP,61,40,1,327,1.0,0.03628146407751015,0.5,0,18,29,17.5
Branin-Unfav,MFGP,61,41,0,1757,0.5,0.06624461376222811,0.9995753938838754,1,18,30,17.0
Branin-Unfav,MFGP,61,42,0,1806,0.5,0.05125795055789486,0.9995753938838754,2,18,31,16.5
Branin-Unfav,MFGP,61,43,1,1857,1.0,0.04220604948967545,0.9995753938838754,0,19,31,15.5
Branin-Unfav,MFGP,61,44,0,865,0.5,0.026455943528467994,0.9995753938838754,1,19,32,15.0
Branin-Unfav,MFGP,61,45,0,1905,0.5,0.02191822062912745,0.9995753938838754,2,19,33,14.5
Branin-Unfav,MFGP,61,46,1,1956,1.0,0.018751271670094785,0.9995753938838754,0,20,33,13.5
Branin-Unfav,MFGP,61,47,1,1807,1.0,0.026263625433601723,0.9992226038411596,0,21,33,12.5
Branin-Unfav,MFGP,61,48,1,2006,1.0,0.020855573492161,0.9984526178023532,0,22,33,11.5
Branin-Unfav,MFGP,61,49,1,2056,1.0,0.01580770641730283,0.9984526178023532,0,23,33,10.5
Branin-Unfav,MFGP,61,50,0,2204,0.5,0.017727157866295723,0.9984526178023532,1,23,34,10.0
Branin-Unfav,MFGP,61,51,0,1707,0.5,0.01303658976238123,0.9984526178023532,2,23,35,9.5
Branin-Unfav,MFGP,61,52,0,2005,0.5,0.009571245179028595,0.9984526178023532,3,23,36,9.0
Branin-Unfav,MFGP,61,53,0,46,0.5,0.012775989039776723,0.9984526178023532,4,23,37,8.5
Branin-Unfav,MFGP,61,54,1,346,1.0,0.016455678945599933,0.9984526178023532,0,24,37,7.5
Branin-Unfav,MFGP,61,55,1,449,1.0,0.2652766126774322,0.9984526178023532,0,25,37,6.5
Branin-Unfav,MFGP,61,56,1,297,1.0,0.3092229701389399,0.9984526178023532,0,26,37,5.5
Branin-Unfav,MFGP,61,57,1,447,1.0,0.08741388218917906,0.9984526178023532,0,27,37,4.5
Branin-Unfav,MFGP,61,58,1,397,1.0,0.12366925713635676,0.9984526178023532,0,28,37,3.5
Branin-Unfav,MFGP,61,59,1,497,1.0,0.03586715196581375,0.9984526178023532,0,29,37,2.5
Branin-Unfav,MFGP,61,60,1,446,1.0,0.04025733867943912,0.9984526178023532,0,30,37,1.5
Branin-Unfav,MFGP,61,61,1,448,1.0,0.018221727433442463,0.9984526178023532,0,31,37,0.5
Branin-Unfav,MFGP,61,62,0,28,0.5,0.011782129505364591,0.9984526178023532,1,31,38,0.0
