benchmark,model,seed,budget,regret
Branin-Fav,Progressive,42,4.5,23.51411696041454
Branin-Fav,Progressive,42,4.6,23.51411696041454
Branin-Fav,Progressive,42,4.7,23.51411696041454
Branin-Fav,Progressive,42,4.8,23.51411696041454
Branin-Fav,Progressive,42,4.9,23.51411696041454
Branin-Fav,Progressive,42,5.0,23.51411696041454
Branin-Fav,Progressive,42,5.1,23.51411696041454
Branin-Fav,Progressive,42,5.2,23.51411696041454
Branin-Fav,Progressive,42,5.3,23.51411696041454
Branin-Fav,Progressive,42,5.4,23.51411696041454
Branin-Fav,Progressive,42,5.5,23.51411696041454
Branin-Fav,Progressive,42,6.5,5.881251102933782
Branin-Fav,Progressive,42,6.6,5.881251102933782
Branin-Fav,Progressive,42,6.7,5.881251102933782
Branin-Fav,Progressive,42,6.8,5.881251102933782
Branin-Fav,Progressive,42,6.9,5.881251102933782
Branin-Fav,Progressive,42,7.0,5.881251102933782
Branin-Fav,Progressive,42,7.1,5.881251102933782
Branin-Fav,Progressive,42,7.2,5.881251102933782
Branin-Fav,Progressive,42,7.3,5.881251102933782
Branin-Fav,Progressive,42,7.4,5.881251102933782
Branin-Fav,Progressive,42,7.5,5.881251102933782
Branin-Fav,Progressive,42,8.5,3.560346564212572
Branin-Fav,Progressive,42,8.6,3.560346564212572
Branin-Fav,Progressive,42,8.7,3.560346564212572
Branin-Fav,Progressive,42,8.8,3.560346564212572
Branin-Fav,Progressive,42,8.9,3.560346564212572
Branin-Fav,Progressive,42,9.0,3.560346564212572
Branin-Fav,Progressive,42,9.1,3.560346564212572
Branin-Fav,Progressive,42,9.2,3.560346564212572
Branin-Fav,Progressive,42,9.3,3.560346564212572
Branin-Fav,Progressive,42,9.4,3.560346564212572
Branin-Fav,Progressive,42,9.5,3.560346564212572
Branin-Fav,Progressive,42,10.5,3.083176413998001
Branin-Fav,Progressive,42,10.6,3.083176413998001
Branin-Fav,Progressive,42,10.7,3.083176413998001
Branin-Fav,Progressive,42,10.8,3.083176413998001
Branin-Fav,Progressive,42,10.9,3.083176413998001
Branin-Fav,Progressive,42,11.0,3.083176413998001
Branin-Fav,Progressive,42,11.1,3.083176413998001
Branin-Fav,Progressive,42,11.2,3.083176413998001
Branin-Fav,Progressive,42,11.3,3.083176413998001
Branin-Fav,Progressive,42,11.4,3.083176413998001
Branin-Fav,Progressive,42,11.5,3.083176413998001
Branin-Fav,Progressive,42,12.5,3.083176413998001
Branin-Fav,Progressive,42,12.6,3.083176413998001
Branin-Fav,Progressive,42,12.7,3.083176413998001
Branin-Fav,Progressive,42,12.8,3.083176413998001
Branin-Fav,Progressive,42,12.9,3.083176413998001
Branin-Fav,Progressive,42,13.0,3.083176413998001
Branin-Fav,Progressive,42,13.1,3.083176413998001
Branin-Fav,Progressive,42,13.2,3.083176413998001
Branin-Fav,Progressive,42,13.3,3.083176413998001
Branin-Fav,Progressive,42,13.4,3.083176413998001
Branin-Fav,Progressive,42,13.5,3.083176413998001
Branin-Fav,Progressive,42,14.5,3.083176413998001
Branin-Fav,Progressive,42,14.6,3.083176413998001
Branin-Fav,Progressive,42,14.7,3.083176413998001
Branin-Fav,Progressive,42,14.8,3.083176413998001
Branin-Fav,Progressive,42,14.9,3.083176413998001
Branin-Fav,Progressive,42,15.0,3.083176413998001
Branin-Fav,Progressive,42,15.1,3.083176413998001
Branin-Fav,Progressive,42,15.2,3.083176413998001
Branin-Fav,Progressive,42,15.3,3.083176413998001
Branin-Fav,Progressive,42,15.4,3.083176413998001
Branin-Fav,Progressive,42,15.5,3.083176413998001
Branin-Fav,Progressive,42,16.5,3.083176413998001
Branin-Fav,Progressive,42,16.6,3.083176413998001
Branin-Fav,Progressive,42,16.7,3.083176413998001
Branin-Fav,Progressive,42,16.8,3.083176413998001
Branin-Fav,Progressive,42,16.9,3.083176413998001
Branin-Fav,Progressive,42,17.0,3.083176413998001
Branin-Fav,Progressive,42,17.1,3.083176413998001
Branin-Fav,Progressive,42,17.2,3.083176413998001
Branin-Fav,Progressive,42,17.3,3.083176413998001
Branin-Fav,Progressive,42,17.4,3.083176413998001
Branin-Fav,Progressive,42,17.5,3.083176413998001
Branin-Fav,Progressive,42,18.5,2.1573317777465686
Branin-Fav,Progressive,42,18.6,2.1573317777465686
Branin-Fav,Progressive,42,18.7,2.1573317777465686
Branin-Fav,Progressive,42,18.8,2.1573317777465686
Branin-Fav,Progressive,42,18.9,2.1573317777465686
Branin-Fav,Progressive,42,19.0,2.1573317777465686
Branin-Fav,Progressive,42,19.1,2.1573317777465686
Branin-Fav,Progressive,42,19.2,2.1573317777465686
Branin-Fav,Progressive,42,19.3,2.1573317777465686
Branin-Fav,Progressive,42,19.4,2.1573317777465686
Branin-Fav,Progressive,42,19.5,2.1573317777465686
Branin-Fav,Progressive,42,20.5,1.5486488092602473
Branin-Fav,Progressive,42,20.6,1.5486488092602473
Branin-Fav,Progressive,42,20.7,1.5486488092602473
Branin-Fav,Progressive,42,20.8,1.5486488092602473
Branin-Fav,Progressive,42,20.9,1.5486488092602473
Branin-Fav,Progressive,42,21.0,1.5486488092602473
Branin-Fav,Progressive,42,21.1,1.5486488092602473
Branin-Fav,Progressive,42,21.2,1.5486488092602473
Branin-Fav,Progressive,42,21.3,1.5486488092602473
Branin-Fav,Progressive,42,21.4,1.5486488092602473
Branin-Fav,Progressive,42,21.5,1.5486488092602473
Branin-Fav,Progressive,42,22.5,0.7759110906150174
Branin-Fav,Progressive,42,22.6,0.7759110906150174
Branin-Fav,Progressive,42,22.7,0.7759110906150174
Branin-Fav,Progressive,42,22.8,0.7759110906150174
Branin-Fav,Progressive,42,22.9,0.7759110906150174
Branin-Fav,Progressive,42,23.0,0.7759110906150174
Branin-Fav,Progressive,42,23.1,0.7759110906150174
Branin-Fav,Progressive,42,23.2,0.7759110906150174
Branin-Fav,Progressive,42,23.3,0.7759110906150174
Branin-Fav,Progressive,42,23.4,0.7759110906150174
Branin-Fav,Progressive,42,23.5,0.7759110906150174
Branin-Fav,Progressive,42,24.5,0.7759110906150174
Branin-Fav,Progressive,42,24.6,0.7759110906150174
Branin-Fav,Progressive,42,24.7,0.7759110906150174
Branin-Fav,Progressive,42,24.8,0.7759110906150174
Branin-Fav,Progressive,42,24.9,0.7759110906150174
Branin-Fav,Progressive,42,25.0,0.7759110906150174
Branin-Fav,Progressive,42,25.1,0.7759110906150174
Branin-Fav,Progressive,42,25.2,0.7759110906150174
Branin-Fav,Progressive,42,25.3,0.7759110906150174
Branin-Fav,Progressive,42,25.4,0.7759110906150174
Branin-Fav,Progressive,42,25.5,0.7759110906150174
Branin-Fav,Progressive,42,26.5,0.7759110906150174
Branin-Fav,Progressive,42,26.6,0.7759110906150174
Branin-Fav,Progressive,42,26.7,0.7759110906150174
Branin-Fav,Progressive,42,26.8,0.7759110906150174
Branin-Fav,Progressive,42,26.9,0.7759110906150174
Branin-Fav,Progressive,42,27.0,0.7759110906150174
Branin-Fav,Progressive,42,27.1,0.7759110906150174
Branin-Fav,Progressive,42,27.2,0.7759110906150174
Branin-Fav,Progressive,42,27.3,0.7759110906150174
Branin-Fav,Progressive,42,27.4,0.7759110906150174
Branin-Fav,Progressive,42,27.5,0.7759110906150174
Branin-Fav,Progressive,42,28.5,0.7759110906150174
Branin-Fav,Progressive,42,28.6,0.7759110906150174
Branin-Fav,Progressive,42,28.7,0.7759110906150174
Branin-Fav,Progressive,42,28.8,0.7759110906150174
Branin-Fav,Progressive,42,28.9,0.7759110906150174
Branin-Fav,Progressive,42,29.0,0.7759110906150174
Branin-Fav,Progressive,42,29.1,0.7759110906150174
Branin-Fav,Progressive,42,29.2,0.7759110906150174
Branin-Fav,Progressive,42,29.3,0.7759110906150174
Branin-Fav,Progressive,42,29.4,0.7759110906150174
Branin-Fav,Progressive,42,29.5,0.7759110906150174
Branin-Fav,Progressive,42,30.5,0.7759110906150174
Branin-Fav,Progressive,42,30.6,0.7759110906150174
Branin-Fav,Progressive,42,30.7,0.7759110906150174
Branin-Fav,Progressive,42,30.8,0.7759110906150174
Branin-Fav,Progressive,42,30.9,0.7759110906150174
Branin-Fav,Progressive,42,31.0,0.7759110906150174
Branin-Fav,Progressive,42,31.1,0.7759110906150174
Branin-Fav,Progressive,42,31.2,0.7759110906150174
Branin-Fav,Progressive,42,31.3,0.7759110906150174
Branin-Fav,Progressive,42,31.4,0.7759110906150174
Branin-Fav,Progressive,42,31.5,0.7759110906150174
Branin-Fav,Progressive,42,32.5,0.7759110906150174
Branin-Fav,Progressive,42,32.6,0.7759110906150174
Branin-Fav,Progressive,42,32.7,0.7759110906150174
Branin-Fav,Progressive,42,32.8,0.7759110906150174
Branin-Fav,Progressive,42,32.9,0.7759110906150174
Branin-Fav,Progressive,42,33.0,0.7759110906150174
Branin-Fav,Progressive,42,33.1,0.7759110906150174
Branin-Fav,Progressive,42,33.2,0.7759110906150174
Branin-Fav,Progressive,42,33.3,0.7759110906150174
Branin-Fav,Progressive,42,33.4,0.7759110906150174
Branin-Fav,Progressive,42,33.5,0.7759110906150174
Branin-Fav,Progressive,42,34.5,0.7759110906150174
Branin-Fav,Progressive,42,34.6,0.7759110906150174
Branin-Fav,Progressive,42,34.7,0.7759110906150174
Branin-Fav,Progressive,42,34.8,0.7759110906150174
Branin-Fav,Progressive,42,34.9,0.7759110906150174
Branin-Fav,Progressive,42,35.0,0.7759110906150174
Branin-Fav,Progressive,42,35.1,0.7759110906150174
Branin-Fav,Progressive,42,35.2,0.7759110906150174
Branin-Fav,Progressive,42,35.3,0.7759110906150174
Branin-Fav,Progressive,42,35.4,0.7759110906150174
Branin-Fav,Progressive,42,35.5,0.7759110906150174
Branin-Fav,Progressive,42,36.5,0.7759110906150174
Branin-Fav,Progressive,42,36.6,0.7759110906150174
Branin-Fav,Progressive,42,36.7,0.7759110906150174
Branin-Fav,Progressive,42,36.8,0.7759110906150174
Branin-Fav,Progressive,42,36.9,0.7759110906150174
Branin-Fav,Progressive,42,37.0,0.7759110906150174
Branin-Fav,Progressive,42,37.1,0.7759110906150174
Branin-Fav,Progressive,42,37.2,0.7759110906150174
Branin-Fav,Progressive,42,37.3,0.7759110906150174
Branin-Fav,Progressive,42,37.4,0.7759110906150174
Branin-Fav,Progressive,42,37.5,0.7759110906150174
Branin-Fav,Progressive,42,38.5,0.7759110906150174
Branin-Fav,Progressive,42,38.6,0.7759110906150174
Branin-Fav,Progressive,42,38.7,0.7759110906150174
Branin-Fav,Progressive,42,38.8,0.7759110906150174
Branin-Fav,Progressive,42,38.9,0.7759110906150174
Branin-Fav,Progressive,42,39.0,0.7759110906150174
Branin-Fav,Progressive,42,39.1,0.7759110906150174
Branin-Fav,Progressive,42,39.2,0.7759110906150174
Branin-Fav,Progressive,42,39.3,0.7759110906150174
Branin-Fav,Progressive,42,39.4,0.7759110906150174
Branin-Fav,Progressive,42,39.5,0.7759110906150174
Branin-Fav,Progressive,42,40.5,0.7759110906150174
Branin-Fav,Progressive,42,40.6,0.7759110906150174
Branin-Fav,Progressive,42,40.7,0.7759110906150174
Branin-Fav,Progressive,42,40.8,0.7759110906150174
Branin-Fav,Progressive,42,40.9,0.7759110906150174
Branin-Fav,Progressive,42,41.0,0.7759110906150174
Branin-Fav,Progressive,42,41.1,0.7759110906150174
Branin-Fav,Progressive,42,41.2,0.7759110906150174
Branin-Fav,Progressive,42,41.3,0.7759110906150174
Branin-Fav,Progressive,42,41.4,0.7759110906150174
Branin-Fav,Progressive,42,41.5,0.7759110906150174
Branin-Fav,Progressive,42,42.5,0.7759110906150174
Branin-Fav,Progressive,42,42.6,0.7759110906150174
Branin-Fav,Progressive,42,42.7,0.7759110906150174
Branin-Fav,Progressive,42,42.8,0.7759110906150174
Branin-Fav,Progressive,42,42.9,0.7759110906150174
Branin-Fav,Progressive,42,43.0,0.7759110906150174
Branin-Fav,Progressive,42,43.1,0.7759110906150174
Branin-Fav,Progressive,42,43.2,0.7759110906150174
Branin-Fav,Progressive,42,43.3,0.7759110906150174
Branin-Fav,Progressive,42,43.4,0.7759110906150174
Branin-Fav,Progressive,42,43.5,0.7759110906150174
Branin-Fav,Progressive,42,44.5,0.7759110906150174
Branin-Fav,Progressive,42,44.6,0.7759110906150174
Branin-Fav,Progressive,42,44.7,0.7759110906150174
Branin-Fav,Progressive,42,44.8,0.7759110906150174
Branin-Fav,Progressive,42,44.9,0.7759110906150174
Branin-Fav,Progressive,42,45.0,0.7759110906150174
Branin-Fav,Progressive,42,45.1,0.7759110906150174
Branin-Fav,Progressive,42,45.2,0.7759110906150174
Branin-Fav,Progressive,42,45.3,0.7759110906150174
Branin-Fav,Progressive,42,45.4,0.7759110906150174
Branin-Fav,Progressive,42,45.5,0.7759110906150174
Branin-Fav,Progressive,42,46.5,0.7759110906150174
Branin-Fav,Progressive,42,46.6,0.7759110906150174
Branin-Fav,Progressive,42,46.7,0.7759110906150174
Branin-Fav,Progressive,42,46.8,0.7759110906150174
Branin-Fav,Progressive,42,46.9,0.7759110906150174
Branin-Fav,Progressive,42,47.0,0.7759110906150174
Branin-Fav,Progressive,42,47.1,0.7759110906150174
Branin-Fav,Progressive,42,47.2,0.7759110906150174
Branin-Fav,Progressive,42,47.3,0.7759110906150174
Branin-Fav,Progressive,42,47.4,0.7759110906150174
Branin-Fav,Progressive,42,47.5,0.7759110906150174
Branin-Fav,Progressive,42,48.5,0.7759110906150174
Branin-Fav,Progressive,42,48.6,0.7759110906150174
Branin-Fav,Progressive,42,48.7,0.7759110906150174
Branin-Fav,Progressive,42,48.8,0.7759110906150174
Branin-Fav,Progressive,42,48.9,0.7759110906150174
Branin-Fav,Progressive,42,49.0,0.7759110906150174
Branin-Fav,Progressive,42,49.1,0.7759110906150174
Branin-Fav,Progressive,42,49.2,0.7759110906150174
Branin-Fav,Progressive,42,49.3,0.7759110906150174
Branin-Fav,Progressive,42,49.4,0.7759110906150174
Branin-Fav,Progressive,42,49.5,0.7759110906150174
Branin-Fav,Progressive,42,49.6,0.7759110906150174
Branin-Fav,Progressive,42,49.7,0.7759110906150174
Branin-Fav,Progressive,42,49.8,0.7759110906150174
Branin-Fav,Progressive,42,49.9,0.7759110906150174
