benchmark,model,strategy,seed,budget,regret
Park-Unfav,Sequential,adaptive,42,4.5,6.750905871830463
Park-Unfav,Sequential,adaptive,42,5.5,2.7182819100075
Park-Unfav,Sequential,adaptive,42,6.0,2.7182819100075
Park-Unfav,Sequential,adaptive,42,7.0,2.7182819100075
Park-Unfav,Sequential,adaptive,42,8.0,2.7182819100075
Park-Unfav,Sequential,adaptive,42,9.0,1.1161802446987618e-07
Park-Unfav,Sequential,adaptive,42,9.5,1.1161802446987618e-07
Park-Unfav,Sequential,adaptive,42,10.0,1.1161802446987618e-07
Park-Unfav,Sequential,adaptive,42,10.5,1.1161802446987618e-07
Park-Unfav,Sequential,adaptive,42,11.0,1.1161802446987618e-07
Park-Unfav,Sequential,adaptive,42,12.0,1.087312731383618e-07
Park-Unfav,Sequential,adaptive,42,12.5,1.087312731383618e-07
Park-Unfav,Sequential,adaptive,42,13.5,1.087312731383618e-07
Park-Unfav,Sequential,adaptive,42,14.0,1.087312731383618e-07
Park-Unfav,Sequential,adaptive,42,14.5,1.087312731383618e-07
Park-Unfav,Sequential,adaptive,42,15.0,1.087312731383618e-07
Park-Unfav,Sequential,adaptive,42,15.5,1.087312731383618e-07
Park-Unfav,Sequential,adaptive,42,16.5,1.087312731383618e-07
Park-Unfav,Sequential,adaptive,42,17.0,1.087312731383618e-07
Park-Unfav,Sequential,adaptive,42,17.5,1.087312731383618e-07
Park-Unfav,Sequential,adaptive,42,18.0,1.087312731383618e-07
Park-Unfav,Sequential,adaptive,42,18.5,1.087312731383618e-07
Park-Unfav,Sequential,adaptive,42,19.5,1.087312731383618e-07
Park-Unfav,Sequential,adaptive,42,20.0,1.087312731383618e-07
Park-Unfav,Sequential,adaptive,42,20.5,1.087312731383618e-07
Park-Unfav,Sequential,adaptive,42,21.0,1.087312731383618e-07
Park-Unfav,Sequential,adaptive,42,21.5,1.087312731383618e-07
Park-Unfav,Sequential,adaptive,42,22.5,1.087312731383618e-07
Park-Unfav,Sequential,adaptive,42,23.0,1.087312731383618e-07
Park-Unfav,Sequential,adaptive,42,23.5,1.087312731383618e-07
Park-Unfav,Sequential,adaptive,42,24.0,1.087312731383618e-07
Park-Unfav,Sequential,adaptive,42,24.5,1.087312731383618e-07
Park-Unfav,Sequential,adaptive,42,25.5,1.087312731383618e-07
Park-Unfav,Sequential,adaptive,42,26.0,1.087312731383618e-07
Park-Unfav,Sequential,adaptive,42,26.5,1.087312731383618e-07
Park-Unfav,Sequential,adaptive,42,27.0,1.087312731383618e-07
Park-Unfav,Sequential,adaptive,42,27.5,1.087312731383618e-07
Park-Unfav,Sequential,adaptive,42,28.5,1.087312731383618e-07
Park-Unfav,Sequential,adaptive,42,29.0,1.087312731383618e-07
Park-Unfav,Sequential,adaptive,42,29.5,1.087312731383618e-07
Park-Unfav,Sequential,adaptive,42,30.0,1.087312731383618e-07
Park-Unfav,Sequential,adaptive,42,30.5,1.087312731383618e-07
Park-Unfav,Sequential,adaptive,42,31.5,1.087312731383618e-07
Park-Unfav,Sequential,adaptive,42,32.0,1.087312731383618e-07
Park-Unfav,Sequential,adaptive,42,32.5,1.087312731383618e-07
Park-Unfav,Sequential,adaptive,42,33.0,1.087312731383618e-07
Park-Unfav,Sequential,adaptive,42,33.5,1.087312731383618e-07
Park-Unfav,Sequential,adaptive,42,34.5,1.087312731383618e-07
Park-Unfav,Sequential,adaptive,42,35.0,1.087312731383618e-07
Park-Unfav,Sequential,adaptive,42,35.5,1.087312731383618e-07
Park-Unfav,Sequential,adaptive,42,36.0,1.087312731383618e-07
Park-Unfav,Sequential,adaptive,42,36.5,1.087312731383618e-07
Park-Unfav,Sequential,adaptive,42,37.5,1.087312731383618e-07
Park-Unfav,Sequential,adaptive,42,38.5,1.087312731383618e-07
Park-Unfav,Sequential,adaptive,42,39.5,1.087312731383618e-07
Park-Unfav,Sequential,adaptive,42,40.5,1.087312731383618e-07
Park-Unfav,Sequential,adaptive,42,41.5,1.087312731383618e-07
Park-Unfav,Sequential,adaptive,42,42.0,1.087312731383618e-07
Park-Unfav,Sequential,adaptive,42,42.5,1.087312731383618e-07
Park-Unfav,Sequential,adaptive,42,43.0,1.087312731383618e-07
Park-Unfav,Sequential,adaptive,42,44.0,1.087312731383618e-07
Park-Unfav,Sequential,adaptive,42,45.0,1.087312731383618e-07
Park-Unfav,Sequential,adaptive,42,46.0,1.087312731383618e-07
Park-Unfav,Sequential,adaptive,42,47.0,1.087312731383618e-07
Park-Unfav,Sequential,adaptive,42,47.5,1.087312731383618e-07
Park-Unfav,Sequential,adaptive,42,48.5,1.087312731383618e-07
Park-Unfav,Sequential,adaptive,42,49.0,1.087312731383618e-07
Park-Unfav,Sequential,adaptive,42,49.5,1.087312731383618e-07
Park-Unfav,Sequential,adaptive,42,50.0,1.087312731383618e-07
Park-Unfav,Sequential,adaptive,43,4.5,5.43656365691809
Park-Unfav,Sequential,adaptive,43,5.5,5.43656365691809
Park-Unfav,Sequential,adaptive,43,6.5,5.43656365691809
Park-Unfav,Sequential,adaptive,43,7.5,1.1281375602258802e-07
Park-Unfav,Sequential,adaptive,43,8.5,1.1281375602258802e-07
Park-Unfav,Sequential,adaptive,43,9.0,1.1281375602258802e-07
Park-Unfav,Sequential,adaptive,43,9.5,1.1281375602258802e-07
Park-Unfav,Sequential,adaptive,43,10.0,1.1281375602258802e-07
Park-Unfav,Sequential,adaptive,43,11.0,1.087312731383618e-07
Park-Unfav,Sequential,adaptive,43,12.0,1.087312731383618e-07
Park-Unfav,Sequential,adaptive,43,13.0,1.087312731383618e-07
Park-Unfav,Sequential,adaptive,43,13.5,1.087312731383618e-07
Park-Unfav,Sequential,adaptive,43,14.0,1.087312731383618e-07
Park-Unfav,Sequential,adaptive,43,14.5,1.087312731383618e-07
Park-Unfav,Sequential,adaptive,43,15.0,1.087312731383618e-07
Park-Unfav,Sequential,adaptive,43,16.0,1.087312731383618e-07
Park-Unfav,Sequential,adaptive,43,16.5,1.087312731383618e-07
Park-Unfav,Sequential,adaptive,43,17.0,1.087312731383618e-07
Park-Unfav,Sequential,adaptive,43,17.5,1.087312731383618e-07
Park-Unfav,Sequential,adaptive,43,18.0,1.087312731383618e-07
Park-Unfav,Sequential,adaptive,43,19.0,1.087312731383618e-07
Park-Unfav,Sequential,adaptive,43,19.5,1.087312731383618e-07
Park-Unfav,Sequential,adaptive,43,20.0,1.087312731383618e-07
Park-Unfav,Sequential,adaptive,43,20.5,1.087312731383618e-07
Park-Unfav,Sequential,adaptive,43,21.0,1.087312731383618e-07
Park-Unfav,Sequential,adaptive,43,22.0,1.087312731383618e-07
Park-Unfav,Sequential,adaptive,43,22.5,1.087312731383618e-07
Park-Unfav,Sequential,adaptive,43,23.0,1.087312731383618e-07
Park-Unfav,Sequential,adaptive,43,23.5,1.087312731383618e-07
Park-Unfav,Sequential,adaptive,43,24.0,1.087312731383618e-07
Park-Unfav,Sequential,adaptive,43,25.0,1.087312731383618e-07
Park-Unfav,Sequential,adaptive,43,25.5,1.087312731383618e-07
Park-Unfav,Sequential,adaptive,43,26.0,1.087312731383618e-07
Park-Unfav,Sequential,adaptive,43,26.5,1.087312731383618e-07
Park-Unfav,Sequential,adaptive,43,27.0,1.087312731383618e-07
Park-Unfav,Sequential,adaptive,43,28.0,1.087312731383618e-07
Park-Unfav,Sequential,adaptive,43,28.5,1.087312731383618e-07
Park-Unfav,Sequential,adaptive,43,29.0,1.087312731383618e-07
Park-Unfav,Sequential,adaptive,43,29.5,1.087312731383618e-07
Park-Unfav,Sequential,adaptive,43,30.5,1.087312731383618e-07
Park-Unfav,Sequential,adaptive,43,31.0,1.087312731383618e-07
Park-Unfav,Sequential,adaptive,43,31.5,1.087312731383618e-07
Park-Unfav,Sequential,adaptive,43,32.0,1.087312731383618e-07
Park-Unfav,Sequential,adaptive,43,32.5,1.087312731383618e-07
Park-Unfav,Sequential,adaptive,43,33.5,1.087312731383618e-07
Park-Unfav,Sequential,adaptive,43,34.5,1.087312731383618e-07
Park-Unfav,Sequential,adaptive,43,35.5,1.087312731383618e-07
Park-Unfav,Sequential,adaptive,43,36.5,1.087312731383618e-07
Park-Unfav,Sequential,adaptive,43,37.5,1.087312731383618e-07
Park-Unfav,Sequential,adaptive,43,38.5,1.087312731383618e-07
Park-Unfav,Sequential,adaptive,43,39.5,1.087312731383618e-07
Park-Unfav,Sequential,adaptive,43,40.0,1.087312731383618e-07
Park-Unfav,Sequential,adaptive,43,40.5,1.087312731383618e-07
Park-Unfav,Sequential,adaptive,43,41.0,1.087312731383618e-07
Park-Unfav,Sequential,adaptive,43,41.5,1.087312731383618e-07
Park-Unfav,Sequential,adaptive,43,42.5,1.087312731383618e-07
Park-Unfav,Sequential,adaptive,43,43.0,1.087312731383618e-07
Park-Unfav,Sequential,adaptive,43,43.5,1.087312731383618e-07
Park-Unfav,Sequential,adaptive,43,44.0,1.087312731383618e-07
Park-Unfav,Sequential,adaptive,43,44.5,1.087312731383618e-07
Park-Unfav,Sequential,adaptive,43,45.5,1.087312731383618e-07
Park-Unfav,Sequential,adaptive,43,46.0,1.087312731383618e-07
Park-Unfav,Sequential,adaptive,43,46.5,1.087312731383618e-07
Park-Unfav,Sequential,adaptive,43,47.0,1.087312731383618e-07
Park-Unfav,Sequential,adaptive,43,47.5,1.087312731383618e-07
Park-Unfav,Sequential,adaptive,43,48.5,1.087312731383618e-07
Park-Unfav,Sequential,adaptive,43,49.0,1.087312731383618e-07
Park-Unfav,Sequential,adaptive,43,49.5,1.087312731383618e-07
Park-Unfav,Sequential,adaptive,43,50.0,1.087312731383618e-07
Park-Unfav,Sequential,adaptive,44,4.5,9.069885164386843
Park-Unfav,Sequential,adaptive,44,5.5,2.7182819100075
Park-Unfav,Sequential,adaptive,44,6.5,2.7182819100075
Park-Unfav,Sequential,adaptive,44,7.5,1.087312731383618e-07
Park-Unfav,Sequential,adaptive,44,8.0,1.087312731383618e-07
Park-Unfav,Sequential,adaptive,44,9.0,1.087312731383618e-07
Park-Unfav,Sequential,adaptive,44,9.5,1.087312731383618e-07
Park-Unfav,Sequential,adaptive,44,10.0,1.087312731383618e-07
Park-Unfav,Sequential,adaptive,44,11.0,1.087312731383618e-07
Park-Unfav,Sequential,adaptive,44,11.5,1.087312731383618e-07
Park-Unfav,Sequential,adaptive,44,12.0,1.087312731383618e-07
Park-Unfav,Sequential,adaptive,44,13.0,1.087312731383618e-07
Park-Unfav,Sequential,adaptive,44,13.5,1.087312731383618e-07
Park-Unfav,Sequential,adaptive,44,14.5,1.087312731383618e-07
Park-Unfav,Sequential,adaptive,44,15.0,1.087312731383618e-07
Park-Unfav,Sequential,adaptive,44,15.5,1.087312731383618e-07
Park-Unfav,Sequential,adaptive,44,16.0,1.087312731383618e-07
Park-Unfav,Sequential,adaptive,44,16.5,1.087312731383618e-07
Park-Unfav,Sequential,adaptive,44,17.5,1.087312731383618e-07
Park-Unfav,Sequential,adaptive,44,18.0,1.087312731383618e-07
Park-Unfav,Sequential,adaptive,44,18.5,1.087312731383618e-07
Park-Unfav,Sequential,adaptive,44,19.0,1.087312731383618e-07
Park-Unfav,Sequential,adaptive,44,19.5,1.087312731383618e-07
Park-Unfav,Sequential,adaptive,44,20.5,1.087312731383618e-07
Park-Unfav,Sequential,adaptive,44,21.0,1.087312731383618e-07
Park-Unfav,Sequential,adaptive,44,21.5,1.087312731383618e-07
Park-Unfav,Sequential,adaptive,44,22.0,1.087312731383618e-07
Park-Unfav,Sequential,adaptive,44,23.0,1.087312731383618e-07
Park-Unfav,Sequential,adaptive,44,24.0,1.087312731383618e-07
Park-Unfav,Sequential,adaptive,44,24.5,1.087312731383618e-07
Park-Unfav,Sequential,adaptive,44,25.0,1.087312731383618e-07
Park-Unfav,Sequential,adaptive,44,25.5,1.087312731383618e-07
Park-Unfav,Sequential,adaptive,44,26.5,1.087312731383618e-07
Park-Unfav,Sequential,adaptive,44,27.5,1.087312731383618e-07
Park-Unfav,Sequential,adaptive,44,28.5,1.087312731383618e-07
Park-Unfav,Sequential,adaptive,44,29.5,1.087312731383618e-07
Park-Unfav,Sequential,adaptive,44,30.5,1.087312731383618e-07
Park-Unfav,Sequential,adaptive,44,31.5,1.087312731383618e-07
Park-Unfav,Sequential,adaptive,44,32.5,1.087312731383618e-07
Park-Unfav,Sequential,adaptive,44,33.0,1.087312731383618e-07
Park-Unfav,Sequential,adaptive,44,33.5,1.087312731383618e-07
Park-Unfav,Sequential,adaptive,44,34.5,1.087312731383618e-07
Park-Unfav,Sequential,adaptive,44,35.5,1.087312731383618e-07
Park-Unfav,Sequential,adaptive,44,36.5,1.087312731383618e-07
Park-Unfav,Sequential,adaptive,44,37.0,1.087312731383618e-07
Park-Unfav,Sequential,adaptive,44,37.5,1.087312731383618e-07
Park-Unfav,Sequential,adaptive,44,38.0,1.087312731383618e-07
Park-Unfav,Sequential,adaptive,44,38.5,1.087312731383618e-07
Park-Unfav,Sequential,adaptive,44,39.5,1.087312731383618e-07
Park-Unfav,Sequential,adaptive,44,40.0,1.087312731383618e-07
Park-Unfav,Sequential,adaptive,44,40.5,1.087312731383618e-07
Park-Unfav,Sequential,adaptive,44,41.0,1.087312731383618e-07
Park-Unfav,Sequential,adaptive,44,41.5,1.087312731383618e-07
Park-Unfav,Sequential,adaptive,44,42.5,1.087312731383618e-07
Park-Unfav,Sequential,adaptive,44,43.0,1.087312731383618e-07
Park-Unfav,Sequential,adaptive,44,43.5,1.087312731383618e-07
Park-Unfav,Sequential,adaptive,44,44.0,1.087312731383618e-07
Park-Unfav,Sequential,adaptive,44,44.5,1.087312731383618e-07
Park-Unfav,Sequential,adaptive,44,45.5,1.087312731383618e-07
Park-Unfav,Sequential,adaptive,44,46.0,1.087312731383618e-07
Park-Unfav,Sequential,adaptive,44,46.5,1.087312731383618e-07
Park-Unfav,Sequential,adaptive,44,47.0,1.087312731383618e-07
Park-Unfav,Sequential,adaptive,44,47.5,1.087312731383618e-07
Park-Unfav,Sequential,adaptive,44,48.5,1.087312731383618e-07
Park-Unfav,Sequential,adaptive,44,49.0,1.087312731383618e-07
Park-Unfav,Sequential,adaptive,44,49.5,1.087312731383618e-07
Park-Unfav,Sequential,adaptive,44,50.0,1.087312731383618e-07
Park-Unfav,Sequential,adaptive,45,4.5,3.624375771278727
Park-Unfav,Sequential,adaptive,45,5.5,2.586872597596253e-07
Park-Unfav,Sequential,adaptive,45,6.0,2.586872597596253e-07
Park-Unfav,Sequential,adaptive,45,6.5,2.586872597596253e-07
Park-Unfav,Sequential,adaptive,45,7.5,2.586872597596253e-07
Park-Unfav,Sequential,adaptive,45,8.5,2.586872597596253e-07
Park-Unfav,Sequential,adaptive,45,9.5,1.087312731383618e-07
Park-Unfav,Sequential,adaptive,45,10.0,1.087312731383618e-07
Park-Unfav,Sequential,adaptive,45,11.0,1.087312731383618e-07
Park-Unfav,Sequential,adaptive,45,11.5,1.087312731383618e-07
Park-Unfav,Sequential,adaptive,45,12.5,1.087312731383618e-07
Park-Unfav,Sequential,adaptive,45,13.0,1.087312731383618e-07
Park-Unfav,Sequential,adaptive,45,14.0,1.087312731383618e-07
Park-Unfav,Sequential,adaptive,45,15.0,1.087312731383618e-07
Park-Unfav,Sequential,adaptive,45,16.0,1.087312731383618e-07
Park-Unfav,Sequential,adaptive,45,16.5,1.087312731383618e-07
Park-Unfav,Sequential,adaptive,45,17.0,1.087312731383618e-07
Park-Unfav,Sequential,adaptive,45,17.5,1.087312731383618e-07
Park-Unfav,Sequential,adaptive,45,18.5,1.087312731383618e-07
Park-Unfav,Sequential,adaptive,45,19.5,1.087312731383618e-07
Park-Unfav,Sequential,adaptive,45,20.0,1.087312731383618e-07
Park-Unfav,Sequential,adaptive,45,20.5,1.087312731383618e-07
Park-Unfav,Sequential,adaptive,45,21.0,1.087312731383618e-07
Park-Unfav,Sequential,adaptive,45,21.5,1.087312731383618e-07
Park-Unfav,Sequential,adaptive,45,22.5,1.087312731383618e-07
Park-Unfav,Sequential,adaptive,45,23.5,1.087312731383618e-07
Park-Unfav,Sequential,adaptive,45,24.5,1.087312731383618e-07
Park-Unfav,Sequential,adaptive,45,25.5,1.087312731383618e-07
Park-Unfav,Sequential,adaptive,45,26.5,1.087312731383618e-07
Park-Unfav,Sequential,adaptive,45,27.5,1.087312731383618e-07
Park-Unfav,Sequential,adaptive,45,28.5,1.087312731383618e-07
Park-Unfav,Sequential,adaptive,45,29.0,1.087312731383618e-07
Park-Unfav,Sequential,adaptive,45,30.0,1.087312731383618e-07
Park-Unfav,Sequential,adaptive,45,30.5,1.087312731383618e-07
Park-Unfav,Sequential,adaptive,45,31.0,1.087312731383618e-07
Park-Unfav,Sequential,adaptive,45,31.5,1.087312731383618e-07
Park-Unfav,Sequential,adaptive,45,32.0,1.087312731383618e-07
Park-Unfav,Sequential,adaptive,45,33.0,1.087312731383618e-07
Park-Unfav,Sequential,adaptive,45,33.5,1.087312731383618e-07
Park-Unfav,Sequential,adaptive,45,34.0,1.087312731383618e-07
Park-Unfav,Sequential,adaptive,45,34.5,1.087312731383618e-07
Park-Unfav,Sequential,adaptive,45,35.0,1.087312731383618e-07
Park-Unfav,Sequential,adaptive,45,36.0,1.087312731383618e-07
Park-Unfav,Sequential,adaptive,45,36.5,1.087312731383618e-07
Park-Unfav,Sequential,adaptive,45,37.0,1.087312731383618e-07
Park-Unfav,Sequential,adaptive,45,37.5,1.087312731383618e-07
Park-Unfav,Sequential,adaptive,45,38.0,1.087312731383618e-07
Park-Unfav,Sequential,adaptive,45,39.0,1.087312731383618e-07
Park-Unfav,Sequential,adaptive,45,39.5,1.087312731383618e-07
Park-Unfav,Sequential,adaptive,45,40.0,1.087312731383618e-07
Park-Unfav,Sequential,adaptive,45,40.5,1.087312731383618e-07
Park-Unfav,Sequential,adaptive,45,41.0,1.087312731383618e-07
Park-Unfav,Sequential,adaptive,45,42.0,1.087312731383618e-07
Park-Unfav,Sequential,adaptive,45,42.5,1.087312731383618e-07
Park-Unfav,Sequential,adaptive,45,43.0,1.087312731383618e-07
Park-Unfav,Sequential,adaptive,45,43.5,1.087312731383618e-07
Park-Unfav,Sequential,adaptive,45,44.0,1.087312731383618e-07
Park-Unfav,Sequential,adaptive,45,45.0,1.087312731383618e-07
Park-Unfav,Sequential,adaptive,45,45.5,1.087312731383618e-07
Park-Unfav,Sequential,adaptive,45,46.0,1.087312731383618e-07
Park-Unfav,Sequential,adaptive,45,46.5,1.087312731383618e-07
Park-Unfav,Sequential,adaptive,45,47.0,1.087312731383618e-07
Park-Unfav,Sequential,adaptive,45,48.0,1.087312731383618e-07
Park-Unfav,Sequential,adaptive,45,48.5,1.087312731383618e-07
Park-Unfav,Sequential,adaptive,45,49.0,1.087312731383618e-07
Park-Unfav,Sequential,adaptive,45,49.5,1.087312731383618e-07
Park-Unfav,Sequential,adaptive,45,50.0,1.087312731383618e-07
Park-Unfav,Sequential,adaptive,46,4.5,7.484453800301319
Park-Unfav,Sequential,adaptive,46,5.5,5.044919738861045
Park-Unfav,Sequential,adaptive,46,6.5,5.044919738861045
Park-Unfav,Sequential,adaptive,46,7.5,1.087312731383618e-07
Park-Unfav,Sequential,adaptive,46,8.5,1.087312731383618e-07
Park-Unfav,Sequential,adaptive,46,9.0,1.087312731383618e-07
Park-Unfav,Sequential,adaptive,46,10.0,1.087312731383618e-07
Park-Unfav,Sequential,adaptive,46,11.0,1.087312731383618e-07
Park-Unfav,Sequential,adaptive,46,11.5,1.087312731383618e-07
Park-Unfav,Sequential,adaptive,46,12.0,1.087312731383618e-07
Park-Unfav,Sequential,adaptive,46,12.5,1.087312731383618e-07
Park-Unfav,Sequential,adaptive,46,13.0,1.087312731383618e-07
Park-Unfav,Sequential,adaptive,46,14.0,1.087312731383618e-07
Park-Unfav,Sequential,adaptive,46,14.5,1.087312731383618e-07
Park-Unfav,Sequential,adaptive,46,15.0,1.087312731383618e-07
Park-Unfav,Sequential,adaptive,46,15.5,1.087312731383618e-07
Park-Unfav,Sequential,adaptive,46,16.0,1.087312731383618e-07
Park-Unfav,Sequential,adaptive,46,17.0,1.087312731383618e-07
Park-Unfav,Sequential,adaptive,46,17.5,1.087312731383618e-07
Park-Unfav,Sequential,adaptive,46,18.0,1.087312731383618e-07
Park-Unfav,Sequential,adaptive,46,19.0,1.087312731383618e-07
Park-Unfav,Sequential,adaptive,46,19.5,1.087312731383618e-07
Park-Unfav,Sequential,adaptive,46,20.0,1.087312731383618e-07
Park-Unfav,Sequential,adaptive,46,20.5,1.087312731383618e-07
Park-Unfav,Sequential,adaptive,46,21.0,1.087312731383618e-07
Park-Unfav,Sequential,adaptive,46,22.0,1.087312731383618e-07
Park-Unfav,Sequential,adaptive,46,23.0,1.087312731383618e-07
Park-Unfav,Sequential,adaptive,46,23.5,1.087312731383618e-07
Park-Unfav,Sequential,adaptive,46,24.0,1.087312731383618e-07
Park-Unfav,Sequential,adaptive,46,24.5,1.087312731383618e-07
Park-Unfav,Sequential,adaptive,46,25.5,1.087312731383618e-07
Park-Unfav,Sequential,adaptive,46,26.0,1.087312731383618e-07
Park-Unfav,Sequential,adaptive,46,26.5,1.087312731383618e-07
Park-Unfav,Sequential,adaptive,46,27.0,1.087312731383618e-07
Park-Unfav,Sequential,adaptive,46,27.5,1.087312731383618e-07
Park-Unfav,Sequential,adaptive,46,28.5,1.087312731383618e-07
Park-Unfav,Sequential,adaptive,46,29.0,1.087312731383618e-07
Park-Unfav,Sequential,adaptive,46,29.5,1.087312731383618e-07
Park-Unfav,Sequential,adaptive,46,30.0,1.087312731383618e-07
Park-Unfav,Sequential,adaptive,46,30.5,1.087312731383618e-07
Park-Unfav,Sequential,adaptive,46,31.5,1.087312731383618e-07
Park-Unfav,Sequential,adaptive,46,32.0,1.087312731383618e-07
Park-Unfav,Sequential,adaptive,46,32.5,1.087312731383618e-07
Park-Unfav,Sequential,adaptive,46,33.0,1.087312731383618e-07
Park-Unfav,Sequential,adaptive,46,33.5,1.087312731383618e-07
Park-Unfav,Sequential,adaptive,46,34.5,1.087312731383618e-07
Park-Unfav,Sequential,adaptive,46,35.0,1.087312731383618e-07
Park-Unfav,Sequential,adaptive,46,35.5,1.087312731383618e-07
Park-Unfav,Sequential,adaptive,46,36.0,1.087312731383618e-07
Park-Unfav,Sequential,adaptive,46,36.5,1.087312731383618e-07
Park-Unfav,Sequential,adaptive,46,37.5,1.087312731383618e-07
Park-Unfav,Sequential,adaptive,46,38.0,1.087312731383618e-07
Park-Unfav,Sequential,adaptive,46,38.5,1.087312731383618e-07
Park-Unfav,Sequential,adaptive,46,39.0,1.087312731383618e-07
Park-Unfav,Sequential,adaptive,46,39.5,1.087312731383618e-07
Park-Unfav,Sequential,adaptive,46,40.5,1.087312731383618e-07
Park-Unfav,Sequential,adaptive,46,41.0,1.087312731383618e-07
Park-Unfav,Sequential,adaptive,46,41.5,1.087312731383618e-07
Park-Unfav,Sequential,adaptive,46,42.0,1.087312731383618e-07
Park-Unfav,Sequential,adaptive,46,42.5,1.087312731383618e-07
Park-Unfav,Sequential,adaptive,46,43.5,1.087312731383618e-07
Park-Unfav,Sequential,adaptive,46,44.0,1.087312731383618e-07
Park-Unfav,Sequential,adaptive,46,44.5,1.087312731383618e-07
Park-Unfav,Sequential,adaptive,46,45.0,1.087312731383618e-07
Park-Unfav,Sequential,adaptive,46,45.5,1.087312731383618e-07
Park-Unfav,Sequential,adaptive,46,46.5,1.087312731383618e-07
Park-Unfav,Sequential,adaptive,46,47.0,1.087312731383618e-07
Park-Unfav,Sequential,adaptive,46,47.5,1.087312731383618e-07
Park-Unfav,Sequential,adaptive,46,48.0,1.087312731383618e-07
Park-Unfav,Sequential,adaptive,46,48.5,1.087312731383618e-07
Park-Unfav,Sequential,adaptive,46,49.5,1.087312731383618e-07
Park-Unfav,Sequential,adaptive,46,50.0,1.087312731383618e-07
Park-Unfav,Sequential,adaptive,47,4.5,9.15776078336808
Park-Unfav,Sequential,adaptive,47,5.5,2.7182819100075
Park-Unfav,Sequential,adaptive,47,6.5,2.7182819100075
Park-Unfav,Sequential,adaptive,47,7.0,2.7182819100075
Park-Unfav,Sequential,adaptive,47,8.0,2.7182819100075
Park-Unfav,Sequential,adaptive,47,9.0,1.137312731133618e-07
Park-Unfav,Sequential,adaptive,47,9.5,1.137312731133618e-07
Park-Unfav,Sequential,adaptive,47,10.5,1.087312731383618e-07
Park-Unfav,Sequential,adaptive,47,11.0,1.087312731383618e-07
Park-Unfav,Sequential,adaptive,47,11.5,1.087312731383618e-07
Park-Unfav,Sequential,adaptive,47,12.5,1.087312731383618e-07
Park-Unfav,Sequential,adaptive,47,13.0,1.087312731383618e-07
Park-Unfav,Sequential,adaptive,47,13.5,1.087312731383618e-07
Park-Unfav,Sequential,adaptive,47,14.5,1.087312731383618e-07
Park-Unfav,Sequential,adaptive,47,15.0,1.087312731383618e-07
Park-Unfav,Sequential,adaptive,47,15.5,1.087312731383618e-07
Park-Unfav,Sequential,adaptive,47,16.0,1.087312731383618e-07
Park-Unfav,Sequential,adaptive,47,16.5,1.087312731383618e-07
Park-Unfav,Sequential,adaptive,47,17.5,1.087312731383618e-07
Park-Unfav,Sequential,adaptive,47,18.0,1.087312731383618e-07
Park-Unfav,Sequential,adaptive,47,18.5,1.087312731383618e-07
Park-Unfav,Sequential,adaptive,47,19.0,1.087312731383618e-07
Park-Unfav,Sequential,adaptive,47,19.5,1.087312731383618e-07
Park-Unfav,Sequential,adaptive,47,20.5,1.087312731383618e-07
Park-Unfav,Sequential,adaptive,47,21.0,1.087312731383618e-07
Park-Unfav,Sequential,adaptive,47,22.0,1.087312731383618e-07
Park-Unfav,Sequential,adaptive,47,22.5,1.087312731383618e-07
Park-Unfav,Sequential,adaptive,47,23.0,1.087312731383618e-07
Park-Unfav,Sequential,adaptive,47,23.5,1.087312731383618e-07
Park-Unfav,Sequential,adaptive,47,24.0,1.087312731383618e-07
Park-Unfav,Sequential,adaptive,47,25.0,1.087312731383618e-07
Park-Unfav,Sequential,adaptive,47,25.5,1.087312731383618e-07
Park-Unfav,Sequential,adaptive,47,26.0,1.087312731383618e-07
Park-Unfav,Sequential,adaptive,47,26.5,1.087312731383618e-07
Park-Unfav,Sequential,adaptive,47,27.0,1.087312731383618e-07
Park-Unfav,Sequential,adaptive,47,28.0,1.087312731383618e-07
Park-Unfav,Sequential,adaptive,47,28.5,1.087312731383618e-07
Park-Unfav,Sequential,adaptive,47,29.0,1.087312731383618e-07
Park-Unfav,Sequential,adaptive,47,29.5,1.087312731383618e-07
Park-Unfav,Sequential,adaptive,47,30.0,1.087312731383618e-07
Park-Unfav,Sequential,adaptive,47,31.0,1.087312731383618e-07
Park-Unfav,Sequential,adaptive,47,31.5,1.087312731383618e-07
Park-Unfav,Sequential,adaptive,47,32.0,1.087312731383618e-07
Park-Unfav,Sequential,adaptive,47,32.5,1.087312731383618e-07
Park-Unfav,Sequential,adaptive,47,33.0,1.087312731383618e-07
Park-Unfav,Sequential,adaptive,47,34.0,1.087312731383618e-07
Park-Unfav,Sequential,adaptive,47,35.0,1.087312731383618e-07
Park-Unfav,Sequential,adaptive,47,35.5,1.087312731383618e-07
Park-Unfav,Sequential,adaptive,47,36.0,1.087312731383618e-07
Park-Unfav,Sequential,adaptive,47,37.0,1.087312731383618e-07
Park-Unfav,Sequential,adaptive,47,37.5,1.087312731383618e-07
Park-Unfav,Sequential,adaptive,47,38.5,1.087312731383618e-07
Park-Unfav,Sequential,adaptive,47,39.5,1.087312731383618e-07
Park-Unfav,Sequential,adaptive,47,40.5,1.087312731383618e-07
Park-Unfav,Sequential,adaptive,47,41.5,1.087312731383618e-07
Park-Unfav,Sequential,adaptive,47,42.5,1.087312731383618e-07
Park-Unfav,Sequential,adaptive,47,43.5,1.087312731383618e-07
Park-Unfav,Sequential,adaptive,47,44.5,1.087312731383618e-07
Park-Unfav,Sequential,adaptive,47,45.0,1.087312731383618e-07
Park-Unfav,Sequential,adaptive,47,45.5,1.087312731383618e-07
Park-Unfav,Sequential,adaptive,47,46.0,1.087312731383618e-07
Park-Unfav,Sequential,adaptive,47,46.5,1.087312731383618e-07
Park-Unfav,Sequential,adaptive,47,47.5,1.087312731383618e-07
Park-Unfav,Sequential,adaptive,47,48.0,1.087312731383618e-07
Park-Unfav,Sequential,adaptive,47,48.5,1.087312731383618e-07
Park-Unfav,Sequential,adaptive,47,49.0,1.087312731383618e-07
Park-Unfav,Sequential,adaptive,47,49.5,1.087312731383618e-07
Park-Unfav,Sequential,adaptive,47,50.0,1.087312731383618e-07
Park-Unfav,Sequential,adaptive,48,4.5,9.069885164386843
Park-Unfav,Sequential,adaptive,48,5.5,1.5248471779533417e-07
Park-Unfav,Sequential,adaptive,48,6.5,1.5248471779533417e-07
Park-Unfav,Sequential,adaptive,48,7.0,1.5248471779533417e-07
Park-Unfav,Sequential,adaptive,48,7.5,1.5248471779533417e-07
Park-Unfav,Sequential,adaptive,48,8.0,1.5248471779533417e-07
Park-Unfav,Sequential,adaptive,48,9.0,1.5248471779533417e-07
Park-Unfav,Sequential,adaptive,48,9.5,1.5248471779533417e-07
Park-Unfav,Sequential,adaptive,48,10.5,1.137312731133618e-07
Park-Unfav,Sequential,adaptive,48,11.0,1.137312731133618e-07
Park-Unfav,Sequential,adaptive,48,12.0,1.137312731133618e-07
Park-Unfav,Sequential,adaptive,48,12.5,1.137312731133618e-07
Park-Unfav,Sequential,adaptive,48,13.5,1.137312731133618e-07
Park-Unfav,Sequential,adaptive,48,14.5,1.137312731133618e-07
Park-Unfav,Sequential,adaptive,48,15.5,1.1161802446987618e-07
Park-Unfav,Sequential,adaptive,48,16.0,1.1161802446987618e-07
Park-Unfav,Sequential,adaptive,48,16.5,1.1161802446987618e-07
Park-Unfav,Sequential,adaptive,48,17.5,1.1161802446987618e-07
Park-Unfav,Sequential,adaptive,48,18.0,1.1161802446987618e-07
Park-Unfav,Sequential,adaptive,48,19.0,1.1161802446987618e-07
Park-Unfav,Sequential,adaptive,48,20.0,1.1161802446987618e-07
Park-Unfav,Sequential,adaptive,48,20.5,1.1161802446987618e-07
Park-Unfav,Sequential,adaptive,48,21.0,1.1161802446987618e-07
Park-Unfav,Sequential,adaptive,48,21.5,1.1161802446987618e-07
Park-Unfav,Sequential,adaptive,48,22.0,1.1161802446987618e-07
Park-Unfav,Sequential,adaptive,48,23.0,1.087312731383618e-07
Park-Unfav,Sequential,adaptive,48,24.0,1.087312731383618e-07
Park-Unfav,Sequential,adaptive,48,24.5,1.087312731383618e-07
Park-Unfav,Sequential,adaptive,48,25.0,1.087312731383618e-07
Park-Unfav,Sequential,adaptive,48,25.5,1.087312731383618e-07
Park-Unfav,Sequential,adaptive,48,26.5,1.087312731383618e-07
Park-Unfav,Sequential,adaptive,48,27.5,1.087312731383618e-07
Park-Unfav,Sequential,adaptive,48,28.5,1.087312731383618e-07
Park-Unfav,Sequential,adaptive,48,29.0,1.087312731383618e-07
Park-Unfav,Sequential,adaptive,48,29.5,1.087312731383618e-07
Park-Unfav,Sequential,adaptive,48,30.0,1.087312731383618e-07
Park-Unfav,Sequential,adaptive,48,30.5,1.087312731383618e-07
Park-Unfav,Sequential,adaptive,48,31.5,1.087312731383618e-07
Park-Unfav,Sequential,adaptive,48,32.0,1.087312731383618e-07
Park-Unfav,Sequential,adaptive,48,32.5,1.087312731383618e-07
Park-Unfav,Sequential,adaptive,48,33.0,1.087312731383618e-07
Park-Unfav,Sequential,adaptive,48,33.5,1.087312731383618e-07
Park-Unfav,Sequential,adaptive,48,34.5,1.087312731383618e-07
Park-Unfav,Sequential,adaptive,48,35.0,1.087312731383618e-07
Park-Unfav,Sequential,adaptive,48,35.5,1.087312731383618e-07
Park-Unfav,Sequential,adaptive,48,36.0,1.087312731383618e-07
Park-Unfav,Sequential,adaptive,48,36.5,1.087312731383618e-07
Park-Unfav,Sequential,adaptive,48,37.5,1.087312731383618e-07
Park-Unfav,Sequential,adaptive,48,38.0,1.087312731383618e-07
Park-Unfav,Sequential,adaptive,48,38.5,1.087312731383618e-07
Park-Unfav,Sequential,adaptive,48,39.0,1.087312731383618e-07
Park-Unfav,Sequential,adaptive,48,39.5,1.087312731383618e-07
Park-Unfav,Sequential,adaptive,48,40.5,1.087312731383618e-07
Park-Unfav,Sequential,adaptive,48,41.0,1.087312731383618e-07
Park-Unfav,Sequential,adaptive,48,41.5,1.087312731383618e-07
Park-Unfav,Sequential,adaptive,48,42.0,1.087312731383618e-07
Park-Unfav,Sequential,adaptive,48,42.5,1.087312731383618e-07
Park-Unfav,Sequential,adaptive,48,43.5,1.087312731383618e-07
Park-Unfav,Sequential,adaptive,48,44.0,1.087312731383618e-07
Park-Unfav,Sequential,adaptive,48,44.5,1.087312731383618e-07
Park-Unfav,Sequential,adaptive,48,45.0,1.087312731383618e-07
Park-Unfav,Sequential,adaptive,48,45.5,1.087312731383618e-07
Park-Unfav,Sequential,adaptive,48,46.5,1.087312731383618e-07
Park-Unfav,Sequential,adaptive,48,47.0,1.087312731383618e-07
Park-Unfav,Sequential,adaptive,48,47.5,1.087312731383618e-07
Park-Unfav,Sequential,adaptive,48,48.0,1.087312731383618e-07
Park-Unfav,Sequential,adaptive,48,48.5,1.087312731383618e-07
Park-Unfav,Sequential,adaptive,48,49.5,1.087312731383618e-07
Park-Unfav,Sequential,adaptive,48,50.0,1.087312731383618e-07
Park-Unfav,Sequential,adaptive,49,4.5,7.540938598669365
Park-Unfav,Sequential,adaptive,49,5.5,6.3058573778794935
Park-Unfav,Sequential,adaptive,49,6.5,6.3058573778794935
Park-Unfav,Sequential,adaptive,49,7.5,1.087312731383618e-07
Park-Unfav,Sequential,adaptive,49,8.5,1.087312731383618e-07
Park-Unfav,Sequential,adaptive,49,9.5,1.087312731383618e-07
Park-Unfav,Sequential,adaptive,49,10.0,1.087312731383618e-07
Park-Unfav,Sequential,adaptive,49,10.5,1.087312731383618e-07
Park-Unfav,Sequential,adaptive,49,11.5,1.087312731383618e-07
Park-Unfav,Sequential,adaptive,49,12.5,1.087312731383618e-07
Park-Unfav,Sequential,adaptive,49,13.0,1.087312731383618e-07
Park-Unfav,Sequential,adaptive,49,14.0,1.087312731383618e-07
Park-Unfav,Sequential,adaptive,49,14.5,1.087312731383618e-07
Park-Unfav,Sequential,adaptive,49,15.0,1.087312731383618e-07
Park-Unfav,Sequential,adaptive,49,15.5,1.087312731383618e-07
Park-Unfav,Sequential,adaptive,49,16.0,1.087312731383618e-07
Park-Unfav,Sequential,adaptive,49,17.0,1.087312731383618e-07
Park-Unfav,Sequential,adaptive,49,17.5,1.087312731383618e-07
Park-Unfav,Sequential,adaptive,49,18.0,1.087312731383618e-07
Park-Unfav,Sequential,adaptive,49,18.5,1.087312731383618e-07
Park-Unfav,Sequential,adaptive,49,19.0,1.087312731383618e-07
Park-Unfav,Sequential,adaptive,49,20.0,1.087312731383618e-07
Park-Unfav,Sequential,adaptive,49,20.5,1.087312731383618e-07
Park-Unfav,Sequential,adaptive,49,21.0,1.087312731383618e-07
Park-Unfav,Sequential,adaptive,49,22.0,1.087312731383618e-07
Park-Unfav,Sequential,adaptive,49,22.5,1.087312731383618e-07
Park-Unfav,Sequential,adaptive,49,23.0,1.087312731383618e-07
Park-Unfav,Sequential,adaptive,49,24.0,1.087312731383618e-07
Park-Unfav,Sequential,adaptive,49,24.5,1.087312731383618e-07
Park-Unfav,Sequential,adaptive,49,25.5,1.087312731383618e-07
Park-Unfav,Sequential,adaptive,49,26.0,1.087312731383618e-07
Park-Unfav,Sequential,adaptive,49,26.5,1.087312731383618e-07
Park-Unfav,Sequential,adaptive,49,27.0,1.087312731383618e-07
Park-Unfav,Sequential,adaptive,49,27.5,1.087312731383618e-07
Park-Unfav,Sequential,adaptive,49,28.5,1.087312731383618e-07
Park-Unfav,Sequential,adaptive,49,29.0,1.087312731383618e-07
Park-Unfav,Sequential,adaptive,49,29.5,1.087312731383618e-07
Park-Unfav,Sequential,adaptive,49,30.0,1.087312731383618e-07
Park-Unfav,Sequential,adaptive,49,30.5,1.087312731383618e-07
Park-Unfav,Sequential,adaptive,49,31.5,1.087312731383618e-07
Park-Unfav,Sequential,adaptive,49,32.0,1.087312731383618e-07
Park-Unfav,Sequential,adaptive,49,32.5,1.087312731383618e-07
Park-Unfav,Sequential,adaptive,49,33.0,1.087312731383618e-07
Park-Unfav,Sequential,adaptive,49,33.5,1.087312731383618e-07
Park-Unfav,Sequential,adaptive,49,34.5,1.087312731383618e-07
Park-Unfav,Sequential,adaptive,49,35.0,1.087312731383618e-07
Park-Unfav,Sequential,adaptive,49,35.5,1.087312731383618e-07
Park-Unfav,Sequential,adaptive,49,36.0,1.087312731383618e-07
Park-Unfav,Sequential,adaptive,49,36.5,1.087312731383618e-07
Park-Unfav,Sequential,adaptive,49,37.5,1.087312731383618e-07
Park-Unfav,Sequential,adaptive,49,38.0,1.087312731383618e-07
Park-Unfav,Sequential,adaptive,49,38.5,1.087312731383618e-07
Park-Unfav,Sequential,adaptive,49,39.0,1.087312731383618e-07
Park-Unfav,Sequential,adaptive,49,39.5,1.087312731383618e-07
Park-Unfav,Sequential,adaptive,49,40.5,1.087312731383618e-07
Park-Unfav,Sequential,adaptive,49,41.0,1.087312731383618e-07
Park-Unfav,Sequential,adaptive,49,41.5,1.087312731383618e-07
Park-Unfav,Sequential,adaptive,49,42.0,1.087312731383618e-07
Park-Unfav,Sequential,adaptive,49,42.5,1.087312731383618e-07
Park-Unfav,Sequential,adaptive,49,43.5,1.087312731383618e-07
Park-Unfav,Sequential,adaptive,49,44.0,1.087312731383618e-07
Park-Unfav,Sequential,adaptive,49,44.5,1.087312731383618e-07
Park-Unfav,Sequential,adaptive,49,45.0,1.087312731383618e-07
Park-Unfav,Sequential,adaptive,49,45.5,1.087312731383618e-07
Park-Unfav,Sequential,adaptive,49,46.5,1.087312731383618e-07
Park-Unfav,Sequential,adaptive,49,47.0,1.087312731383618e-07
Park-Unfav,Sequential,adaptive,49,47.5,1.087312731383618e-07
Park-Unfav,Sequential,adaptive,49,48.0,1.087312731383618e-07
Park-Unfav,Sequential,adaptive,49,48.5,1.087312731383618e-07
Park-Unfav,Sequential,adaptive,49,49.5,1.087312731383618e-07
Park-Unfav,Sequential,adaptive,49,50.0,1.087312731383618e-07
Park-Unfav,Sequential,adaptive,50,4.5,6.98106685381129
Park-Unfav,Sequential,adaptive,50,5.5,1.087312731383618e-07
Park-Unfav,Sequential,adaptive,50,6.0,1.087312731383618e-07
Park-Unfav,Sequential,adaptive,50,7.0,1.087312731383618e-07
Park-Unfav,Sequential,adaptive,50,7.5,1.087312731383618e-07
Park-Unfav,Sequential,adaptive,50,8.5,1.087312731383618e-07
Park-Unfav,Sequential,adaptive,50,9.0,1.087312731383618e-07
Park-Unfav,Sequential,adaptive,50,10.0,1.087312731383618e-07
Park-Unfav,Sequential,adaptive,50,10.5,1.087312731383618e-07
Park-Unfav,Sequential,adaptive,50,11.5,1.087312731383618e-07
Park-Unfav,Sequential,adaptive,50,12.0,1.087312731383618e-07
Park-Unfav,Sequential,adaptive,50,13.0,1.087312731383618e-07
Park-Unfav,Sequential,adaptive,50,13.5,1.087312731383618e-07
Park-Unfav,Sequential,adaptive,50,14.5,1.087312731383618e-07
Park-Unfav,Sequential,adaptive,50,15.5,1.087312731383618e-07
Park-Unfav,Sequential,adaptive,50,16.0,1.087312731383618e-07
Park-Unfav,Sequential,adaptive,50,17.0,1.087312731383618e-07
Park-Unfav,Sequential,adaptive,50,17.5,1.087312731383618e-07
Park-Unfav,Sequential,adaptive,50,18.0,1.087312731383618e-07
Park-Unfav,Sequential,adaptive,50,19.0,1.087312731383618e-07
Park-Unfav,Sequential,adaptive,50,20.0,1.087312731383618e-07
Park-Unfav,Sequential,adaptive,50,21.0,1.087312731383618e-07
Park-Unfav,Sequential,adaptive,50,22.0,1.087312731383618e-07
Park-Unfav,Sequential,adaptive,50,23.0,1.087312731383618e-07
Park-Unfav,Sequential,adaptive,50,24.0,1.087312731383618e-07
Park-Unfav,Sequential,adaptive,50,25.0,1.087312731383618e-07
Park-Unfav,Sequential,adaptive,50,25.5,1.087312731383618e-07
Park-Unfav,Sequential,adaptive,50,26.0,1.087312731383618e-07
Park-Unfav,Sequential,adaptive,50,26.5,1.087312731383618e-07
Park-Unfav,Sequential,adaptive,50,27.0,1.087312731383618e-07
Park-Unfav,Sequential,adaptive,50,28.0,1.087312731383618e-07
Park-Unfav,Sequential,adaptive,50,28.5,1.087312731383618e-07
Park-Unfav,Sequential,adaptive,50,29.0,1.087312731383618e-07
Park-Unfav,Sequential,adaptive,50,29.5,1.087312731383618e-07
Park-Unfav,Sequential,adaptive,50,30.5,1.087312731383618e-07
Park-Unfav,Sequential,adaptive,50,31.0,1.087312731383618e-07
Park-Unfav,Sequential,adaptive,50,31.5,1.087312731383618e-07
Park-Unfav,Sequential,adaptive,50,32.0,1.087312731383618e-07
Park-Unfav,Sequential,adaptive,50,32.5,1.087312731383618e-07
Park-Unfav,Sequential,adaptive,50,33.5,1.087312731383618e-07
Park-Unfav,Sequential,adaptive,50,34.0,1.087312731383618e-07
Park-Unfav,Sequential,adaptive,50,34.5,1.087312731383618e-07
Park-Unfav,Sequential,adaptive,50,35.0,1.087312731383618e-07
Park-Unfav,Sequential,adaptive,50,35.5,1.087312731383618e-07
Park-Unfav,Sequential,adaptive,50,36.5,1.087312731383618e-07
Park-Unfav,Sequential,adaptive,50,37.0,1.087312731383618e-07
Park-Unfav,Sequential,adaptive,50,37.5,1.087312731383618e-07
Park-Unfav,Sequential,adaptive,50,38.0,1.087312731383618e-07
Park-Unfav,Sequential,adaptive,50,38.5,1.087312731383618e-07
Park-Unfav,Sequential,adaptive,50,39.5,1.087312731383618e-07
Park-Unfav,Sequential,adaptive,50,40.0,1.087312731383618e-07
Park-Unfav,Sequential,adaptive,50,40.5,1.087312731383618e-07
Park-Unfav,Sequential,adaptive,50,41.0,1.087312731383618e-07
Park-Unfav,Sequential,adaptive,50,41.5,1.087312731383618e-07
Park-Unfav,Sequential,adaptive,50,42.5,1.087312731383618e-07
Park-Unfav,Sequential,adaptive,50,43.0,1.087312731383618e-07
Park-Unfav,Sequential,adaptive,50,43.5,1.087312731383618e-07
Park-Unfav,Sequential,adaptive,50,44.0,1.087312731383618e-07
Park-Unfav,Sequential,adaptive,50,44.5,1.087312731383618e-07
Park-Unfav,Sequential,adaptive,50,45.5,1.087312731383618e-07
Park-Unfav,Sequential,adaptive,50,46.0,1.087312731383618e-07
Park-Unfav,Sequential,adaptive,50,46.5,1.087312731383618e-07
Park-Unfav,Sequential,adaptive,50,47.0,1.087312731383618e-07
Park-Unfav,Sequential,adaptive,50,47.5,1.087312731383618e-07
Park-Unfav,Sequential,adaptive,50,48.5,1.087312731383618e-07
Park-Unfav,Sequential,adaptive,50,49.0,1.087312731383618e-07
Park-Unfav,Sequential,adaptive,50,49.5,1.087312731383618e-07
Park-Unfav,Sequential,adaptive,50,50.0,1.087312731383618e-07
Park-Unfav,Sequential,adaptive,51,4.5,6.305878088557509
Park-Unfav,Sequential,adaptive,51,5.5,1.1161802446987618e-07
Park-Unfav,Sequential,adaptive,51,6.5,1.1161802446987618e-07
Park-Unfav,Sequential,adaptive,51,7.5,1.1161802446987618e-07
Park-Unfav,Sequential,adaptive,51,8.0,1.1161802446987618e-07
Park-Unfav,Sequential,adaptive,51,8.5,1.1161802446987618e-07
Park-Unfav,Sequential,adaptive,51,9.5,1.1161802446987618e-07
Park-Unfav,Sequential,adaptive,51,10.0,1.1161802446987618e-07
Park-Unfav,Sequential,adaptive,51,11.0,1.087312731383618e-07
Park-Unfav,Sequential,adaptive,51,11.5,1.087312731383618e-07
Park-Unfav,Sequential,adaptive,51,12.0,1.087312731383618e-07
Park-Unfav,Sequential,adaptive,51,13.0,1.087312731383618e-07
Park-Unfav,Sequential,adaptive,51,14.0,1.087312731383618e-07
Park-Unfav,Sequential,adaptive,51,15.0,1.087312731383618e-07
Park-Unfav,Sequential,adaptive,51,16.0,1.087312731383618e-07
Park-Unfav,Sequential,adaptive,51,17.0,1.087312731383618e-07
Park-Unfav,Sequential,adaptive,51,18.0,1.087312731383618e-07
Park-Unfav,Sequential,adaptive,51,19.0,1.087312731383618e-07
Park-Unfav,Sequential,adaptive,51,20.0,1.087312731383618e-07
Park-Unfav,Sequential,adaptive,51,20.5,1.087312731383618e-07
Park-Unfav,Sequential,adaptive,51,21.0,1.087312731383618e-07
Park-Unfav,Sequential,adaptive,51,21.5,1.087312731383618e-07
Park-Unfav,Sequential,adaptive,51,22.0,1.087312731383618e-07
Park-Unfav,Sequential,adaptive,51,23.0,1.087312731383618e-07
Park-Unfav,Sequential,adaptive,51,24.0,1.087312731383618e-07
Park-Unfav,Sequential,adaptive,51,25.0,1.087312731383618e-07
Park-Unfav,Sequential,adaptive,51,26.0,1.087312731383618e-07
Park-Unfav,Sequential,adaptive,51,26.5,1.087312731383618e-07
Park-Unfav,Sequential,adaptive,51,27.0,1.087312731383618e-07
Park-Unfav,Sequential,adaptive,51,27.5,1.087312731383618e-07
Park-Unfav,Sequential,adaptive,51,28.0,1.087312731383618e-07
Park-Unfav,Sequential,adaptive,51,29.0,1.087312731383618e-07
Park-Unfav,Sequential,adaptive,51,29.5,1.087312731383618e-07
Park-Unfav,Sequential,adaptive,51,30.0,1.087312731383618e-07
Park-Unfav,Sequential,adaptive,51,30.5,1.087312731383618e-07
Park-Unfav,Sequential,adaptive,51,31.0,1.087312731383618e-07
Park-Unfav,Sequential,adaptive,51,32.0,1.087312731383618e-07
Park-Unfav,Sequential,adaptive,51,32.5,1.087312731383618e-07
Park-Unfav,Sequential,adaptive,51,33.0,1.087312731383618e-07
Park-Unfav,Sequential,adaptive,51,33.5,1.087312731383618e-07
Park-Unfav,Sequential,adaptive,51,34.0,1.087312731383618e-07
Park-Unfav,Sequential,adaptive,51,35.0,1.087312731383618e-07
Park-Unfav,Sequential,adaptive,51,35.5,1.087312731383618e-07
Park-Unfav,Sequential,adaptive,51,36.0,1.087312731383618e-07
Park-Unfav,Sequential,adaptive,51,36.5,1.087312731383618e-07
Park-Unfav,Sequential,adaptive,51,37.0,1.087312731383618e-07
Park-Unfav,Sequential,adaptive,51,38.0,1.087312731383618e-07
Park-Unfav,Sequential,adaptive,51,38.5,1.087312731383618e-07
Park-Unfav,Sequential,adaptive,51,39.0,1.087312731383618e-07
Park-Unfav,Sequential,adaptive,51,39.5,1.087312731383618e-07
Park-Unfav,Sequential,adaptive,51,40.0,1.087312731383618e-07
Park-Unfav,Sequential,adaptive,51,41.0,1.087312731383618e-07
Park-Unfav,Sequential,adaptive,51,41.5,1.087312731383618e-07
Park-Unfav,Sequential,adaptive,51,42.0,1.087312731383618e-07
Park-Unfav,Sequential,adaptive,51,42.5,1.087312731383618e-07
Park-Unfav,Sequential,adaptive,51,43.0,1.087312731383618e-07
Park-Unfav,Sequential,adaptive,51,44.0,1.087312731383618e-07
Park-Unfav,Sequential,adaptive,51,44.5,1.087312731383618e-07
Park-Unfav,Sequential,adaptive,51,45.0,1.087312731383618e-07
Park-Unfav,Sequential,adaptive,51,45.5,1.087312731383618e-07
Park-Unfav,Sequential,adaptive,51,46.0,1.087312731383618e-07
Park-Unfav,Sequential,adaptive,51,47.0,1.087312731383618e-07
Park-Unfav,Sequential,adaptive,51,47.5,1.087312731383618e-07
Park-Unfav,Sequential,adaptive,51,48.0,1.087312731383618e-07
Park-Unfav,Sequential,adaptive,51,48.5,1.087312731383618e-07
Park-Unfav,Sequential,adaptive,51,49.0,1.087312731383618e-07
Park-Unfav,Sequential,adaptive,51,50.0,1.087312731383618e-07
Park-Unfav,Sequential,adaptive,52,4.5,15.564909965743189
Park-Unfav,Sequential,adaptive,52,5.5,1.137312731133618e-07
Park-Unfav,Sequential,adaptive,52,6.0,1.137312731133618e-07
Park-Unfav,Sequential,adaptive,52,6.5,1.137312731133618e-07
Park-Unfav,Sequential,adaptive,52,7.5,1.087312731383618e-07
Park-Unfav,Sequential,adaptive,52,8.5,1.087312731383618e-07
Park-Unfav,Sequential,adaptive,52,9.5,1.087312731383618e-07
Park-Unfav,Sequential,adaptive,52,10.0,1.087312731383618e-07
Park-Unfav,Sequential,adaptive,52,10.5,1.087312731383618e-07
Park-Unfav,Sequential,adaptive,52,11.0,1.087312731383618e-07
Park-Unfav,Sequential,adaptive,52,12.0,1.087312731383618e-07
Park-Unfav,Sequential,adaptive,52,13.0,1.087312731383618e-07
Park-Unfav,Sequential,adaptive,52,13.5,1.087312731383618e-07
Park-Unfav,Sequential,adaptive,52,14.0,1.087312731383618e-07
Park-Unfav,Sequential,adaptive,52,14.5,1.087312731383618e-07
Park-Unfav,Sequential,adaptive,52,15.0,1.087312731383618e-07
Park-Unfav,Sequential,adaptive,52,16.0,1.087312731383618e-07
Park-Unfav,Sequential,adaptive,52,16.5,1.087312731383618e-07
Park-Unfav,Sequential,adaptive,52,17.0,1.087312731383618e-07
Park-Unfav,Sequential,adaptive,52,17.5,1.087312731383618e-07
Park-Unfav,Sequential,adaptive,52,18.0,1.087312731383618e-07
Park-Unfav,Sequential,adaptive,52,19.0,1.087312731383618e-07
Park-Unfav,Sequential,adaptive,52,19.5,1.087312731383618e-07
Park-Unfav,Sequential,adaptive,52,20.0,1.087312731383618e-07
Park-Unfav,Sequential,adaptive,52,20.5,1.087312731383618e-07
Park-Unfav,Sequential,adaptive,52,21.0,1.087312731383618e-07
Park-Unfav,Sequential,adaptive,52,22.0,1.087312731383618e-07
Park-Unfav,Sequential,adaptive,52,22.5,1.087312731383618e-07
Park-Unfav,Sequential,adaptive,52,23.0,1.087312731383618e-07
Park-Unfav,Sequential,adaptive,52,23.5,1.087312731383618e-07
Park-Unfav,Sequential,adaptive,52,24.0,1.087312731383618e-07
Park-Unfav,Sequential,adaptive,52,25.0,1.087312731383618e-07
Park-Unfav,Sequential,adaptive,52,25.5,1.087312731383618e-07
Park-Unfav,Sequential,adaptive,52,26.5,1.087312731383618e-07
Park-Unfav,Sequential,adaptive,52,27.5,1.087312731383618e-07
Park-Unfav,Sequential,adaptive,52,28.0,1.087312731383618e-07
Park-Unfav,Sequential,adaptive,52,28.5,1.087312731383618e-07
Park-Unfav,Sequential,adaptive,52,29.5,1.087312731383618e-07
Park-Unfav,Sequential,adaptive,52,30.0,1.087312731383618e-07
Park-Unfav,Sequential,adaptive,52,31.0,1.087312731383618e-07
Park-Unfav,Sequential,adaptive,52,31.5,1.087312731383618e-07
Park-Unfav,Sequential,adaptive,52,32.0,1.087312731383618e-07
Park-Unfav,Sequential,adaptive,52,32.5,1.087312731383618e-07
Park-Unfav,Sequential,adaptive,52,33.0,1.087312731383618e-07
Park-Unfav,Sequential,adaptive,52,34.0,1.087312731383618e-07
Park-Unfav,Sequential,adaptive,52,34.5,1.087312731383618e-07
Park-Unfav,Sequential,adaptive,52,35.5,1.087312731383618e-07
Park-Unfav,Sequential,adaptive,52,36.5,1.087312731383618e-07
Park-Unfav,Sequential,adaptive,52,37.0,1.087312731383618e-07
Park-Unfav,Sequential,adaptive,52,38.0,1.087312731383618e-07
Park-Unfav,Sequential,adaptive,52,38.5,1.087312731383618e-07
Park-Unfav,Sequential,adaptive,52,39.0,1.087312731383618e-07
Park-Unfav,Sequential,adaptive,52,39.5,1.087312731383618e-07
Park-Unfav,Sequential,adaptive,52,40.0,1.087312731383618e-07
Park-Unfav,Sequential,adaptive,52,41.0,1.087312731383618e-07
Park-Unfav,Sequential,adaptive,52,41.5,1.087312731383618e-07
Park-Unfav,Sequential,adaptive,52,42.0,1.087312731383618e-07
Park-Unfav,Sequential,adaptive,52,42.5,1.087312731383618e-07
Park-Unfav,Sequential,adaptive,52,43.0,1.087312731383618e-07
Park-Unfav,Sequential,adaptive,52,44.0,1.087312731383618e-07
Park-Unfav,Sequential,adaptive,52,44.5,1.087312731383618e-07
Park-Unfav,Sequential,adaptive,52,45.0,1.087312731383618e-07
Park-Unfav,Sequential,adaptive,52,45.5,1.087312731383618e-07
Park-Unfav,Sequential,adaptive,52,46.0,1.087312731383618e-07
Park-Unfav,Sequential,adaptive,52,47.0,1.087312731383618e-07
Park-Unfav,Sequential,adaptive,52,47.5,1.087312731383618e-07
Park-Unfav,Sequential,adaptive,52,48.0,1.087312731383618e-07
Park-Unfav,Sequential,adaptive,52,48.5,1.087312731383618e-07
Park-Unfav,Sequential,adaptive,52,49.0,1.087312731383618e-07
Park-Unfav,Sequential,adaptive,52,50.0,1.087312731383618e-07
Park-Unfav,Sequential,adaptive,53,4.5,1.541513844536675e-07
Park-Unfav,Sequential,adaptive,53,5.5,1.541513844536675e-07
Park-Unfav,Sequential,adaptive,53,6.5,1.137312731133618e-07
Park-Unfav,Sequential,adaptive,53,7.0,1.137312731133618e-07
Park-Unfav,Sequential,adaptive,53,8.0,1.137312731133618e-07
Park-Unfav,Sequential,adaptive,53,8.5,1.137312731133618e-07
Park-Unfav,Sequential,adaptive,53,9.5,1.137312731133618e-07
Park-Unfav,Sequential,adaptive,53,10.0,1.137312731133618e-07
Park-Unfav,Sequential,adaptive,53,11.0,1.137312731133618e-07
Park-Unfav,Sequential,adaptive,53,11.5,1.137312731133618e-07
Park-Unfav,Sequential,adaptive,53,12.5,1.1281375602258802e-07
Park-Unfav,Sequential,adaptive,53,13.5,1.1281375602258802e-07
Park-Unfav,Sequential,adaptive,53,14.0,1.1281375602258802e-07
Park-Unfav,Sequential,adaptive,53,14.5,1.1281375602258802e-07
Park-Unfav,Sequential,adaptive,53,15.5,1.1281375602258802e-07
Park-Unfav,Sequential,adaptive,53,16.0,1.1281375602258802e-07
Park-Unfav,Sequential,adaptive,53,17.0,1.1281375602258802e-07
Park-Unfav,Sequential,adaptive,53,17.5,1.1281375602258802e-07
Park-Unfav,Sequential,adaptive,53,18.0,1.1281375602258802e-07
Park-Unfav,Sequential,adaptive,53,18.5,1.1281375602258802e-07
Park-Unfav,Sequential,adaptive,53,19.5,1.1281375602258802e-07
Park-Unfav,Sequential,adaptive,53,20.5,1.087312731383618e-07
Park-Unfav,Sequential,adaptive,53,21.0,1.087312731383618e-07
Park-Unfav,Sequential,adaptive,53,21.5,1.087312731383618e-07
Park-Unfav,Sequential,adaptive,53,22.0,1.087312731383618e-07
Park-Unfav,Sequential,adaptive,53,22.5,1.087312731383618e-07
Park-Unfav,Sequential,adaptive,53,23.5,1.087312731383618e-07
Park-Unfav,Sequential,adaptive,53,24.0,1.087312731383618e-07
Park-Unfav,Sequential,adaptive,53,25.0,1.087312731383618e-07
Park-Unfav,Sequential,adaptive,53,26.0,1.087312731383618e-07
Park-Unfav,Sequential,adaptive,53,26.5,1.087312731383618e-07
Park-Unfav,Sequential,adaptive,53,27.5,1.087312731383618e-07
Park-Unfav,Sequential,adaptive,53,28.5,1.087312731383618e-07
Park-Unfav,Sequential,adaptive,53,29.0,1.087312731383618e-07
Park-Unfav,Sequential,adaptive,53,29.5,1.087312731383618e-07
Park-Unfav,Sequential,adaptive,53,30.0,1.087312731383618e-07
Park-Unfav,Sequential,adaptive,53,30.5,1.087312731383618e-07
Park-Unfav,Sequential,adaptive,53,31.5,1.087312731383618e-07
Park-Unfav,Sequential,adaptive,53,32.0,1.087312731383618e-07
Park-Unfav,Sequential,adaptive,53,32.5,1.087312731383618e-07
Park-Unfav,Sequential,adaptive,53,33.0,1.087312731383618e-07
Park-Unfav,Sequential,adaptive,53,33.5,1.087312731383618e-07
Park-Unfav,Sequential,adaptive,53,34.5,1.087312731383618e-07
Park-Unfav,Sequential,adaptive,53,35.0,1.087312731383618e-07
Park-Unfav,Sequential,adaptive,53,35.5,1.087312731383618e-07
Park-Unfav,Sequential,adaptive,53,36.0,1.087312731383618e-07
Park-Unfav,Sequential,adaptive,53,36.5,1.087312731383618e-07
Park-Unfav,Sequential,adaptive,53,37.5,1.087312731383618e-07
Park-Unfav,Sequential,adaptive,53,38.0,1.087312731383618e-07
Park-Unfav,Sequential,adaptive,53,38.5,1.087312731383618e-07
Park-Unfav,Sequential,adaptive,53,39.0,1.087312731383618e-07
Park-Unfav,Sequential,adaptive,53,39.5,1.087312731383618e-07
Park-Unfav,Sequential,adaptive,53,40.5,1.087312731383618e-07
Park-Unfav,Sequential,adaptive,53,41.0,1.087312731383618e-07
Park-Unfav,Sequential,adaptive,53,41.5,1.087312731383618e-07
Park-Unfav,Sequential,adaptive,53,42.0,1.087312731383618e-07
Park-Unfav,Sequential,adaptive,53,42.5,1.087312731383618e-07
Park-Unfav,Sequential,adaptive,53,43.5,1.087312731383618e-07
Park-Unfav,Sequential,adaptive,53,44.0,1.087312731383618e-07
Park-Unfav,Sequential,adaptive,53,44.5,1.087312731383618e-07
Park-Unfav,Sequential,adaptive,53,45.0,1.087312731383618e-07
Park-Unfav,Sequential,adaptive,53,45.5,1.087312731383618e-07
Park-Unfav,Sequential,adaptive,53,46.5,1.087312731383618e-07
Park-Unfav,Sequential,adaptive,53,47.0,1.087312731383618e-07
Park-Unfav,Sequential,adaptive,53,47.5,1.087312731383618e-07
Park-Unfav,Sequential,adaptive,53,48.0,1.087312731383618e-07
Park-Unfav,Sequential,adaptive,53,48.5,1.087312731383618e-07
Park-Unfav,Sequential,adaptive,53,49.5,1.087312731383618e-07
Park-Unfav,Sequential,adaptive,53,50.0,1.087312731383618e-07
Park-Unfav,Sequential,adaptive,54,4.5,2.5136870033572953
Park-Unfav,Sequential,adaptive,54,5.5,2.101985918740475
Park-Unfav,Sequential,adaptive,54,6.5,2.101985918740475
Park-Unfav,Sequential,adaptive,54,7.0,2.101985918740475
Park-Unfav,Sequential,adaptive,54,8.0,1.1281375602258802e-07
Park-Unfav,Sequential,adaptive,54,9.0,1.1281375602258802e-07
Park-Unfav,Sequential,adaptive,54,9.5,1.1281375602258802e-07
Park-Unfav,Sequential,adaptive,54,10.0,1.1281375602258802e-07
Park-Unfav,Sequential,adaptive,54,11.0,1.087312731383618e-07
Park-Unfav,Sequential,adaptive,54,11.5,1.087312731383618e-07
Park-Unfav,Sequential,adaptive,54,12.0,1.087312731383618e-07
Park-Unfav,Sequential,adaptive,54,13.0,1.087312731383618e-07
Park-Unfav,Sequential,adaptive,54,14.0,1.087312731383618e-07
Park-Unfav,Sequential,adaptive,54,14.5,1.087312731383618e-07
Park-Unfav,Sequential,adaptive,54,15.5,1.087312731383618e-07
Park-Unfav,Sequential,adaptive,54,16.0,1.087312731383618e-07
Park-Unfav,Sequential,adaptive,54,16.5,1.087312731383618e-07
Park-Unfav,Sequential,adaptive,54,17.5,1.087312731383618e-07
Park-Unfav,Sequential,adaptive,54,18.5,1.087312731383618e-07
Park-Unfav,Sequential,adaptive,54,19.0,1.087312731383618e-07
Park-Unfav,Sequential,adaptive,54,19.5,1.087312731383618e-07
Park-Unfav,Sequential,adaptive,54,20.5,1.087312731383618e-07
Park-Unfav,Sequential,adaptive,54,21.0,1.087312731383618e-07
Park-Unfav,Sequential,adaptive,54,21.5,1.087312731383618e-07
Park-Unfav,Sequential,adaptive,54,22.0,1.087312731383618e-07
Park-Unfav,Sequential,adaptive,54,22.5,1.087312731383618e-07
Park-Unfav,Sequential,adaptive,54,23.5,1.087312731383618e-07
Park-Unfav,Sequential,adaptive,54,24.0,1.087312731383618e-07
Park-Unfav,Sequential,adaptive,54,24.5,1.087312731383618e-07
Park-Unfav,Sequential,adaptive,54,25.0,1.087312731383618e-07
Park-Unfav,Sequential,adaptive,54,25.5,1.087312731383618e-07
Park-Unfav,Sequential,adaptive,54,26.5,1.087312731383618e-07
Park-Unfav,Sequential,adaptive,54,27.0,1.087312731383618e-07
Park-Unfav,Sequential,adaptive,54,27.5,1.087312731383618e-07
Park-Unfav,Sequential,adaptive,54,28.0,1.087312731383618e-07
Park-Unfav,Sequential,adaptive,54,29.0,1.087312731383618e-07
Park-Unfav,Sequential,adaptive,54,30.0,1.087312731383618e-07
Park-Unfav,Sequential,adaptive,54,31.0,1.087312731383618e-07
Park-Unfav,Sequential,adaptive,54,32.0,1.087312731383618e-07
Park-Unfav,Sequential,adaptive,54,33.0,1.087312731383618e-07
Park-Unfav,Sequential,adaptive,54,33.5,1.087312731383618e-07
Park-Unfav,Sequential,adaptive,54,34.0,1.087312731383618e-07
Park-Unfav,Sequential,adaptive,54,34.5,1.087312731383618e-07
Park-Unfav,Sequential,adaptive,54,35.0,1.087312731383618e-07
Park-Unfav,Sequential,adaptive,54,36.0,1.087312731383618e-07
Park-Unfav,Sequential,adaptive,54,36.5,1.087312731383618e-07
Park-Unfav,Sequential,adaptive,54,37.0,1.087312731383618e-07
Park-Unfav,Sequential,adaptive,54,37.5,1.087312731383618e-07
Park-Unfav,Sequential,adaptive,54,38.0,1.087312731383618e-07
Park-Unfav,Sequential,adaptive,54,39.0,1.087312731383618e-07
Park-Unfav,Sequential,adaptive,54,39.5,1.087312731383618e-07
Park-Unfav,Sequential,adaptive,54,40.0,1.087312731383618e-07
Park-Unfav,Sequential,adaptive,54,40.5,1.087312731383618e-07
Park-Unfav,Sequential,adaptive,54,41.0,1.087312731383618e-07
Park-Unfav,Sequential,adaptive,54,42.0,1.087312731383618e-07
Park-Unfav,Sequential,adaptive,54,42.5,1.087312731383618e-07
Park-Unfav,Sequential,adaptive,54,43.0,1.087312731383618e-07
Park-Unfav,Sequential,adaptive,54,43.5,1.087312731383618e-07
Park-Unfav,Sequential,adaptive,54,44.0,1.087312731383618e-07
Park-Unfav,Sequential,adaptive,54,45.0,1.087312731383618e-07
Park-Unfav,Sequential,adaptive,54,45.5,1.087312731383618e-07
Park-Unfav,Sequential,adaptive,54,46.0,1.087312731383618e-07
Park-Unfav,Sequential,adaptive,54,46.5,1.087312731383618e-07
Park-Unfav,Sequential,adaptive,54,47.0,1.087312731383618e-07
Park-Unfav,Sequential,adaptive,54,48.0,1.087312731383618e-07
Park-Unfav,Sequential,adaptive,54,48.5,1.087312731383618e-07
Park-Unfav,Sequential,adaptive,54,49.0,1.087312731383618e-07
Park-Unfav,Sequential,adaptive,54,49.5,1.087312731383618e-07
Park-Unfav,Sequential,adaptive,54,50.0,1.087312731383618e-07
Park-Unfav,Sequential,adaptive,55,4.5,7.582084872140787
Park-Unfav,Sequential,adaptive,55,5.5,1.087312731383618e-07
Park-Unfav,Sequential,adaptive,55,6.5,1.087312731383618e-07
Park-Unfav,Sequential,adaptive,55,7.5,1.087312731383618e-07
Park-Unfav,Sequential,adaptive,55,8.0,1.087312731383618e-07
Park-Unfav,Sequential,adaptive,55,8.5,1.087312731383618e-07
Park-Unfav,Sequential,adaptive,55,9.5,1.087312731383618e-07
Park-Unfav,Sequential,adaptive,55,10.0,1.087312731383618e-07
Park-Unfav,Sequential,adaptive,55,10.5,1.087312731383618e-07
Park-Unfav,Sequential,adaptive,55,11.5,1.087312731383618e-07
Park-Unfav,Sequential,adaptive,55,12.0,1.087312731383618e-07
Park-Unfav,Sequential,adaptive,55,12.5,1.087312731383618e-07
Park-Unfav,Sequential,adaptive,55,13.0,1.087312731383618e-07
Park-Unfav,Sequential,adaptive,55,13.5,1.087312731383618e-07
Park-Unfav,Sequential,adaptive,55,14.5,1.087312731383618e-07
Park-Unfav,Sequential,adaptive,55,15.0,1.087312731383618e-07
Park-Unfav,Sequential,adaptive,55,15.5,1.087312731383618e-07
Park-Unfav,Sequential,adaptive,55,16.0,1.087312731383618e-07
Park-Unfav,Sequential,adaptive,55,16.5,1.087312731383618e-07
Park-Unfav,Sequential,adaptive,55,17.5,1.087312731383618e-07
Park-Unfav,Sequential,adaptive,55,18.0,1.087312731383618e-07
Park-Unfav,Sequential,adaptive,55,18.5,1.087312731383618e-07
Park-Unfav,Sequential,adaptive,55,19.0,1.087312731383618e-07
Park-Unfav,Sequential,adaptive,55,19.5,1.087312731383618e-07
Park-Unfav,Sequential,adaptive,55,20.5,1.087312731383618e-07
Park-Unfav,Sequential,adaptive,55,21.0,1.087312731383618e-07
Park-Unfav,Sequential,adaptive,55,21.5,1.087312731383618e-07
Park-Unfav,Sequential,adaptive,55,22.0,1.087312731383618e-07
Park-Unfav,Sequential,adaptive,55,22.5,1.087312731383618e-07
Park-Unfav,Sequential,adaptive,55,23.5,1.087312731383618e-07
Park-Unfav,Sequential,adaptive,55,24.0,1.087312731383618e-07
Park-Unfav,Sequential,adaptive,55,24.5,1.087312731383618e-07
Park-Unfav,Sequential,adaptive,55,25.0,1.087312731383618e-07
Park-Unfav,Sequential,adaptive,55,25.5,1.087312731383618e-07
Park-Unfav,Sequential,adaptive,55,26.5,1.087312731383618e-07
Park-Unfav,Sequential,adaptive,55,27.0,1.087312731383618e-07
Park-Unfav,Sequential,adaptive,55,27.5,1.087312731383618e-07
Park-Unfav,Sequential,adaptive,55,28.0,1.087312731383618e-07
Park-Unfav,Sequential,adaptive,55,28.5,1.087312731383618e-07
Park-Unfav,Sequential,adaptive,55,29.5,1.087312731383618e-07
Park-Unfav,Sequential,adaptive,55,30.0,1.087312731383618e-07
Park-Unfav,Sequential,adaptive,55,30.5,1.087312731383618e-07
Park-Unfav,Sequential,adaptive,55,31.0,1.087312731383618e-07
Park-Unfav,Sequential,adaptive,55,31.5,1.087312731383618e-07
Park-Unfav,Sequential,adaptive,55,32.5,1.087312731383618e-07
Park-Unfav,Sequential,adaptive,55,33.0,1.087312731383618e-07
Park-Unfav,Sequential,adaptive,55,33.5,1.087312731383618e-07
Park-Unfav,Sequential,adaptive,55,34.0,1.087312731383618e-07
Park-Unfav,Sequential,adaptive,55,34.5,1.087312731383618e-07
Park-Unfav,Sequential,adaptive,55,35.5,1.087312731383618e-07
Park-Unfav,Sequential,adaptive,55,36.0,1.087312731383618e-07
Park-Unfav,Sequential,adaptive,55,36.5,1.087312731383618e-07
Park-Unfav,Sequential,adaptive,55,37.0,1.087312731383618e-07
Park-Unfav,Sequential,adaptive,55,37.5,1.087312731383618e-07
Park-Unfav,Sequential,adaptive,55,38.5,1.087312731383618e-07
Park-Unfav,Sequential,adaptive,55,39.0,1.087312731383618e-07
Park-Unfav,Sequential,adaptive,55,39.5,1.087312731383618e-07
Park-Unfav,Sequential,adaptive,55,40.0,1.087312731383618e-07
Park-Unfav,Sequential,adaptive,55,40.5,1.087312731383618e-07
Park-Unfav,Sequential,adaptive,55,41.5,1.087312731383618e-07
Park-Unfav,Sequential,adaptive,55,42.0,1.087312731383618e-07
Park-Unfav,Sequential,adaptive,55,42.5,1.087312731383618e-07
Park-Unfav,Sequential,adaptive,55,43.0,1.087312731383618e-07
Park-Unfav,Sequential,adaptive,55,43.5,1.087312731383618e-07
Park-Unfav,Sequential,adaptive,55,44.5,1.087312731383618e-07
Park-Unfav,Sequential,adaptive,55,45.0,1.087312731383618e-07
Park-Unfav,Sequential,adaptive,55,45.5,1.087312731383618e-07
Park-Unfav,Sequential,adaptive,55,46.0,1.087312731383618e-07
Park-Unfav,Sequential,adaptive,55,46.5,1.087312731383618e-07
Park-Unfav,Sequential,adaptive,55,47.5,1.087312731383618e-07
Park-Unfav,Sequential,adaptive,55,48.0,1.087312731383618e-07
Park-Unfav,Sequential,adaptive,55,48.5,1.087312731383618e-07
Park-Unfav,Sequential,adaptive,55,49.0,1.087312731383618e-07
Park-Unfav,Sequential,adaptive,55,49.5,1.087312731383618e-07
Park-Unfav,Sequential,adaptive,55,50.0,1.087312731383618e-07
Park-Unfav,Sequential,adaptive,56,4.5,13.883290131388847
Park-Unfav,Sequential,adaptive,56,5.5,1.087312731383618e-07
Park-Unfav,Sequential,adaptive,56,6.5,1.087312731383618e-07
Park-Unfav,Sequential,adaptive,56,7.0,1.087312731383618e-07
Park-Unfav,Sequential,adaptive,56,7.5,1.087312731383618e-07
Park-Unfav,Sequential,adaptive,56,8.5,1.087312731383618e-07
Park-Unfav,Sequential,adaptive,56,9.5,1.087312731383618e-07
Park-Unfav,Sequential,adaptive,56,10.0,1.087312731383618e-07
Park-Unfav,Sequential,adaptive,56,11.0,1.087312731383618e-07
Park-Unfav,Sequential,adaptive,56,11.5,1.087312731383618e-07
Park-Unfav,Sequential,adaptive,56,12.0,1.087312731383618e-07
Park-Unfav,Sequential,adaptive,56,12.5,1.087312731383618e-07
Park-Unfav,Sequential,adaptive,56,13.0,1.087312731383618e-07
Park-Unfav,Sequential,adaptive,56,14.0,1.087312731383618e-07
Park-Unfav,Sequential,adaptive,56,14.5,1.087312731383618e-07
Park-Unfav,Sequential,adaptive,56,15.0,1.087312731383618e-07
Park-Unfav,Sequential,adaptive,56,15.5,1.087312731383618e-07
Park-Unfav,Sequential,adaptive,56,16.0,1.087312731383618e-07
Park-Unfav,Sequential,adaptive,56,17.0,1.087312731383618e-07
Park-Unfav,Sequential,adaptive,56,17.5,1.087312731383618e-07
Park-Unfav,Sequential,adaptive,56,18.0,1.087312731383618e-07
Park-Unfav,Sequential,adaptive,56,18.5,1.087312731383618e-07
Park-Unfav,Sequential,adaptive,56,19.0,1.087312731383618e-07
Park-Unfav,Sequential,adaptive,56,20.0,1.087312731383618e-07
Park-Unfav,Sequential,adaptive,56,20.5,1.087312731383618e-07
Park-Unfav,Sequential,adaptive,56,21.0,1.087312731383618e-07
Park-Unfav,Sequential,adaptive,56,21.5,1.087312731383618e-07
Park-Unfav,Sequential,adaptive,56,22.0,1.087312731383618e-07
Park-Unfav,Sequential,adaptive,56,23.0,1.087312731383618e-07
Park-Unfav,Sequential,adaptive,56,23.5,1.087312731383618e-07
Park-Unfav,Sequential,adaptive,56,24.0,1.087312731383618e-07
Park-Unfav,Sequential,adaptive,56,24.5,1.087312731383618e-07
Park-Unfav,Sequential,adaptive,56,25.0,1.087312731383618e-07
Park-Unfav,Sequential,adaptive,56,26.0,1.087312731383618e-07
Park-Unfav,Sequential,adaptive,56,26.5,1.087312731383618e-07
Park-Unfav,Sequential,adaptive,56,27.0,1.087312731383618e-07
Park-Unfav,Sequential,adaptive,56,27.5,1.087312731383618e-07
Park-Unfav,Sequential,adaptive,56,28.0,1.087312731383618e-07
Park-Unfav,Sequential,adaptive,56,29.0,1.087312731383618e-07
Park-Unfav,Sequential,adaptive,56,29.5,1.087312731383618e-07
Park-Unfav,Sequential,adaptive,56,30.0,1.087312731383618e-07
Park-Unfav,Sequential,adaptive,56,30.5,1.087312731383618e-07
Park-Unfav,Sequential,adaptive,56,31.0,1.087312731383618e-07
Park-Unfav,Sequential,adaptive,56,32.0,1.087312731383618e-07
Park-Unfav,Sequential,adaptive,56,32.5,1.087312731383618e-07
Park-Unfav,Sequential,adaptive,56,33.0,1.087312731383618e-07
Park-Unfav,Sequential,adaptive,56,33.5,1.087312731383618e-07
Park-Unfav,Sequential,adaptive,56,34.0,1.087312731383618e-07
Park-Unfav,Sequential,adaptive,56,35.0,1.087312731383618e-07
Park-Unfav,Sequential,adaptive,56,35.5,1.087312731383618e-07
Park-Unfav,Sequential,adaptive,56,36.0,1.087312731383618e-07
Park-Unfav,Sequential,adaptive,56,36.5,1.087312731383618e-07
Park-Unfav,Sequential,adaptive,56,37.0,1.087312731383618e-07
Park-Unfav,Sequential,adaptive,56,38.0,1.087312731383618e-07
Park-Unfav,Sequential,adaptive,56,38.5,1.087312731383618e-07
Park-Unfav,Sequential,adaptive,56,39.0,1.087312731383618e-07
Park-Unfav,Sequential,adaptive,56,39.5,1.087312731383618e-07
Park-Unfav,Sequential,adaptive,56,40.0,1.087312731383618e-07
Park-Unfav,Sequential,adaptive,56,41.0,1.087312731383618e-07
Park-Unfav,Sequential,adaptive,56,41.5,1.087312731383618e-07
Park-Unfav,Sequential,adaptive,56,42.0,1.087312731383618e-07
Park-Unfav,Sequential,adaptive,56,42.5,1.087312731383618e-07
Park-Unfav,Sequential,adaptive,56,43.0,1.087312731383618e-07
Park-Unfav,Sequential,adaptive,56,44.0,1.087312731383618e-07
Park-Unfav,Sequential,adaptive,56,44.5,1.087312731383618e-07
Park-Unfav,Sequential,adaptive,56,45.0,1.087312731383618e-07
Park-Unfav,Sequential,adaptive,56,45.5,1.087312731383618e-07
Park-Unfav,Sequential,adaptive,56,46.0,1.087312731383618e-07
Park-Unfav,Sequential,adaptive,56,47.0,1.087312731383618e-07
Park-Unfav,Sequential,adaptive,56,48.0,1.087312731383618e-07
Park-Unfav,Sequential,adaptive,56,48.5,1.087312731383618e-07
Park-Unfav,Sequential,adaptive,56,49.0,1.087312731383618e-07
Park-Unfav,Sequential,adaptive,56,50.0,1.087312731383618e-07
Park-Unfav,Sequential,adaptive,57,4.5,3.770476774883267
Park-Unfav,Sequential,adaptive,57,5.5,3.770476774883267
Park-Unfav,Sequential,adaptive,57,6.5,1.137312731133618e-07
Park-Unfav,Sequential,adaptive,57,7.0,1.137312731133618e-07
Park-Unfav,Sequential,adaptive,57,8.0,1.137312731133618e-07
Park-Unfav,Sequential,adaptive,57,8.5,1.137312731133618e-07
Park-Unfav,Sequential,adaptive,57,9.0,1.137312731133618e-07
Park-Unfav,Sequential,adaptive,57,9.5,1.137312731133618e-07
Park-Unfav,Sequential,adaptive,57,10.0,1.137312731133618e-07
Park-Unfav,Sequential,adaptive,57,11.0,1.087312731383618e-07
Park-Unfav,Sequential,adaptive,57,11.5,1.087312731383618e-07
Park-Unfav,Sequential,adaptive,57,12.5,1.087312731383618e-07
Park-Unfav,Sequential,adaptive,57,13.5,1.087312731383618e-07
Park-Unfav,Sequential,adaptive,57,14.0,1.087312731383618e-07
Park-Unfav,Sequential,adaptive,57,14.5,1.087312731383618e-07
Park-Unfav,Sequential,adaptive,57,15.5,1.087312731383618e-07
Park-Unfav,Sequential,adaptive,57,16.5,1.087312731383618e-07
Park-Unfav,Sequential,adaptive,57,17.5,1.087312731383618e-07
Park-Unfav,Sequential,adaptive,57,18.5,1.087312731383618e-07
Park-Unfav,Sequential,adaptive,57,19.5,1.087312731383618e-07
Park-Unfav,Sequential,adaptive,57,20.5,1.087312731383618e-07
Park-Unfav,Sequential,adaptive,57,21.5,1.087312731383618e-07
Park-Unfav,Sequential,adaptive,57,22.5,1.087312731383618e-07
Park-Unfav,Sequential,adaptive,57,23.5,1.087312731383618e-07
Park-Unfav,Sequential,adaptive,57,24.5,1.087312731383618e-07
Park-Unfav,Sequential,adaptive,57,25.0,1.087312731383618e-07
Park-Unfav,Sequential,adaptive,57,26.0,1.087312731383618e-07
Park-Unfav,Sequential,adaptive,57,26.5,1.087312731383618e-07
Park-Unfav,Sequential,adaptive,57,27.0,1.087312731383618e-07
Park-Unfav,Sequential,adaptive,57,27.5,1.087312731383618e-07
Park-Unfav,Sequential,adaptive,57,28.0,1.087312731383618e-07
Park-Unfav,Sequential,adaptive,57,29.0,1.087312731383618e-07
Park-Unfav,Sequential,adaptive,57,29.5,1.087312731383618e-07
Park-Unfav,Sequential,adaptive,57,30.0,1.087312731383618e-07
Park-Unfav,Sequential,adaptive,57,30.5,1.087312731383618e-07
Park-Unfav,Sequential,adaptive,57,31.0,1.087312731383618e-07
Park-Unfav,Sequential,adaptive,57,32.0,1.087312731383618e-07
Park-Unfav,Sequential,adaptive,57,32.5,1.087312731383618e-07
Park-Unfav,Sequential,adaptive,57,33.0,1.087312731383618e-07
Park-Unfav,Sequential,adaptive,57,33.5,1.087312731383618e-07
Park-Unfav,Sequential,adaptive,57,34.0,1.087312731383618e-07
Park-Unfav,Sequential,adaptive,57,35.0,1.087312731383618e-07
Park-Unfav,Sequential,adaptive,57,35.5,1.087312731383618e-07
Park-Unfav,Sequential,adaptive,57,36.0,1.087312731383618e-07
Park-Unfav,Sequential,adaptive,57,36.5,1.087312731383618e-07
Park-Unfav,Sequential,adaptive,57,37.0,1.087312731383618e-07
Park-Unfav,Sequential,adaptive,57,38.0,1.087312731383618e-07
Park-Unfav,Sequential,adaptive,57,38.5,1.087312731383618e-07
Park-Unfav,Sequential,adaptive,57,39.0,1.087312731383618e-07
Park-Unfav,Sequential,adaptive,57,39.5,1.087312731383618e-07
Park-Unfav,Sequential,adaptive,57,40.0,1.087312731383618e-07
Park-Unfav,Sequential,adaptive,57,41.0,1.087312731383618e-07
Park-Unfav,Sequential,adaptive,57,41.5,1.087312731383618e-07
Park-Unfav,Sequential,adaptive,57,42.0,1.087312731383618e-07
Park-Unfav,Sequential,adaptive,57,42.5,1.087312731383618e-07
Park-Unfav,Sequential,adaptive,57,43.0,1.087312731383618e-07
Park-Unfav,Sequential,adaptive,57,44.0,1.087312731383618e-07
Park-Unfav,Sequential,adaptive,57,44.5,1.087312731383618e-07
Park-Unfav,Sequential,adaptive,57,45.0,1.087312731383618e-07
Park-Unfav,Sequential,adaptive,57,45.5,1.087312731383618e-07
Park-Unfav,Sequential,adaptive,57,46.0,1.087312731383618e-07
Park-Unfav,Sequential,adaptive,57,47.0,1.087312731383618e-07
Park-Unfav,Sequential,adaptive,57,47.5,1.087312731383618e-07
Park-Unfav,Sequential,adaptive,57,48.0,1.087312731383618e-07
Park-Unfav,Sequential,adaptive,57,48.5,1.087312731383618e-07
Park-Unfav,Sequential,adaptive,57,49.0,1.087312731383618e-07
Park-Unfav,Sequential,adaptive,57,50.0,1.087312731383618e-07
Park-Unfav,Sequential,adaptive,58,4.5,10.394009298192247
Park-Unfav,Sequential,adaptive,58,5.5,1.137312731133618e-07
Park-Unfav,Sequential,adaptive,58,6.0,1.137312731133618e-07
Park-Unfav,Sequential,adaptive,58,7.0,1.137312731133618e-07
Park-Unfav,Sequential,adaptive,58,8.0,1.137312731133618e-07
Park-Unfav,Sequential,adaptive,58,9.0,1.137312731133618e-07
Park-Unfav,Sequential,adaptive,58,9.5,1.137312731133618e-07
Park-Unfav,Sequential,adaptive,58,10.5,1.087312731383618e-07
Park-Unfav,Sequential,adaptive,58,11.0,1.087312731383618e-07
Park-Unfav,Sequential,adaptive,58,12.0,1.087312731383618e-07
Park-Unfav,Sequential,adaptive,58,13.0,1.087312731383618e-07
Park-Unfav,Sequential,adaptive,58,13.5,1.087312731383618e-07
Park-Unfav,Sequential,adaptive,58,14.5,1.087312731383618e-07
Park-Unfav,Sequential,adaptive,58,15.5,1.087312731383618e-07
Park-Unfav,Sequential,adaptive,58,16.5,1.087312731383618e-07
Park-Unfav,Sequential,adaptive,58,17.5,1.087312731383618e-07
Park-Unfav,Sequential,adaptive,58,18.5,1.087312731383618e-07
Park-Unfav,Sequential,adaptive,58,19.0,1.087312731383618e-07
Park-Unfav,Sequential,adaptive,58,20.0,1.087312731383618e-07
Park-Unfav,Sequential,adaptive,58,21.0,1.087312731383618e-07
Park-Unfav,Sequential,adaptive,58,21.5,1.087312731383618e-07
Park-Unfav,Sequential,adaptive,58,22.0,1.087312731383618e-07
Park-Unfav,Sequential,adaptive,58,22.5,1.087312731383618e-07
Park-Unfav,Sequential,adaptive,58,23.0,1.087312731383618e-07
Park-Unfav,Sequential,adaptive,58,24.0,1.087312731383618e-07
Park-Unfav,Sequential,adaptive,58,25.0,1.087312731383618e-07
Park-Unfav,Sequential,adaptive,58,25.5,1.087312731383618e-07
Park-Unfav,Sequential,adaptive,58,26.0,1.087312731383618e-07
Park-Unfav,Sequential,adaptive,58,26.5,1.087312731383618e-07
Park-Unfav,Sequential,adaptive,58,27.0,1.087312731383618e-07
Park-Unfav,Sequential,adaptive,58,28.0,1.087312731383618e-07
Park-Unfav,Sequential,adaptive,58,28.5,1.087312731383618e-07
Park-Unfav,Sequential,adaptive,58,29.0,1.087312731383618e-07
Park-Unfav,Sequential,adaptive,58,29.5,1.087312731383618e-07
Park-Unfav,Sequential,adaptive,58,30.0,1.087312731383618e-07
Park-Unfav,Sequential,adaptive,58,31.0,1.087312731383618e-07
Park-Unfav,Sequential,adaptive,58,31.5,1.087312731383618e-07
Park-Unfav,Sequential,adaptive,58,32.0,1.087312731383618e-07
Park-Unfav,Sequential,adaptive,58,32.5,1.087312731383618e-07
Park-Unfav,Sequential,adaptive,58,33.0,1.087312731383618e-07
Park-Unfav,Sequential,adaptive,58,34.0,1.087312731383618e-07
Park-Unfav,Sequential,adaptive,58,34.5,1.087312731383618e-07
Park-Unfav,Sequential,adaptive,58,35.0,1.087312731383618e-07
Park-Unfav,Sequential,adaptive,58,35.5,1.087312731383618e-07
Park-Unfav,Sequential,adaptive,58,36.0,1.087312731383618e-07
Park-Unfav,Sequential,adaptive,58,37.0,1.087312731383618e-07
Park-Unfav,Sequential,adaptive,58,37.5,1.087312731383618e-07
Park-Unfav,Sequential,adaptive,58,38.0,1.087312731383618e-07
Park-Unfav,Sequential,adaptive,58,38.5,1.087312731383618e-07
Park-Unfav,Sequential,adaptive,58,39.0,1.087312731383618e-07
Park-Unfav,Sequential,adaptive,58,40.0,1.087312731383618e-07
Park-Unfav,Sequential,adaptive,58,40.5,1.087312731383618e-07
Park-Unfav,Sequential,adaptive,58,41.0,1.087312731383618e-07
Park-Unfav,Sequential,adaptive,58,41.5,1.087312731383618e-07
Park-Unfav,Sequential,adaptive,58,42.0,1.087312731383618e-07
Park-Unfav,Sequential,adaptive,58,43.0,1.087312731383618e-07
Park-Unfav,Sequential,adaptive,58,43.5,1.087312731383618e-07
Park-Unfav,Sequential,adaptive,58,44.0,1.087312731383618e-07
Park-Unfav,Sequential,adaptive,58,44.5,1.087312731383618e-07
Park-Unfav,Sequential,adaptive,58,45.0,1.087312731383618e-07
Park-Unfav,Sequential,adaptive,58,46.0,1.087312731383618e-07
Park-Unfav,Sequential,adaptive,58,46.5,1.087312731383618e-07
Park-Unfav,Sequential,adaptive,58,47.0,1.087312731383618e-07
Park-Unfav,Sequential,adaptive,58,47.5,1.087312731383618e-07
Park-Unfav,Sequential,adaptive,58,48.0,1.087312731383618e-07
Park-Unfav,Sequential,adaptive,58,49.0,1.087312731383618e-07
Park-Unfav,Sequential,adaptive,58,49.5,1.087312731383618e-07
Park-Unfav,Sequential,adaptive,58,50.0,1.087312731383618e-07
Park-Unfav,Sequential,adaptive,59,4.5,2.0620396529616517e-07
Park-Unfav,Sequential,adaptive,59,5.0,2.0620396529616517e-07
Park-Unfav,Sequential,adaptive,59,6.0,2.051277131164388e-07
Park-Unfav,Sequential,adaptive,59,7.0,2.051277131164388e-07
Park-Unfav,Sequential,adaptive,59,8.0,2.051277131164388e-07
Park-Unfav,Sequential,adaptive,59,9.0,2.051277131164388e-07
Park-Unfav,Sequential,adaptive,59,10.0,1.087312731383618e-07
Park-Unfav,Sequential,adaptive,59,11.0,1.087312731383618e-07
Park-Unfav,Sequential,adaptive,59,12.0,1.087312731383618e-07
Park-Unfav,Sequential,adaptive,59,12.5,1.087312731383618e-07
Park-Unfav,Sequential,adaptive,59,13.0,1.087312731383618e-07
Park-Unfav,Sequential,adaptive,59,14.0,1.087312731383618e-07
Park-Unfav,Sequential,adaptive,59,14.5,1.087312731383618e-07
Park-Unfav,Sequential,adaptive,59,15.0,1.087312731383618e-07
Park-Unfav,Sequential,adaptive,59,16.0,1.087312731383618e-07
Park-Unfav,Sequential,adaptive,59,16.5,1.087312731383618e-07
Park-Unfav,Sequential,adaptive,59,17.5,1.087312731383618e-07
Park-Unfav,Sequential,adaptive,59,18.0,1.087312731383618e-07
Park-Unfav,Sequential,adaptive,59,19.0,1.087312731383618e-07
Park-Unfav,Sequential,adaptive,59,19.5,1.087312731383618e-07
Park-Unfav,Sequential,adaptive,59,20.0,1.087312731383618e-07
Park-Unfav,Sequential,adaptive,59,20.5,1.087312731383618e-07
Park-Unfav,Sequential,adaptive,59,21.0,1.087312731383618e-07
Park-Unfav,Sequential,adaptive,59,22.0,1.087312731383618e-07
Park-Unfav,Sequential,adaptive,59,22.5,1.087312731383618e-07
Park-Unfav,Sequential,adaptive,59,23.0,1.087312731383618e-07
Park-Unfav,Sequential,adaptive,59,23.5,1.087312731383618e-07
Park-Unfav,Sequential,adaptive,59,24.0,1.087312731383618e-07
Park-Unfav,Sequential,adaptive,59,25.0,1.087312731383618e-07
Park-Unfav,Sequential,adaptive,59,25.5,1.087312731383618e-07
Park-Unfav,Sequential,adaptive,59,26.0,1.087312731383618e-07
Park-Unfav,Sequential,adaptive,59,26.5,1.087312731383618e-07
Park-Unfav,Sequential,adaptive,59,27.0,1.087312731383618e-07
Park-Unfav,Sequential,adaptive,59,28.0,1.087312731383618e-07
Park-Unfav,Sequential,adaptive,59,28.5,1.087312731383618e-07
Park-Unfav,Sequential,adaptive,59,29.0,1.087312731383618e-07
Park-Unfav,Sequential,adaptive,59,29.5,1.087312731383618e-07
Park-Unfav,Sequential,adaptive,59,30.0,1.087312731383618e-07
Park-Unfav,Sequential,adaptive,59,31.0,1.087312731383618e-07
Park-Unfav,Sequential,adaptive,59,32.0,1.087312731383618e-07
Park-Unfav,Sequential,adaptive,59,33.0,1.087312731383618e-07
Park-Unfav,Sequential,adaptive,59,33.5,1.087312731383618e-07
Park-Unfav,Sequential,adaptive,59,34.0,1.087312731383618e-07
Park-Unfav,Sequential,adaptive,59,34.5,1.087312731383618e-07
Park-Unfav,Sequential,adaptive,59,35.0,1.087312731383618e-07
Park-Unfav,Sequential,adaptive,59,36.0,1.087312731383618e-07
Park-Unfav,Sequential,adaptive,59,36.5,1.087312731383618e-07
Park-Unfav,Sequential,adaptive,59,37.5,1.087312731383618e-07
Park-Unfav,Sequential,adaptive,59,38.5,1.087312731383618e-07
Park-Unfav,Sequential,adaptive,59,39.0,1.087312731383618e-07
Park-Unfav,Sequential,adaptive,59,39.5,1.087312731383618e-07
Park-Unfav,Sequential,adaptive,59,40.0,1.087312731383618e-07
Park-Unfav,Sequential,adaptive,59,40.5,1.087312731383618e-07
Park-Unfav,Sequential,adaptive,59,41.5,1.087312731383618e-07
Park-Unfav,Sequential,adaptive,59,42.0,1.087312731383618e-07
Park-Unfav,Sequential,adaptive,59,42.5,1.087312731383618e-07
Park-Unfav,Sequential,adaptive,59,43.0,1.087312731383618e-07
Park-Unfav,Sequential,adaptive,59,43.5,1.087312731383618e-07
Park-Unfav,Sequential,adaptive,59,44.5,1.087312731383618e-07
Park-Unfav,Sequential,adaptive,59,45.0,1.087312731383618e-07
Park-Unfav,Sequential,adaptive,59,45.5,1.087312731383618e-07
Park-Unfav,Sequential,adaptive,59,46.0,1.087312731383618e-07
Park-Unfav,Sequential,adaptive,59,46.5,1.087312731383618e-07
Park-Unfav,Sequential,adaptive,59,47.5,1.087312731383618e-07
Park-Unfav,Sequential,adaptive,59,48.0,1.087312731383618e-07
Park-Unfav,Sequential,adaptive,59,48.5,1.087312731383618e-07
Park-Unfav,Sequential,adaptive,59,49.0,1.087312731383618e-07
Park-Unfav,Sequential,adaptive,59,49.5,1.087312731383618e-07
Park-Unfav,Sequential,adaptive,59,50.0,1.087312731383618e-07
Park-Unfav,Sequential,adaptive,60,4.5,8.712389464625664
Park-Unfav,Sequential,adaptive,60,5.5,1.087312731383618e-07
Park-Unfav,Sequential,adaptive,60,6.5,1.087312731383618e-07
Park-Unfav,Sequential,adaptive,60,7.0,1.087312731383618e-07
Park-Unfav,Sequential,adaptive,60,8.0,1.087312731383618e-07
Park-Unfav,Sequential,adaptive,60,8.5,1.087312731383618e-07
Park-Unfav,Sequential,adaptive,60,9.5,1.087312731383618e-07
Park-Unfav,Sequential,adaptive,60,10.0,1.087312731383618e-07
Park-Unfav,Sequential,adaptive,60,10.5,1.087312731383618e-07
Park-Unfav,Sequential,adaptive,60,11.0,1.087312731383618e-07
Park-Unfav,Sequential,adaptive,60,11.5,1.087312731383618e-07
Park-Unfav,Sequential,adaptive,60,12.5,1.087312731383618e-07
Park-Unfav,Sequential,adaptive,60,13.0,1.087312731383618e-07
Park-Unfav,Sequential,adaptive,60,13.5,1.087312731383618e-07
Park-Unfav,Sequential,adaptive,60,14.0,1.087312731383618e-07
Park-Unfav,Sequential,adaptive,60,14.5,1.087312731383618e-07
Park-Unfav,Sequential,adaptive,60,15.5,1.087312731383618e-07
Park-Unfav,Sequential,adaptive,60,16.0,1.087312731383618e-07
Park-Unfav,Sequential,adaptive,60,16.5,1.087312731383618e-07
Park-Unfav,Sequential,adaptive,60,17.0,1.087312731383618e-07
Park-Unfav,Sequential,adaptive,60,17.5,1.087312731383618e-07
Park-Unfav,Sequential,adaptive,60,18.5,1.087312731383618e-07
Park-Unfav,Sequential,adaptive,60,19.5,1.087312731383618e-07
Park-Unfav,Sequential,adaptive,60,20.5,1.087312731383618e-07
Park-Unfav,Sequential,adaptive,60,21.0,1.087312731383618e-07
Park-Unfav,Sequential,adaptive,60,21.5,1.087312731383618e-07
Park-Unfav,Sequential,adaptive,60,22.0,1.087312731383618e-07
Park-Unfav,Sequential,adaptive,60,22.5,1.087312731383618e-07
Park-Unfav,Sequential,adaptive,60,23.5,1.087312731383618e-07
Park-Unfav,Sequential,adaptive,60,24.0,1.087312731383618e-07
Park-Unfav,Sequential,adaptive,60,24.5,1.087312731383618e-07
Park-Unfav,Sequential,adaptive,60,25.0,1.087312731383618e-07
Park-Unfav,Sequential,adaptive,60,26.0,1.087312731383618e-07
Park-Unfav,Sequential,adaptive,60,26.5,1.087312731383618e-07
Park-Unfav,Sequential,adaptive,60,27.0,1.087312731383618e-07
Park-Unfav,Sequential,adaptive,60,28.0,1.087312731383618e-07
Park-Unfav,Sequential,adaptive,60,28.5,1.087312731383618e-07
Park-Unfav,Sequential,adaptive,60,29.5,1.087312731383618e-07
Park-Unfav,Sequential,adaptive,60,30.0,1.087312731383618e-07
Park-Unfav,Sequential,adaptive,60,30.5,1.087312731383618e-07
Park-Unfav,Sequential,adaptive,60,31.0,1.087312731383618e-07
Park-Unfav,Sequential,adaptive,60,32.0,1.087312731383618e-07
Park-Unfav,Sequential,adaptive,60,33.0,1.087312731383618e-07
Park-Unfav,Sequential,adaptive,60,34.0,1.087312731383618e-07
Park-Unfav,Sequential,adaptive,60,35.0,1.087312731383618e-07
Park-Unfav,Sequential,adaptive,60,36.0,1.087312731383618e-07
Park-Unfav,Sequential,adaptive,60,37.0,1.087312731383618e-07
Park-Unfav,Sequential,adaptive,60,37.5,1.087312731383618e-07
Park-Unfav,Sequential,adaptive,60,38.0,1.087312731383618e-07
Park-Unfav,Sequential,adaptive,60,38.5,1.087312731383618e-07
Park-Unfav,Sequential,adaptive,60,39.0,1.087312731383618e-07
Park-Unfav,Sequential,adaptive,60,40.0,1.087312731383618e-07
Park-Unfav,Sequential,adaptive,60,40.5,1.087312731383618e-07
Park-Unfav,Sequential,adaptive,60,41.0,1.087312731383618e-07
Park-Unfav,Sequential,adaptive,60,41.5,1.087312731383618e-07
Park-Unfav,Sequential,adaptive,60,42.0,1.087312731383618e-07
Park-Unfav,Sequential,adaptive,60,43.0,1.087312731383618e-07
Park-Unfav,Sequential,adaptive,60,43.5,1.087312731383618e-07
Park-Unfav,Sequential,adaptive,60,44.0,1.087312731383618e-07
Park-Unfav,Sequential,adaptive,60,44.5,1.087312731383618e-07
Park-Unfav,Sequential,adaptive,60,45.0,1.087312731383618e-07
Park-Unfav,Sequential,adaptive,60,46.0,1.087312731383618e-07
Park-Unfav,Sequential,adaptive,60,46.5,1.087312731383618e-07
Park-Unfav,Sequential,adaptive,60,47.0,1.087312731383618e-07
Park-Unfav,Sequential,adaptive,60,47.5,1.087312731383618e-07
Park-Unfav,Sequential,adaptive,60,48.0,1.087312731383618e-07
Park-Unfav,Sequential,adaptive,60,49.0,1.087312731383618e-07
Park-Unfav,Sequential,adaptive,60,49.5,1.087312731383618e-07
Park-Unfav,Sequential,adaptive,60,50.0,1.087312731383618e-07
Park-Unfav,Sequential,adaptive,61,4.5,0.9061228918802969
Park-Unfav,Sequential,adaptive,61,5.5,1.137312731133618e-07
Park-Unfav,Sequential,adaptive,61,6.0,1.137312731133618e-07
Park-Unfav,Sequential,adaptive,61,7.0,1.137312731133618e-07
Park-Unfav,Sequential,adaptive,61,7.5,1.137312731133618e-07
Park-Unfav,Sequential,adaptive,61,8.0,1.137312731133618e-07
Park-Unfav,Sequential,adaptive,61,9.0,1.137312731133618e-07
Park-Unfav,Sequential,adaptive,61,10.0,1.137312731133618e-07
Park-Unfav,Sequential,adaptive,61,11.0,1.137312731133618e-07
Park-Unfav,Sequential,adaptive,61,11.5,1.137312731133618e-07
Park-Unfav,Sequential,adaptive,61,12.0,1.137312731133618e-07
Park-Unfav,Sequential,adaptive,61,13.0,1.087312731383618e-07
Park-Unfav,Sequential,adaptive,61,14.0,1.087312731383618e-07
Park-Unfav,Sequential,adaptive,61,14.5,1.087312731383618e-07
Park-Unfav,Sequential,adaptive,61,15.5,1.087312731383618e-07
Park-Unfav,Sequential,adaptive,61,16.5,1.087312731383618e-07
Park-Unfav,Sequential,adaptive,61,17.5,1.087312731383618e-07
Park-Unfav,Sequential,adaptive,61,18.0,1.087312731383618e-07
Park-Unfav,Sequential,adaptive,61,19.0,1.087312731383618e-07
Park-Unfav,Sequential,adaptive,61,20.0,1.087312731383618e-07
Park-Unfav,Sequential,adaptive,61,20.5,1.087312731383618e-07
Park-Unfav,Sequential,adaptive,61,21.0,1.087312731383618e-07
Park-Unfav,Sequential,adaptive,61,21.5,1.087312731383618e-07
Park-Unfav,Sequential,adaptive,61,22.0,1.087312731383618e-07
Park-Unfav,Sequential,adaptive,61,23.0,1.087312731383618e-07
Park-Unfav,Sequential,adaptive,61,23.5,1.087312731383618e-07
Park-Unfav,Sequential,adaptive,61,24.0,1.087312731383618e-07
Park-Unfav,Sequential,adaptive,61,24.5,1.087312731383618e-07
Park-Unfav,Sequential,adaptive,61,25.0,1.087312731383618e-07
Park-Unfav,Sequential,adaptive,61,26.0,1.087312731383618e-07
Park-Unfav,Sequential,adaptive,61,26.5,1.087312731383618e-07
Park-Unfav,Sequential,adaptive,61,27.5,1.087312731383618e-07
Park-Unfav,Sequential,adaptive,61,28.5,1.087312731383618e-07
Park-Unfav,Sequential,adaptive,61,29.5,1.087312731383618e-07
Park-Unfav,Sequential,adaptive,61,30.0,1.087312731383618e-07
Park-Unfav,Sequential,adaptive,61,30.5,1.087312731383618e-07
Park-Unfav,Sequential,adaptive,61,31.0,1.087312731383618e-07
Park-Unfav,Sequential,adaptive,61,31.5,1.087312731383618e-07
Park-Unfav,Sequential,adaptive,61,32.5,1.087312731383618e-07
Park-Unfav,Sequential,adaptive,61,33.0,1.087312731383618e-07
Park-Unfav,Sequential,adaptive,61,33.5,1.087312731383618e-07
Park-Unfav,Sequential,adaptive,61,34.0,1.087312731383618e-07
Park-Unfav,Sequential,adaptive,61,34.5,1.087312731383618e-07
Park-Unfav,Sequential,adaptive,61,35.5,1.087312731383618e-07
Park-Unfav,Sequential,adaptive,61,36.0,1.087312731383618e-07
Park-Unfav,Sequential,adaptive,61,36.5,1.087312731383618e-07
Park-Unfav,Sequential,adaptive,61,37.0,1.087312731383618e-07
Park-Unfav,Sequential,adaptive,61,37.5,1.087312731383618e-07
Park-Unfav,Sequential,adaptive,61,38.5,1.087312731383618e-07
Park-Unfav,Sequential,adaptive,61,39.0,1.087312731383618e-07
Park-Unfav,Sequential,adaptive,61,39.5,1.087312731383618e-07
Park-Unfav,Sequential,adaptive,61,40.0,1.087312731383618e-07
Park-Unfav,Sequential,adaptive,61,40.5,1.087312731383618e-07
Park-Unfav,Sequential,adaptive,61,41.5,1.087312731383618e-07
Park-Unfav,Sequential,adaptive,61,42.0,1.087312731383618e-07
Park-Unfav,Sequential,adaptive,61,42.5,1.087312731383618e-07
Park-Unfav,Sequential,adaptive,61,43.0,1.087312731383618e-07
Park-Unfav,Sequential,adaptive,61,43.5,1.087312731383618e-07
Park-Unfav,Sequential,adaptive,61,44.5,1.087312731383618e-07
Park-Unfav,Sequential,adaptive,61,45.0,1.087312731383618e-07
Park-Unfav,Sequential,adaptive,61,45.5,1.087312731383618e-07
Park-Unfav,Sequential,adaptive,61,46.0,1.087312731383618e-07
Park-Unfav,Sequential,adaptive,61,46.5,1.087312731383618e-07
Park-Unfav,Sequential,adaptive,61,47.5,1.087312731383618e-07
Park-Unfav,Sequential,adaptive,61,48.0,1.087312731383618e-07
Park-Unfav,Sequential,adaptive,61,48.5,1.087312731383618e-07
Park-Unfav,Sequential,adaptive,61,49.0,1.087312731383618e-07
Park-Unfav,Sequential,adaptive,61,49.5,1.087312731383618e-07
Park-Unfav,Sequential,adaptive,61,50.0,1.087312731383618e-07
