iter,ini_X_low,ini_y_low,ini_X_high,ini_y_high,y_pred_full
1,"[[2.0, 3.0, 3.0], [8.0, 2.0, 4.0], [2.0, 2.0, 4.0], [12.0, 3.0, 3.0], [13.0, 2.0, 1.0], [14.0, 2.0, 3.0], [6.0, 1.0, 4.0], [14.0, 2.0, 2.0]]","[2.1145, 1.0856, 1.3516, 2.3859, 3.8068, 1.7405, 1.6986, 2.2948]","[[2.0, 3.0, 1.0], [13.0, 2.0, 2.0]]","[5.2155, 2.5818]","[2.4509172439575195, 2.7503349781036377, 3.1277732849121094, 3.5141091346740723, 4.062060356140137, 4.420831203460693, 4.656645774841309, 4.978797435760498, 5.605904579162598, 5.999734401702881, 6.339261054992676, 6.571540832519531, 2.000664234161377, 2.348101854324341, 2.841526985168457, 3.341275930404663, 3.696601629257202, 3.9648356437683105, 4.208896636962891, 4.549349784851074, 5.372035503387451, 5.698066711425781, 5.95058536529541, 6.200587272644043, 1.7652177810668945, 2.112304210662842, 2.6172733306884766, 3.1354458332061768, 3.1899473667144775, 3.4711830615997314, 3.726577043533325, 4.151226997375488, 4.9647111892700195, 5.284414291381836, 5.501033306121826, 5.739385604858398, 1.663993000984192, 1.8800058364868164, 2.3553340435028076, 2.904834270477295, 2.815803289413452, 3.153005361557007, 3.495609760284424, 3.931382417678833, 4.395940780639648, 4.7486138343811035, 5.006232261657715, 5.235788822174072, 1.5627723932266235, 1.7034648656845093, 2.1175570487976074, 2.6325719356536865, 2.733795642852783, 2.9083504676818848, 3.2255096435546875, 3.6863701343536377, 3.9020543098449707, 4.269285678863525, 4.573003768920898, 4.922209739685059, 1.5592743158340454, 1.572571039199829, 1.9133317470550537, 2.4007046222686768, 2.6474876403808594, 2.7267544269561768, 2.9539809226989746, 3.3958072662353516, 3.7024381160736084, 4.024592876434326, 4.332939624786377, 4.655987739562988, 1.584385633468628, 1.5254871845245361, 1.7778445482254028, 2.236891508102417, 2.5771677494049072, 2.5877747535705566, 2.757659435272217, 3.1291768550872803, 3.635636568069458, 3.854018449783325, 4.080751419067383, 4.370523929595947, 1.637528896331787, 1.5547194480895996, 1.7052991390228271, 2.086921453475952, 2.5742850303649902, 2.485410213470459, 2.5852513313293457, 2.9299492835998535, 3.602916717529297, 3.691007375717163, 3.8937432765960693, 4.110598087310791, 1.7129160165786743, 1.591555118560791, 1.6838854551315308, 1.9552595615386963, 2.583585023880005, 2.4518277645111084, 2.4308905601501465, 2.7336294651031494, 3.5709035396575928, 3.576235055923462, 3.7203245162963867, 3.924001455307007, 1.7934985160827637, 1.6356173753738403, 1.6902331113815308, 1.9004364013671875, 2.5928847789764404, 2.455648183822632, 2.360264539718628, 2.5568020343780518, 3.585205554962158, 3.504089593887329, 3.547508955001831, 3.748340606689453, 1.8729536533355713, 1.6878405809402466, 1.7195855379104614, 1.8770180940628052, 2.6223018169403076, 2.469419002532959, 2.3765883445739746, 2.438693046569824, 3.604928970336914, 3.483024835586548, 3.414156913757324, 3.5788214206695557, 1.9535672664642334, 1.7411607503890991, 1.7552154064178467, 1.8831210136413574, 2.6770336627960205, 2.5050594806671143, 2.412290096282959, 2.426111936569214, 3.613316059112549, 3.477086305618286, 3.3636231422424316, 3.406006097793579, 2.0347580909729004, 1.7943131923675537, 1.7931780815124512, 1.8968979120254517, 2.7485713958740234, 2.552724599838257, 2.4479918479919434, 2.453155279159546, 3.6224992275238037, 3.470836877822876, 3.360646963119507, 3.266761541366577, 2.1159493923187256, 1.8626478910446167, 1.8347207307815552, 1.9137530326843262, 2.8241093158721924, 2.600831985473633, 2.4833765029907227, 2.489558458328247, 3.64243483543396, 3.47602915763855, 3.372490644454956, 3.2680857181549072, 2.1971404552459717, 1.9438393115997314, 1.885088324546814, 1.9481450319290161, 2.9016308784484863, 2.6489386558532715, 2.5184781551361084, 2.525986433029175, 3.6685075759887695, 3.49229097366333, 3.3899831771850586, 3.297832489013672, 2.2783312797546387, 2.0250301361083984, 1.937143087387085, 1.9818153381347656, 2.979034900665283, 2.699056386947632, 2.553579092025757, 2.5633769035339355, 3.718407392501831, 3.534914255142212, 3.425083875656128, 3.3331995010375977]"
2,"[[2.0, 3.0, 3.0], [8.0, 2.0, 4.0], [2.0, 2.0, 4.0], [12.0, 3.0, 3.0], [13.0, 2.0, 1.0], [14.0, 2.0, 3.0], [6.0, 1.0, 4.0], [14.0, 2.0, 2.0], [7.0, 1.0, 2.0]]","[2.1145, 1.0856, 1.3516, 2.3859, 3.8068, 1.7405, 1.6986, 2.2948, 2.0343000888824463]","[[2.0, 3.0, 1.0], [13.0, 2.0, 2.0]]","[5.2155, 2.5818]","[2.6804027557373047, 3.537364959716797, 4.396769046783447, 5.2464189529418945, 4.085624694824219, 4.794382095336914, 5.594734191894531, 6.40915060043335, 5.46195650100708, 6.159107208251953, 6.888187408447266, 7.648591995239258, 2.412705659866333, 3.262005567550659, 4.115173816680908, 4.95517110824585, 3.8274776935577393, 4.557086944580078, 5.337782859802246, 6.162566661834717, 5.300422668457031, 5.95806360244751, 6.6608076095581055, 7.419180870056152, 2.1815273761749268, 2.982525587081909, 3.839505434036255, 4.689048767089844, 3.531195878982544, 4.301817417144775, 5.074689865112305, 5.888143062591553, 4.985494613647461, 5.688383102416992, 6.439330101013184, 7.204113006591797, 1.960453987121582, 2.7200303077697754, 3.6039509773254395, 4.434016227722168, 3.2873172760009766, 4.046369552612305, 4.798766136169434, 5.610247611999512, 4.634778022766113, 5.423640727996826, 6.175326824188232, 6.9501633644104, 1.8134844303131104, 2.487839937210083, 3.3118748664855957, 4.210163593292236, 3.0352976322174072, 3.8072149753570557, 4.566390514373779, 5.351508140563965, 4.385926246643066, 5.16518497467041, 5.883132457733154, 6.671584129333496, 1.6825257539749146, 2.302135705947876, 3.034557580947876, 3.9166557788848877, 2.7937519550323486, 3.5534744262695312, 4.32851505279541, 5.111361026763916, 4.123431205749512, 4.921065330505371, 5.681066513061523, 6.4353132247924805, 1.5882618427276611, 2.173715114593506, 2.794151782989502, 3.6320765018463135, 2.6500861644744873, 3.3024699687957764, 4.074180603027344, 4.843205451965332, 3.8665149211883545, 4.663599014282227, 5.43618106842041, 6.186705589294434, 1.5404183864593506, 2.0820095539093018, 2.6812102794647217, 3.3568012714385986, 2.5076098442077637, 3.1131513118743896, 3.8118374347686768, 4.599615573883057, 3.647725820541382, 4.401717185974121, 5.1860551834106445, 5.960103988647461, 1.550418734550476, 1.9955483675003052, 2.5970840454101562, 3.19956636428833, 2.3748691082000732, 2.970674991607666, 3.5780739784240723, 4.3480329513549805, 3.5132205486297607, 4.149550437927246, 4.9342041015625, 5.715079307556152, 1.5740948915481567, 1.9280880689620972, 2.5259392261505127, 3.1045796871185303, 2.279930353164673, 2.8285138607025146, 3.4408881664276123, 4.084918022155762, 3.370950698852539, 3.976778745651245, 4.67418098449707, 5.45985221862793, 1.597771167755127, 1.9163779020309448, 2.4548940658569336, 3.038644552230835, 2.230537176132202, 2.732879877090454, 3.317868947982788, 3.9118707180023193, 3.228680372238159, 3.8343024253845215, 4.442811965942383, 5.196518898010254, 1.6214470863342285, 1.927362084388733, 2.379713535308838, 2.972744941711426, 2.2377212047576904, 2.6372463703155518, 3.2201268672943115, 3.822014331817627, 3.087489128112793, 3.691826343536377, 4.297368049621582, 4.932671546936035, 1.6467652320861816, 1.9492219686508179, 2.3457834720611572, 2.9068453311920166, 2.254169464111328, 2.55071759223938, 3.1223843097686768, 3.7378883361816406, 2.9942939281463623, 3.5493500232696533, 4.154891490936279, 4.764406204223633, 1.6820331811904907, 1.9728978872299194, 2.3237082958221436, 2.8382349014282227, 2.2770636081695557, 2.5588088035583496, 3.0280191898345947, 3.6469433307647705, 2.9583280086517334, 3.451798677444458, 4.030896186828613, 4.619821548461914, 1.7173010110855103, 1.9965745210647583, 2.3401224613189697, 2.7918312549591064, 2.299957752227783, 2.575065851211548, 2.952051877975464, 3.5608651638031006, 2.9618279933929443, 3.3561651706695557, 3.93526291847229, 4.514359474182129, 1.7525688409805298, 2.0202505588531494, 2.3565361499786377, 2.7634787559509277, 2.3217599391937256, 2.5925300121307373, 2.919339418411255, 3.4848601818084717, 2.9690115451812744, 3.286677122116089, 3.8396289348602295, 4.418725967407227]"
3,"[[2.0, 3.0, 3.0], [8.0, 2.0, 4.0], [2.0, 2.0, 4.0], [12.0, 3.0, 3.0], [13.0, 2.0, 1.0], [14.0, 2.0, 3.0], [6.0, 1.0, 4.0], [14.0, 2.0, 2.0], [7.0, 1.0, 2.0], [8.0, 1.0, 1.0]]","[2.1145, 1.0856, 1.3516, 2.3859, 3.8068, 1.7405, 1.6986, 2.2948, 2.0343000888824463, 4.2846999168396]","[[2.0, 3.0, 1.0], [13.0, 2.0, 2.0]]","[5.2155, 2.5818]","[2.798675060272217, 3.0831151008605957, 3.464498281478882, 4.007445335388184, 4.2767181396484375, 4.408899307250977, 4.754726409912109, 5.13474178314209, 5.652289390563965, 5.788069725036621, 6.045285224914551, 6.390416145324707, 2.4046523571014404, 2.7291829586029053, 3.1262922286987305, 3.6571173667907715, 3.9470367431640625, 4.137662887573242, 4.475175857543945, 4.82505989074707, 5.514228820800781, 5.561226844787598, 5.828177452087402, 6.16495418548584, 2.1618223190307617, 2.355271816253662, 2.773320436477661, 3.3222451210021973, 3.566210985183716, 3.755951166152954, 4.170117378234863, 4.527130126953125, 5.200467109680176, 5.303418159484863, 5.531961441040039, 5.872694969177246, 2.0209503173828125, 2.181490182876587, 2.5327346324920654, 3.0966928005218506, 3.330245018005371, 3.4342901706695557, 3.748530864715576, 4.195279121398926, 4.822385787963867, 4.971105575561523, 5.2084808349609375, 5.575410842895508, 1.9215761423110962, 2.071106433868408, 2.3878543376922607, 2.91971492767334, 3.104872703552246, 3.192417621612549, 3.4539973735809326, 3.7780394554138184, 4.540614128112793, 4.611791610717773, 4.867170333862305, 5.19528865814209, 1.8393064737319946, 1.9607223272323608, 2.282160758972168, 2.7463135719299316, 3.008005380630493, 3.0766594409942627, 3.3198401927948, 3.639108657836914, 4.313525199890137, 4.384765625, 4.540763854980469, 4.853926658630371, 1.7643417119979858, 1.8565864562988281, 2.1764674186706543, 2.6379010677337646, 2.926548719406128, 2.991961717605591, 3.2051403522491455, 3.5222933292388916, 4.1041975021362305, 4.1728515625, 4.299867630004883, 4.583916664123535, 1.742685317993164, 1.7636158466339111, 2.0707738399505615, 2.5322072505950928, 2.8469717502593994, 2.907264232635498, 3.0947561264038086, 3.4066669940948486, 4.024264335632324, 4.0881547927856445, 4.204551696777344, 4.46710205078125, 1.7568496465682983, 1.697287917137146, 1.9650802612304688, 2.426513671875, 2.767394542694092, 2.8229496479034424, 2.990971326828003, 3.300973653793335, 3.944687843322754, 4.003457069396973, 4.109957695007324, 4.350286483764648, 1.7745217084884644, 1.6844263076782227, 1.8609504699707031, 2.3208203315734863, 2.6878175735473633, 2.7389626502990723, 2.897087812423706, 3.195279598236084, 3.8651108741760254, 3.9187586307525635, 4.015363693237305, 4.239151954650879, 1.7953824996948242, 1.6878595352172852, 1.8000298738479614, 2.2151267528533936, 2.6101303100585938, 2.654975175857544, 2.8032045364379883, 3.089586019515991, 3.785533905029297, 3.8340611457824707, 3.920769691467285, 4.14058780670166, 1.8173476457595825, 1.7031023502349854, 1.7979912757873535, 2.1094329357147217, 2.5869815349578857, 2.5709877014160156, 2.709320545196533, 2.9968953132629395, 3.7059569358825684, 3.7493631839752197, 3.8261752128601074, 4.046703815460205, 1.8393124341964722, 1.7190688848495483, 1.7966068983078003, 2.032313346862793, 2.5863420963287354, 2.507389545440674, 2.6154372692108154, 2.9077014923095703, 3.6263794898986816, 3.6646652221679688, 3.7333197593688965, 3.9528205394744873, 1.8612778186798096, 1.73503577709198, 1.8068348169326782, 2.02510929107666, 2.6033103466033936, 2.4817657470703125, 2.528920888900757, 2.8197083473205566, 3.5468029975891113, 3.579967498779297, 3.6486215591430664, 3.8589372634887695, 1.8832428455352783, 1.7510018348693848, 1.8237617015838623, 2.0179288387298584, 2.6228339672088623, 2.4759790897369385, 2.4681732654571533, 2.7369468212127686, 3.4776949882507324, 3.495269775390625, 3.5639243125915527, 3.7650537490844727, 1.905207633972168, 1.7710092067718506, 1.840688943862915, 2.0147526264190674, 2.6441032886505127, 2.490504026412964, 2.4386813640594482, 2.664440155029297, 3.4476170539855957, 3.4173481464385986, 3.4792261123657227, 3.6711699962615967]"
4,"[[2.0, 3.0, 3.0], [8.0, 2.0, 4.0], [2.0, 2.0, 4.0], [12.0, 3.0, 3.0], [13.0, 2.0, 1.0], [14.0, 2.0, 3.0], [6.0, 1.0, 4.0], [14.0, 2.0, 2.0], [7.0, 1.0, 2.0], [8.0, 1.0, 1.0], [11.0, 1.0, 2.0]]","[2.1145, 1.0856, 1.3516, 2.3859, 3.8068, 1.7405, 1.6986, 2.2948, 2.0343000888824463, 4.2846999168396, 3.5046000480651855]","[[2.0, 3.0, 1.0], [13.0, 2.0, 2.0]]","[5.2155, 2.5818]","[2.541856527328491, 3.2850348949432373, 4.116573810577393, 4.963443756103516, 4.097043514251709, 4.731832981109619, 5.503375053405762, 6.279417991638184, 5.633776664733887, 6.223318099975586, 6.889224052429199, 7.6734724044799805, 2.0942294597625732, 2.7517998218536377, 3.5761468410491943, 4.434628486633301, 3.7312753200531006, 4.277176856994629, 5.058964729309082, 5.867363452911377, 5.3616557121276855, 5.846649646759033, 6.488827705383301, 7.2727203369140625, 1.8583896160125732, 2.259734869003296, 2.9996848106384277, 3.861469030380249, 3.370021104812622, 3.773747444152832, 4.521711826324463, 5.338542461395264, 4.992604732513428, 5.408926963806152, 6.037540435791016, 6.819891929626465, 1.6886112689971924, 1.9783381223678589, 2.5415241718292236, 3.2812907695770264, 3.098478317260742, 3.403085947036743, 3.9538657665252686, 4.774441719055176, 4.676456451416016, 5.011831283569336, 5.517923831939697, 6.284638404846191, 1.5574092864990234, 1.8089017868041992, 2.2373368740081787, 2.8711206912994385, 2.9024159908294678, 3.1344921588897705, 3.5501625537872314, 4.209625244140625, 4.42744255065918, 4.7104010581970215, 5.057152271270752, 5.708456993103027, 1.5447638034820557, 1.664872407913208, 2.008150339126587, 2.590656042098999, 2.7358436584472656, 2.9563517570495605, 3.256887674331665, 3.7961325645446777, 4.178428649902344, 4.461386680603027, 4.750089645385742, 5.257561206817627, 1.5466835498809814, 1.6576201915740967, 1.855053186416626, 2.373690366744995, 2.6078011989593506, 2.7897794246673584, 3.0788772106170654, 3.487509250640869, 3.9516196250915527, 4.212372779846191, 4.495752811431885, 4.905107498168945, 1.5593546628952026, 1.660353183746338, 1.8412226438522339, 2.194746255874634, 2.5675594806671143, 2.6439781188964844, 2.907470703125, 3.238966941833496, 3.784329414367676, 4.005554676055908, 4.2463178634643555, 4.627966403961182, 1.6005171537399292, 1.698412299156189, 1.870593547821045, 2.1231679916381836, 2.544877290725708, 2.5998270511627197, 2.7419819831848145, 3.06976580619812, 3.6772496700286865, 3.8389828205108643, 4.05949068069458, 4.3675150871276855, 1.6640815734863281, 1.738905906677246, 1.9023973941802979, 2.1260111331939697, 2.5399515628814697, 2.582146167755127, 2.6945717334747314, 2.907167673110962, 3.613778591156006, 3.7149558067321777, 3.892918109893799, 4.189240455627441, 1.7362526655197144, 1.7830663919448853, 1.9369667768478394, 2.139852523803711, 2.5457074642181396, 2.5734364986419678, 2.6852996349334717, 2.857221841812134, 3.5827033519744873, 3.6448190212249756, 3.751272439956665, 4.013586521148682, 1.8199840784072876, 1.8492106199264526, 1.9759440422058105, 2.1591715812683105, 2.5747010707855225, 2.5627474784851074, 2.689711809158325, 2.860607862472534, 3.5549752712249756, 3.608980655670166, 3.6778757572174072, 3.850987195968628, 1.9096142053604126, 1.9278132915496826, 2.0164377689361572, 2.1823508739471436, 2.63037109375, 2.5668139457702637, 2.7074429988861084, 2.879573345184326, 3.5538744926452637, 3.578299045562744, 3.6440775394439697, 3.773988723754883, 2.0024960041046143, 2.011666774749756, 2.0694990158081055, 2.214818000793457, 2.689192771911621, 2.6126925945281982, 2.740269422531128, 2.907188892364502, 3.5639615058898926, 3.5726535320281982, 3.624103307723999, 3.7401907444000244, 2.095376968383789, 2.095791816711426, 2.1335034370422363, 2.2561542987823486, 2.753950834274292, 2.688786268234253, 2.776419162750244, 2.9437358379364014, 3.603010892868042, 3.5670082569122314, 3.6155142784118652, 3.729567289352417, 2.1884257793426514, 2.1799168586730957, 2.2084543704986572, 2.3060433864593506, 2.821018695831299, 2.772911548614502, 2.8218204975128174, 2.9802823066711426, 3.642059564590454, 3.5751967430114746, 3.604689598083496, 3.736612558364868]"
5,"[[2.0, 3.0, 3.0], [8.0, 2.0, 4.0], [2.0, 2.0, 4.0], [12.0, 3.0, 3.0], [13.0, 2.0, 1.0], [14.0, 2.0, 3.0], [6.0, 1.0, 4.0], [14.0, 2.0, 2.0], [7.0, 1.0, 2.0], [8.0, 1.0, 1.0], [11.0, 1.0, 2.0], [6.0, 1.0, 1.0]]","[2.1145, 1.0856, 1.3516, 2.3859, 3.8068, 1.7405, 1.6986, 2.2948, 2.0343000888824463, 4.2846999168396, 3.5046000480651855, 3.814500093460083]","[[2.0, 3.0, 1.0], [13.0, 2.0, 2.0]]","[5.2155, 2.5818]","[2.6935908794403076, 3.0861117839813232, 3.5102217197418213, 3.9522690773010254, 4.0236992835998535, 4.414684772491455, 4.786790370941162, 5.214271545410156, 5.306360244750977, 5.6776299476623535, 6.089351177215576, 6.460447311401367, 2.3496623039245605, 2.796696901321411, 3.253357410430908, 3.7063117027282715, 3.8761954307556152, 4.230452537536621, 4.615546226501465, 5.04952335357666, 5.289925575256348, 5.642014980316162, 5.993610858917236, 6.367060661315918, 1.9895083904266357, 2.391998291015625, 2.869534730911255, 3.400256872177124, 3.5414609909057617, 3.883312702178955, 4.312165260314941, 4.757442474365234, 5.019681930541992, 5.413492202758789, 5.750216484069824, 6.136473178863525, 1.9218484163284302, 2.067789077758789, 2.465534210205078, 2.982823371887207, 3.2256360054016113, 3.47908878326416, 3.9249281883239746, 4.397684097290039, 4.6881866455078125, 5.076901912689209, 5.4019951820373535, 5.817878723144531, 1.8682432174682617, 1.9012356996536255, 2.143117666244507, 2.558581829071045, 3.0529747009277344, 3.171804428100586, 3.532784938812256, 3.9915859699249268, 4.414020538330078, 4.6719465255737305, 5.0202107429504395, 5.459181785583496, 1.827552318572998, 1.8205281496047974, 1.92705237865448, 2.2306466102600098, 2.964813709259033, 3.0323994159698486, 3.218693256378174, 3.581709861755371, 4.252964973449707, 4.3616414070129395, 4.632060527801514, 5.067038059234619, 1.79096257686615, 1.750992774963379, 1.8113740682601929, 1.9724539518356323, 2.9075162410736084, 2.9147260189056396, 3.0421018600463867, 3.291424036026001, 4.103233814239502, 4.204588890075684, 4.348160266876221, 4.65044641494751, 1.7584799528121948, 1.6954810619354248, 1.7387058734893799, 1.826980710029602, 2.853454828262329, 2.850572347640991, 2.9056177139282227, 3.082031488418579, 4.0256500244140625, 4.055281162261963, 4.208754062652588, 4.3734450340271, 1.7291826009750366, 1.664476990699768, 1.686074137687683, 1.7626522779464722, 2.8029651641845703, 2.7935519218444824, 2.8111562728881836, 2.9290456771850586, 3.9593257904052734, 3.9465787410736084, 4.069348335266113, 4.215915203094482, 1.6998852491378784, 1.6459327936172485, 1.6393455266952515, 1.709941029548645, 2.757941246032715, 2.7394909858703613, 2.7464582920074463, 2.7759835720062256, 3.898742914199829, 3.8948147296905518, 3.9299423694610596, 4.079444885253906, 1.6916313171386719, 1.6312659978866577, 1.6083358526229858, 1.6572309732437134, 2.737287998199463, 2.6854305267333984, 2.680431842803955, 2.6999552249908447, 3.86234974861145, 3.8430511951446533, 3.8376224040985107, 3.94297456741333, 1.6978341341018677, 1.6193314790725708, 1.5902565717697144, 1.6045204401016235, 2.722160577774048, 2.6313695907592773, 2.625527858734131, 2.6587953567504883, 3.8386971950531006, 3.7912871837615967, 3.7814040184020996, 3.8046042919158936, 1.7009207010269165, 1.6073968410491943, 1.574283242225647, 1.5553702116012573, 2.7070324420928955, 2.5781142711639404, 2.5879921913146973, 2.6210227012634277, 3.8111765384674072, 3.7391297817230225, 3.729640007019043, 3.7340610027313232, 1.70400869846344, 1.5954622030258179, 1.5622268915176392, 1.5354820489883423, 2.694620132446289, 2.5392186641693115, 2.553077459335327, 2.581883192062378, 3.783656358718872, 3.6850693225860596, 3.6778767108917236, 3.670332431793213, 1.7070963382720947, 1.5855772495269775, 1.5508707761764526, 1.5290359258651733, 2.686784505844116, 2.520310401916504, 2.518139600753784, 2.5469446182250977, 3.7561354637145996, 3.6310079097747803, 3.625166177749634, 3.6162283420562744, 1.7131842374801636, 1.5945250988006592, 1.5401527881622314, 1.5214952230453491, 2.6789495944976807, 2.5186522006988525, 2.483201742172241, 2.512006998062134, 3.7359611988067627, 3.5909581184387207, 3.5711047649383545, 3.567108392715454]"
6,"[[2.0, 3.0, 3.0], [8.0, 2.0, 4.0], [2.0, 2.0, 4.0], [12.0, 3.0, 3.0], [13.0, 2.0, 1.0], [14.0, 2.0, 3.0], [6.0, 1.0, 4.0], [14.0, 2.0, 2.0], [7.0, 1.0, 2.0], [8.0, 1.0, 1.0], [11.0, 1.0, 2.0], [6.0, 1.0, 1.0], [16.0, 1.0, 4.0]]","[2.1145, 1.0856, 1.3516, 2.3859, 3.8068, 1.7405, 1.6986, 2.2948, 2.0343000888824463, 4.2846999168396, 3.5046000480651855, 3.814500093460083, 1.743399977684021]","[[2.0, 3.0, 1.0], [13.0, 2.0, 2.0]]","[5.2155, 2.5818]","[2.1956305503845215, 2.3405563831329346, 2.632838487625122, 2.950723648071289, 3.8152880668640137, 3.7490479946136475, 3.908129930496216, 4.1765055656433105, 5.268582344055176, 5.318402290344238, 5.272953987121582, 5.442605018615723, 1.9945443868637085, 2.0976176261901855, 2.3309872150421143, 2.6478471755981445, 3.5411434173583984, 3.571880340576172, 3.6912293434143066, 3.9445602893829346, 5.246364593505859, 5.154618263244629, 5.137492656707764, 5.279115200042725, 1.7841837406158447, 1.8442392349243164, 2.061525344848633, 2.3531155586242676, 3.2929065227508545, 3.318545341491699, 3.397733211517334, 3.6693432331085205, 4.882332801818848, 4.897337913513184, 4.948419570922852, 5.049046516418457, 1.6348251104354858, 1.6591778993606567, 1.8605997562408447, 2.108388900756836, 3.0545787811279297, 3.0805716514587402, 3.1176743507385254, 3.3224148750305176, 4.589054107666016, 4.6176838874816895, 4.653471946716309, 4.749169826507568, 1.6074280738830566, 1.5208591222763062, 1.6596885919570923, 1.8857345581054688, 2.8996829986572266, 2.9303359985351562, 2.95335054397583, 3.125460386276245, 4.347306251525879, 4.3793559074401855, 4.404572486877441, 4.435804843902588, 1.6036198139190674, 1.4786065816879272, 1.5301249027252197, 1.7203224897384644, 2.8132376670837402, 2.7747802734375, 2.8005785942077637, 2.937436103820801, 4.157324314117432, 4.191212177276611, 4.215865612030029, 4.238108158111572, 1.5998115539550781, 1.4775536060333252, 1.4238009452819824, 1.6020110845565796, 2.7470738887786865, 2.6434741020202637, 2.6450226306915283, 2.7475996017456055, 4.074306488037109, 4.045559883117676, 4.072863578796387, 4.095106601715088, 1.6055622100830078, 1.4743341207504272, 1.3909180164337158, 1.4939978122711182, 2.7429113388061523, 2.625492572784424, 2.523122549057007, 2.5598361492156982, 3.987861156463623, 3.906147003173828, 3.9209327697753906, 3.946730613708496, 1.622329831123352, 1.479806900024414, 1.3788220882415771, 1.4029784202575684, 2.738748550415039, 2.6216845512390137, 2.4997758865356445, 2.4718923568725586, 3.901416301727295, 3.819702625274658, 3.7641749382019043, 3.79117488861084, 1.6389830112457275, 1.4967992305755615, 1.3766071796417236, 1.3713921308517456, 2.734585762023926, 2.6178767681121826, 2.4962072372436523, 2.3872785568237305, 3.881373643875122, 3.7652058601379395, 3.649871349334717, 3.635619640350342, 1.6556358337402344, 1.5137913227081299, 1.3852550983428955, 1.3576412200927734, 2.7304229736328125, 2.6140682697296143, 2.492398977279663, 2.3723537921905518, 3.8772106170654297, 3.761042833328247, 3.6435577869415283, 3.5252771377563477, 1.6771719455718994, 1.5307836532592773, 1.4060628414154053, 1.3673207759857178, 2.72625994682312, 2.6100921630859375, 2.488590955734253, 2.3669214248657227, 3.8730478286743164, 3.756880044937134, 3.639749050140381, 3.518080234527588, 1.7089288234710693, 1.551978588104248, 1.4278942346572876, 1.3739488124847412, 2.732468605041504, 2.6059296131134033, 2.4847824573516846, 2.3631134033203125, 3.8688852787017822, 3.7527174949645996, 3.6359410285949707, 3.5142722129821777, 1.741721510887146, 1.5738098621368408, 1.4497251510620117, 1.3805546760559082, 2.74912166595459, 2.611638307571411, 2.4809741973876953, 2.3593053817749023, 3.864722728729248, 3.7485547065734863, 3.6321330070495605, 3.5104639530181885, 1.7812837362289429, 1.6029306650161743, 1.4715561866760254, 1.3871607780456543, 2.765774726867676, 2.628291606903076, 2.4867231845855713, 2.355497121810913, 3.8605597019195557, 3.744392156600952, 3.6282243728637695, 3.5066559314727783, 1.8208460807800293, 1.6468998193740845, 1.4933871030807495, 1.3937668800354004, 2.7824275493621826, 2.644944667816162, 2.5037147998809814, 2.363123893737793, 3.8563966751098633, 3.740229368209839, 3.624061107635498, 3.502847671508789]"
7,"[[2.0, 3.0, 3.0], [8.0, 2.0, 4.0], [2.0, 2.0, 4.0], [12.0, 3.0, 3.0], [13.0, 2.0, 1.0], [14.0, 2.0, 3.0], [6.0, 1.0, 4.0], [14.0, 2.0, 2.0], [7.0, 1.0, 2.0], [8.0, 1.0, 1.0], [11.0, 1.0, 2.0], [6.0, 1.0, 1.0], [16.0, 1.0, 4.0], [11.0, 1.0, 4.0]]","[2.1145, 1.0856, 1.3516, 2.3859, 3.8068, 1.7405, 1.6986, 2.2948, 2.0343000888824463, 4.2846999168396, 3.5046000480651855, 3.814500093460083, 1.743399977684021, 1.9256000518798828]","[[2.0, 3.0, 1.0], [13.0, 2.0, 2.0]]","[5.2155, 2.5818]","[2.6274545192718506, 3.004208564758301, 3.3858394622802734, 4.027283668518066, 3.9766793251037598, 4.256071090698242, 4.565650463104248, 4.972630023956299, 5.292520046234131, 5.644226551055908, 5.880509376525879, 6.199352264404297, 2.4356725215911865, 2.8237900733947754, 3.236351728439331, 3.8291451930999756, 3.909437894821167, 4.150355339050293, 4.465387344360352, 4.8387932777404785, 5.364216327667236, 5.634056091308594, 5.86149263381958, 6.1345672607421875, 2.2480721473693848, 2.5938122272491455, 3.056018829345703, 3.595696210861206, 3.6631853580474854, 3.9564976692199707, 4.281004428863525, 4.697678089141846, 5.221341133117676, 5.473304748535156, 5.710629940032959, 6.019998550415039, 2.055509328842163, 2.3457748889923096, 2.802994966506958, 3.4154953956604004, 3.4733188152313232, 3.718754768371582, 4.035354137420654, 4.50840950012207, 4.969625473022461, 5.21380090713501, 5.504298686981201, 5.832977771759033, 1.9041602611541748, 2.097249984741211, 2.543173313140869, 3.147062301635742, 3.333759307861328, 3.470085382461548, 3.796095609664917, 4.242635726928711, 4.8316969871521, 4.948542594909668, 5.254809856414795, 5.579469203948975, 1.8230040073394775, 1.904686689376831, 2.277897357940674, 2.884303569793701, 3.2012946605682373, 3.2452335357666016, 3.5526933670043945, 3.976667642593384, 4.693769454956055, 4.700139999389648, 5.00614070892334, 5.334364891052246, 1.76070237159729, 1.7962381839752197, 2.0080409049987793, 2.619901418685913, 3.0688297748565674, 3.0938544273376465, 3.3092544078826904, 3.711893320083618, 4.550047874450684, 4.552186012268066, 4.757471084594727, 5.072059631347656, 1.728405475616455, 1.7339363098144531, 1.8484115600585938, 2.344845771789551, 2.9363653659820557, 2.9613897800445557, 3.061983108520508, 3.4435219764709473, 4.409769058227539, 4.434100151062012, 4.50880241394043, 4.814731597900391, 1.7312653064727783, 1.673325777053833, 1.7443296909332275, 2.120774507522583, 2.8253324031829834, 2.828925132751465, 2.894991159439087, 3.195495843887329, 4.279843807220459, 4.308314323425293, 4.314187049865723, 4.566018104553223, 1.734856128692627, 1.6354990005493164, 1.6866090297698975, 1.9140193462371826, 2.7635324001312256, 2.725877285003662, 2.7678611278533936, 2.9453437328338623, 4.149919509887695, 4.175850868225098, 4.195080757141113, 4.317304611206055, 1.7384467124938965, 1.625091791152954, 1.6297645568847656, 1.7852697372436523, 2.7142093181610107, 2.658301591873169, 2.6780707836151123, 2.7324275970458984, 4.018361568450928, 4.0433855056762695, 4.0684099197387695, 4.10195255279541, 1.742037296295166, 1.632805585861206, 1.5889010429382324, 1.7262437343597412, 2.6648855209350586, 2.590726613998413, 2.6157681941986084, 2.6506850719451904, 3.8861329555511475, 3.910921812057495, 3.935945749282837, 3.954127550125122, 1.7449619770050049, 1.640519142150879, 1.5616264343261719, 1.66721773147583, 2.6460249423980713, 2.5261921882629395, 2.553467273712158, 2.588446855545044, 3.8336379528045654, 3.7832696437835693, 3.803480863571167, 3.8281447887420654, 1.7463657855987549, 1.6482336521148682, 1.5581471920013428, 1.6172399520874023, 2.6454076766967773, 2.4838807582855225, 2.4911651611328125, 2.5262084007263184, 3.7843148708343506, 3.7156944274902344, 3.683814287185669, 3.6957409381866455, 1.74745512008667, 1.6559474468231201, 1.5658609867095947, 1.584806203842163, 2.6447901725769043, 2.4723293781280518, 2.428863763809204, 2.4678733348846436, 3.7349917888641357, 3.6481194496154785, 3.616239309310913, 3.5841195583343506, 1.7478229999542236, 1.6615636348724365, 1.5735750198364258, 1.5582151412963867, 2.6441729068756104, 2.4759202003479004, 2.376863718032837, 2.4101524353027344, 3.6856679916381836, 3.596297264099121, 3.548664093017578, 3.516605854034424]"
8,"[[2.0, 3.0, 3.0], [8.0, 2.0, 4.0], [2.0, 2.0, 4.0], [12.0, 3.0, 3.0], [13.0, 2.0, 1.0], [14.0, 2.0, 3.0], [6.0, 1.0, 4.0], [14.0, 2.0, 2.0], [7.0, 1.0, 2.0], [8.0, 1.0, 1.0], [11.0, 1.0, 2.0], [6.0, 1.0, 1.0], [16.0, 1.0, 4.0], [11.0, 1.0, 4.0], [15.0, 1.0, 3.0]]","[2.1145, 1.0856, 1.3516, 2.3859, 3.8068, 1.7405, 1.6986, 2.2948, 2.0343000888824463, 4.2846999168396, 3.5046000480651855, 3.814500093460083, 1.743399977684021, 1.9256000518798828, 1.993499994277954]","[[2.0, 3.0, 1.0], [13.0, 2.0, 2.0]]","[5.2155, 2.5818]","[2.199010133743286, 2.855555295944214, 3.531219959259033, 4.228790760040283, 3.790712356567383, 4.21080207824707, 4.7874932289123535, 5.432114124298096, 5.305873394012451, 5.687477111816406, 6.112391948699951, 6.664396286010742, 1.846376895904541, 2.591900587081909, 3.331662178039551, 4.030059337615967, 3.6535658836364746, 4.021573066711426, 4.599116802215576, 5.294097423553467, 5.486400604248047, 5.678093910217285, 6.055189609527588, 6.603174209594727, 1.6007710695266724, 2.2029972076416016, 3.023514986038208, 3.766693592071533, 3.4313228130340576, 3.75484037399292, 4.378368377685547, 5.0765380859375, 5.280858993530273, 5.545903205871582, 5.872072696685791, 6.4185099601745605, 1.5424935817718506, 1.813369631767273, 2.660865306854248, 3.4551305770874023, 3.162289619445801, 3.4951541423797607, 4.056271076202393, 4.790561676025391, 5.043464183807373, 5.375, 5.663900375366211, 6.225533485412598, 1.4976123571395874, 1.6513088941574097, 2.259709596633911, 3.0950403213500977, 2.9102656841278076, 3.237121343612671, 3.7268972396850586, 4.451004505157471, 4.7562408447265625, 5.11440896987915, 5.41953182220459, 5.931797981262207, 1.4646564722061157, 1.573212742805481, 1.9633636474609375, 2.7234206199645996, 2.835327386856079, 2.9728031158447266, 3.381837844848633, 4.108991622924805, 4.453117370605469, 4.853000640869141, 5.182625770568848, 5.608178615570068, 1.4317176342010498, 1.4874229431152344, 1.8206288814544678, 2.436631202697754, 2.783294916152954, 2.877488851547241, 3.105846405029297, 3.7334725856781006, 4.2960405349731445, 4.551432132720947, 4.918208122253418, 5.291184425354004, 1.4098255634307861, 1.4427281618118286, 1.6905193328857422, 2.167135238647461, 2.7314696311950684, 2.7927095890045166, 2.937824249267578, 3.373891830444336, 4.219954490661621, 4.338845252990723, 4.648224830627441, 4.995393753051758, 1.4168769121170044, 1.4088983535766602, 1.5996421575546265, 2.0148868560791016, 2.6881303787231445, 2.7354934215545654, 2.8542163372039795, 3.1919209957122803, 4.143868923187256, 4.254065036773682, 4.4194207191467285, 4.726914405822754, 1.4257042407989502, 1.3839377164840698, 1.524261713027954, 1.8592301607131958, 2.644791603088379, 2.6834611892700195, 2.768749713897705, 3.038339614868164, 4.095621585845947, 4.169285297393799, 4.305545806884766, 4.536616802215576, 1.444126009941101, 1.3916860818862915, 1.4488813877105713, 1.756704330444336, 2.601452112197876, 2.6314284801483154, 2.695619583129883, 2.9131813049316406, 4.052282333374023, 4.084506511688232, 4.221289157867432, 4.359565258026123, 1.4626333713531494, 1.3992351293563843, 1.375386357307434, 1.6576114892959595, 2.5726752281188965, 2.5793955326080322, 2.6426963806152344, 2.7895474433898926, 4.0089430809021, 4.014980792999268, 4.136509895324707, 4.27595853805542, 1.4812904596328735, 1.4066321849822998, 1.3736939430236816, 1.5611004829406738, 2.5736489295959473, 2.527362823486328, 2.5898616313934326, 2.684720039367676, 3.965949535369873, 3.971642255783081, 4.051729679107666, 4.19210147857666, 1.49997079372406, 1.4146021604537964, 1.3814418315887451, 1.485501766204834, 2.587846279144287, 2.497526168823242, 2.539973258972168, 2.6316418647766113, 3.923159599304199, 3.9283032417297363, 3.9669508934020996, 4.106431484222412, 1.5188772678375244, 1.4251303672790527, 1.3891901969909668, 1.426945447921753, 2.602043390274048, 2.5015172958374023, 2.4908242225646973, 2.5810468196868896, 3.880368709564209, 3.8849639892578125, 3.912707567214966, 4.02156400680542, 1.5383012294769287, 1.4368946552276611, 1.3969393968582153, 1.3973524570465088, 2.6174964904785156, 2.5160932540893555, 2.4636240005493164, 2.530453681945801, 3.8422248363494873, 3.8416247367858887, 3.860675096511841, 3.93733811378479]"
9,"[[2.0, 3.0, 3.0], [8.0, 2.0, 4.0], [2.0, 2.0, 4.0], [12.0, 3.0, 3.0], [13.0, 2.0, 1.0], [14.0, 2.0, 3.0], [6.0, 1.0, 4.0], [14.0, 2.0, 2.0], [7.0, 1.0, 2.0], [8.0, 1.0, 1.0], [11.0, 1.0, 2.0], [6.0, 1.0, 1.0], [16.0, 1.0, 4.0], [11.0, 1.0, 4.0], [15.0, 1.0, 3.0]]","[2.1145, 1.0856, 1.3516, 2.3859, 3.8068, 1.7405, 1.6986, 2.2948, 2.0343000888824463, 4.2846999168396, 3.5046000480651855, 3.814500093460083, 1.743399977684021, 1.9256000518798828, 1.993499994277954]","[[2.0, 3.0, 1.0], [13.0, 2.0, 2.0], [12.0, 1.0, 3.0]]","[5.2155, 2.5818, 2.1431000232696533]","[2.4982244968414307, 2.672468662261963, 3.100722074508667, 3.5639262199401855, 4.008166790008545, 4.259890079498291, 4.514877796173096, 4.90354061126709, 5.423528671264648, 5.808895587921143, 6.071808815002441, 6.354477405548096, 2.284529447555542, 2.431253433227539, 2.7738137245178223, 3.262113094329834, 3.9035511016845703, 4.023419380187988, 4.220920085906982, 4.577944755554199, 5.410524845123291, 5.625573635101318, 5.81427001953125, 6.069888114929199, 2.0880813598632812, 2.1965551376342773, 2.5729799270629883, 3.0190465450286865, 3.6710705757141113, 3.7698497772216797, 3.9492037296295166, 4.228616714477539, 5.257124900817871, 5.42183256149292, 5.539823055267334, 5.775870323181152, 1.9333966970443726, 2.0310986042022705, 2.3458597660064697, 2.8087570667266846, 3.520794153213501, 3.468203544616699, 3.6305830478668213, 3.943462610244751, 5.06248140335083, 5.156672954559326, 5.257592678070068, 5.467426776885986, 1.8417234420776367, 1.9385062456130981, 2.1519458293914795, 2.5691144466400146, 3.368304491043091, 3.2624881267547607, 3.3374104499816895, 3.685847282409668, 4.88254976272583, 4.908247470855713, 4.95395040512085, 5.128314971923828, 1.7925716638565063, 1.8681145906448364, 2.0798654556274414, 2.37111234664917, 3.1672675609588623, 3.091259002685547, 3.1643478870391846, 3.4488706588745117, 4.764334678649902, 4.6948747634887695, 4.675842761993408, 4.792425632476807, 1.8004833459854126, 1.857493281364441, 2.0365092754364014, 2.356107473373413, 3.045823335647583, 2.9329702854156494, 3.0539536476135254, 3.2672278881073, 4.588410377502441, 4.535930633544922, 4.455132961273193, 4.4907026290893555, 1.807310700416565, 1.8622759580612183, 2.007786512374878, 2.306516408920288, 2.9360172748565674, 2.841862440109253, 2.9774322509765625, 3.167843818664551, 4.41112756729126, 4.315916061401367, 4.278609752655029, 4.335261344909668, 1.8357524871826172, 1.8654388189315796, 1.9928088188171387, 2.26487135887146, 2.818197727203369, 2.779737710952759, 2.903658151626587, 3.1002719402313232, 4.300654888153076, 4.144272804260254, 4.076727390289307, 4.197575569152832, 1.877210259437561, 1.8618661165237427, 1.9788504838943481, 2.2178428173065186, 2.7242233753204346, 2.731424570083618, 2.827549934387207, 3.038792610168457, 4.186178684234619, 4.03325891494751, 3.9986767768859863, 4.083635330200195, 1.9252827167510986, 1.8632138967514038, 1.9679628610610962, 2.1733248233795166, 2.682156562805176, 2.6967084407806396, 2.7623255252838135, 2.9636640548706055, 4.062030792236328, 3.922245740890503, 3.9079480171203613, 4.02059268951416, 1.982329249382019, 1.8803824186325073, 1.965002179145813, 2.1437604427337646, 2.697908639907837, 2.6975605487823486, 2.7461063861846924, 2.9228453636169434, 3.953333854675293, 3.8096699714660645, 3.8206958770751953, 3.958106279373169, 2.0393757820129395, 1.9178203344345093, 1.9634953737258911, 2.123250961303711, 2.744882822036743, 2.7016775608062744, 2.748344659805298, 2.902512550354004, 3.8611979484558105, 3.688737630844116, 3.743732452392578, 3.889524459838867, 2.1002650260925293, 1.9693751335144043, 1.9674464464187622, 2.1023521423339844, 2.792311429977417, 2.7063989639282227, 2.752058267593384, 2.8793389797210693, 3.784890651702881, 3.6329166889190674, 3.6874496936798096, 3.814767599105835, 2.161437511444092, 2.020930528640747, 1.9923673868179321, 2.081780195236206, 2.840635061264038, 2.7356135845184326, 2.7561752796173096, 2.851548433303833, 3.7233755588531494, 3.5845298767089844, 3.6449809074401855, 3.739766836166382, 2.2226102352142334, 2.074899673461914, 2.0172882080078125, 2.079397439956665, 2.897681713104248, 2.7830417156219482, 2.760291576385498, 2.8267738819122314, 3.6954562664031982, 3.5555710792541504, 3.607128143310547, 3.6853349208831787]"
10,"[[2.0, 3.0, 3.0], [8.0, 2.0, 4.0], [2.0, 2.0, 4.0], [12.0, 3.0, 3.0], [13.0, 2.0, 1.0], [14.0, 2.0, 3.0], [6.0, 1.0, 4.0], [14.0, 2.0, 2.0], [7.0, 1.0, 2.0], [8.0, 1.0, 1.0], [11.0, 1.0, 2.0], [6.0, 1.0, 1.0], [16.0, 1.0, 4.0], [11.0, 1.0, 4.0], [15.0, 1.0, 3.0], [6.0, 1.0, 1.0]]","[2.1145, 1.0856, 1.3516, 2.3859, 3.8068, 1.7405, 1.6986, 2.2948, 2.0343000888824463, 4.2846999168396, 3.5046000480651855, 3.814500093460083, 1.743399977684021, 1.9256000518798828, 1.993499994277954, 3.814500093460083]","[[2.0, 3.0, 1.0], [13.0, 2.0, 2.0], [12.0, 1.0, 3.0]]","[5.2155, 2.5818, 2.1431000232696533]","[2.8096113204956055, 3.0923995971679688, 3.306060314178467, 3.57551908493042, 3.995684862136841, 4.306962966918945, 4.544827461242676, 4.770909786224365, 5.184598922729492, 5.489681243896484, 5.7689738273620605, 5.981929779052734, 2.599628210067749, 2.9144015312194824, 3.210710048675537, 3.4859766960144043, 3.898613214492798, 4.182804107666016, 4.447954177856445, 4.7062273025512695, 5.198787689208984, 5.427022457122803, 5.691317081451416, 5.94411039352417, 2.3157548904418945, 2.582535982131958, 2.9465887546539307, 3.2708358764648438, 3.630614757537842, 3.868720054626465, 4.203363418579102, 4.530028820037842, 4.989757537841797, 5.163780212402344, 5.465417861938477, 5.762423992156982, 2.1638717651367188, 2.358757257461548, 2.69600510597229, 3.0331947803497314, 3.374809741973877, 3.488295316696167, 3.836962938308716, 4.185256481170654, 4.709740161895752, 4.842983722686768, 5.125341415405273, 5.45972204208374, 2.1013216972351074, 2.160288095474243, 2.4984776973724365, 2.8399741649627686, 3.2065813541412354, 3.289844036102295, 3.5506796836853027, 3.874443769454956, 4.457087993621826, 4.511397838592529, 4.7583746910095215, 5.093584060668945, 2.066347122192383, 2.0726304054260254, 2.3036038875579834, 2.6443984508514404, 3.109804630279541, 3.1198008060455322, 3.348433017730713, 3.678821563720703, 4.289119720458984, 4.308598518371582, 4.492306232452393, 4.750883102416992, 2.045789957046509, 2.0183815956115723, 2.137413501739502, 2.449524164199829, 3.0441458225250244, 3.009459972381592, 3.1965811252593994, 3.484675645828247, 4.168220520019531, 4.118068218231201, 4.302671432495117, 4.533794403076172, 2.0252325534820557, 1.9757490158081055, 2.080655574798584, 2.254650115966797, 2.9983198642730713, 2.9389150142669678, 3.0561752319335938, 3.289863348007202, 4.080286979675293, 3.9728176593780518, 4.157339572906494, 4.382495403289795, 2.0046753883361816, 1.9331166744232178, 2.036806583404541, 2.149813175201416, 2.974292039871216, 2.8938186168670654, 2.9885876178741455, 3.1390395164489746, 4.0004777908325195, 3.9228522777557373, 4.013430595397949, 4.235708236694336, 1.9980945587158203, 1.9038629531860352, 1.9929568767547607, 2.1017820835113525, 2.9535162448883057, 2.8732612133026123, 2.9288170337677, 3.043971300125122, 3.947237968444824, 3.8744354248046875, 3.9283058643341064, 4.090181827545166, 2.0008811950683594, 1.8833057880401611, 1.9491076469421387, 2.055663585662842, 2.9329588413238525, 2.852703809738159, 2.8861842155456543, 2.982457399368286, 3.921473741531372, 3.82688045501709, 3.8577606678009033, 3.9750208854675293, 2.0036680698394775, 1.8627488613128662, 1.9052579402923584, 2.0118141174316406, 2.9124021530151367, 2.8321468830108643, 2.8435521125793457, 2.938607692718506, 3.895709753036499, 3.8028528690338135, 3.78828763961792, 3.9053289890289307, 2.0064544677734375, 1.8465988636016846, 1.8614082336425781, 1.9679646492004395, 2.8985660076141357, 2.8115899562835693, 2.800919771194458, 2.894758462905884, 3.8699448108673096, 3.780987501144409, 3.7456555366516113, 3.839252233505249, 2.0092411041259766, 1.8493857383728027, 1.817559003829956, 1.9241151809692383, 2.901352643966675, 2.791031837463379, 2.758287191390991, 2.85188364982605, 3.847181797027588, 3.760429859161377, 3.7030224800109863, 3.796619176864624, 2.019346237182617, 1.8521721363067627, 1.7755253314971924, 1.880265474319458, 2.904139280319214, 2.770475149154663, 2.7156546115875244, 2.809251546859741, 3.824897527694702, 3.739873170852661, 3.6603903770446777, 3.7539868354797363, 2.033583879470825, 1.8549587726593018, 1.7541072368621826, 1.8553833961486816, 2.906926155090332, 2.74991774559021, 2.6730215549468994, 2.766618490219116, 3.802612066268921, 3.71931529045105, 3.6390602588653564, 3.7113544940948486]"
11,"[[2.0, 3.0, 3.0], [8.0, 2.0, 4.0], [2.0, 2.0, 4.0], [12.0, 3.0, 3.0], [13.0, 2.0, 1.0], [14.0, 2.0, 3.0], [6.0, 1.0, 4.0], [14.0, 2.0, 2.0], [7.0, 1.0, 2.0], [8.0, 1.0, 1.0], [11.0, 1.0, 2.0], [6.0, 1.0, 1.0], [16.0, 1.0, 4.0], [11.0, 1.0, 4.0], [15.0, 1.0, 3.0], [6.0, 1.0, 1.0], [16.0, 1.0, 3.0]]","[2.1145, 1.0856, 1.3516, 2.3859, 3.8068, 1.7405, 1.6986, 2.2948, 2.0343000888824463, 4.2846999168396, 3.5046000480651855, 3.814500093460083, 1.743399977684021, 1.9256000518798828, 1.993499994277954, 3.814500093460083, 2.126699924468994]","[[2.0, 3.0, 1.0], [13.0, 2.0, 2.0], [12.0, 1.0, 3.0]]","[5.2155, 2.5818, 2.1431000232696533]","[2.42293643951416, 2.7071785926818848, 2.989567279815674, 3.31963849067688, 4.000759601593018, 4.2453532218933105, 4.519272804260254, 4.838487148284912, 5.463831424713135, 5.785470962524414, 6.037898540496826, 6.313302516937256, 2.2201244831085205, 2.551687479019165, 2.871305465698242, 3.1922683715820312, 3.8829455375671387, 4.107305526733398, 4.385950088500977, 4.708838939666748, 5.478695869445801, 5.716385364532471, 5.9730610847473145, 6.232020854949951, 2.021121025085449, 2.3589026927948, 2.7210195064544678, 3.0331335067749023, 3.6609089374542236, 3.9133646488189697, 4.2264404296875, 4.554805755615234, 5.3317341804504395, 5.543846607208252, 5.791996479034424, 6.082534313201904, 1.8553762435913086, 2.155517578125, 2.523726463317871, 2.891920566558838, 3.430112838745117, 3.723635673522949, 4.055655479431152, 4.371876239776611, 5.103214263916016, 5.324415683746338, 5.609060287475586, 5.918055534362793, 1.7988920211791992, 1.9578303098678589, 2.3062965869903564, 2.6994495391845703, 3.1841890811920166, 3.523122787475586, 3.872246265411377, 4.20125675201416, 4.873277187347412, 5.1044816970825195, 5.428183078765869, 5.7508721351623535, 1.7305864095687866, 1.862523078918457, 2.1304376125335693, 2.5128512382507324, 2.9997293949127197, 3.301657199859619, 3.655705451965332, 4.008941650390625, 4.627751350402832, 4.886753559112549, 5.229881763458252, 5.569994926452637, 1.6718841791152954, 1.8350682258605957, 1.9885817766189575, 2.3184328079223633, 2.906236171722412, 3.079684019088745, 3.433732748031616, 3.790611743927002, 4.385343551635742, 4.669769763946533, 5.023818492889404, 5.372783184051514, 1.626054048538208, 1.8044981956481934, 1.9455959796905518, 2.1624698638916016, 2.837930679321289, 2.980445384979248, 3.2117600440979004, 3.5658082962036133, 4.190535545349121, 4.4477972984313965, 4.801845550537109, 5.155893325805664, 1.6054964065551758, 1.7880070209503174, 1.9536502361297607, 2.1208536624908447, 2.769625425338745, 2.9084181785583496, 3.0311520099639893, 3.3670358657836914, 4.080049514770508, 4.249415397644043, 4.579872131347656, 4.933920860290527, 1.6132659912109375, 1.7811824083328247, 1.96219003200531, 2.1066460609436035, 2.7019383907318115, 2.8401131629943848, 2.98812198638916, 3.1858911514282227, 3.973422050476074, 4.143546104431152, 4.357899188995361, 4.711947917938232, 1.6485066413879395, 1.7743581533432007, 1.9568688869476318, 2.120819330215454, 2.645944833755493, 2.7718071937561035, 2.952502965927124, 3.087346076965332, 3.879995346069336, 4.048084735870361, 4.211463451385498, 4.4899749755859375, 1.6837475299835205, 1.7675331830978394, 1.9500441551208496, 2.136711359024048, 2.60094952583313, 2.725637912750244, 2.9040815830230713, 3.0525472164154053, 3.8193111419677734, 3.952622890472412, 4.1245598793029785, 4.278438091278076, 1.718988060951233, 1.7907156944274902, 1.95042085647583, 2.1502685546875, 2.5592522621154785, 2.688189744949341, 2.866633892059326, 3.0348823070526123, 3.758627414703369, 3.8791515827178955, 4.029098033905029, 4.1834001541137695, 1.7542288303375244, 1.8177363872528076, 1.950948715209961, 2.15079665184021, 2.558187246322632, 2.6507420539855957, 2.829185962677002, 3.0076301097869873, 3.697944164276123, 3.8108463287353516, 3.9496400356292725, 4.128946304321289, 1.789469599723816, 1.8493260145187378, 1.969344139099121, 2.1520862579345703, 2.5592873096466064, 2.6296346187591553, 2.8121447563171387, 2.9946558475494385, 3.6376824378967285, 3.7425403594970703, 3.881333827972412, 4.064987659454346, 1.8248867988586426, 1.8896005153656006, 2.0037169456481934, 2.160149335861206, 2.5943644046783447, 2.6473324298858643, 2.8053202629089355, 2.9878315925598145, 3.5926871299743652, 3.6811110973358154, 3.826021432876587, 4.012140274047852]"
