benchmark,model,seed,final_regret,n_hf,n_lf,best_y,elapsed_sec
Park-Unfav,Successive Halving,42,2.070648425403671e-07,33,34,2.070648425403671e-07,0.001
Park-Unfav,Successive Halving,43,1.1161802446987618e-07,33,34,1.1161802446987618e-07,0.001
Park-Unfav,Successive Halving,44,1.541513844536675e-07,33,34,1.541513844536675e-07,0.001
Park-Unfav,Successive Halving,45,1.1281375602258802e-07,33,34,1.1281375602258802e-07,0.001
Park-Unfav,Successive Halving,46,1.1281375602258802e-07,33,34,1.1281375602258802e-07,0.001
Park-Unfav,Successive Halving,47,2.051277131164388e-07,33,34,2.051277131164388e-07,0.001
Park-Unfav,Successive Halving,48,1.087312731383618e-07,33,34,1.087312731383618e-07,0.001
Park-Unfav,Successive Halving,49,1.5522763663339387e-07,33,34,1.5522763663339387e-07,0.001
Park-Unfav,Successive Halving,50,1.2568613017750787,33,34,1.2568613017750787,0.001
Park-Unfav,Successive Halving,51,1.1161802446987618e-07,33,34,1.1161802446987618e-07,0.001
Park-Unfav,Successive Halving,52,2.586872597596253e-07,33,34,2.586872597596253e-07,0.001
Park-Unfav,Successive Halving,53,2.572322875232211e-07,33,34,2.572322875232211e-07,0.001
Park-Unfav,Successive Halving,54,1.1161802446987618e-07,33,34,1.1161802446987618e-07,0.001
Park-Unfav,Successive Halving,55,1.1281375602258802e-07,33,34,1.1281375602258802e-07,0.001
Park-Unfav,Successive Halving,56,2.0780363189549918e-07,33,34,2.0780363189549918e-07,0.001
Park-Unfav,Successive Halving,57,2.5800579021124985e-07,33,34,2.5800579021124985e-07,0.001
Park-Unfav,Successive Halving,58,1.087312731383618e-07,33,34,1.087312731383618e-07,0.001
Park-Unfav,Successive Halving,59,1.560885138775958e-07,33,34,1.560885138775958e-07,0.001
Park-Unfav,Successive Halving,60,2.070648425403671e-07,33,34,2.070648425403671e-07,0.002
Park-Unfav,Successive Halving,61,1.1161802446987618e-07,33,34,1.1161802446987618e-07,0.001
Park-Fav,Successive Halving,42,1.1161802446987618e-07,45,46,1.1161802446987618e-07,0.002
Park-Fav,Successive Halving,43,1.1161802446987618e-07,45,46,1.1161802446987618e-07,0.001
Park-Fav,Successive Halving,44,1.541513844536675e-07,45,46,1.541513844536675e-07,0.001
Park-Fav,Successive Halving,45,1.1281375602258802e-07,45,46,1.1281375602258802e-07,0.001
Park-Fav,Successive Halving,46,1.1281375602258802e-07,45,46,1.1281375602258802e-07,0.001
Park-Fav,Successive Halving,47,1.5248471779533417e-07,45,46,1.5248471779533417e-07,0.001
Park-Fav,Successive Halving,48,1.087312731383618e-07,45,46,1.087312731383618e-07,0.001
Park-Fav,Successive Halving,49,1.1281375602258802e-07,45,46,1.1281375602258802e-07,0.001
Park-Fav,Successive Halving,50,1.2568338725877952,45,46,1.2568338725877952,0.001
Park-Fav,Successive Halving,51,1.1161802446987618e-07,45,46,1.1161802446987618e-07,0.001
Park-Fav,Successive Halving,52,2.0620396529616517e-07,45,46,2.0620396529616517e-07,0.001
Park-Fav,Successive Halving,53,2.572322875232211e-07,45,46,2.572322875232211e-07,0.001
Park-Fav,Successive Halving,54,1.1161802446987618e-07,45,46,1.1161802446987618e-07,0.001
Park-Fav,Successive Halving,55,1.1281375602258802e-07,45,46,1.1281375602258802e-07,0.001
Park-Fav,Successive Halving,56,2.0780363189549918e-07,45,46,2.0780363189549918e-07,0.002
Park-Fav,Successive Halving,57,1.1161802446987618e-07,45,46,1.1161802446987618e-07,0.002
Park-Fav,Successive Halving,58,1.087312731383618e-07,45,46,1.087312731383618e-07,0.001
Park-Fav,Successive Halving,59,1.5248471779533417e-07,45,46,1.5248471779533417e-07,0.001
Park-Fav,Successive Halving,60,1.1281375602258802e-07,45,46,1.1281375602258802e-07,0.001
Park-Fav,Successive Halving,61,1.1161802446987618e-07,45,46,1.1161802446987618e-07,0.001
Branin-Unfav,Successive Halving,42,3.1266910900349068,33,34,3.5245780900349066,0.006
Branin-Unfav,Successive Halving,43,0.9873388055472007,33,34,1.3852258055472007,0.005
Branin-Unfav,Successive Halving,44,7.7116130458846,33,34,8.1095000458846,0.005
Branin-Unfav,Successive Halving,45,0.8670871380136081,33,34,1.2649741380136081,0.005
Branin-Unfav,Successive Halving,46,4.815564839102545,33,34,5.213451839102545,0.005
Branin-Unfav,Successive Halving,47,1.6066855479760065,33,34,2.0045725479760064,0.005
Branin-Unfav,Successive Halving,48,1.1105189550745491,33,34,1.508405955074549,0.006
Branin-Unfav,Successive Halving,49,0.16005592324075912,33,34,0.5579429232407591,0.007
Branin-Unfav,Successive Halving,50,0.23697428159646783,33,34,0.6348612815964678,0.005
Branin-Unfav,Successive Halving,51,0.5594532323979217,33,34,0.9573402323979217,0.005
Branin-Unfav,Successive Halving,52,2.7286632042410384,33,34,3.1265502042410382,0.005
Branin-Unfav,Successive Halving,53,0.7875569325099318,33,34,1.1854439325099317,0.005
Branin-Unfav,Successive Halving,54,1.109003323700228,33,34,1.5068903237002278,0.005
Branin-Unfav,Successive Halving,55,0.10339752042404704,33,34,0.501284520424047,0.005
Branin-Unfav,Successive Halving,56,0.9530767209234668,33,34,1.3509637209234668,0.005
Branin-Unfav,Successive Halving,57,1.3069732706012145,33,34,1.7048602706012144,0.005
Branin-Unfav,Successive Halving,58,0.9873388055472007,33,34,1.3852258055472007,0.005
Branin-Unfav,Successive Halving,59,1.6611616828992704,33,34,2.0590486828992702,0.005
Branin-Unfav,Successive Halving,60,0.9873388055472007,33,34,1.3852258055472007,0.005
Branin-Unfav,Successive Halving,61,0.3867984555530669,33,34,0.7846854555530669,0.005
Branin-Fav,Successive Halving,42,3.1266910900349068,45,46,3.5245780900349066,0.014
Branin-Fav,Successive Halving,43,0.9873388055472007,45,46,1.3852258055472007,0.007
Branin-Fav,Successive Halving,44,2.6234025218809585,45,46,3.0212895218809583,0.007
Branin-Fav,Successive Halving,45,0.8670871380136081,45,46,1.2649741380136081,0.007
Branin-Fav,Successive Halving,46,4.815564839102545,45,46,5.213451839102545,0.007
Branin-Fav,Successive Halving,47,1.6066855479760065,45,46,2.0045725479760064,0.01
Branin-Fav,Successive Halving,48,1.1105189550745491,45,46,1.508405955074549,0.007
Branin-Fav,Successive Halving,49,0.16005592324075912,45,46,0.5579429232407591,0.007
Branin-Fav,Successive Halving,50,0.23697428159646783,45,46,0.6348612815964678,0.007
Branin-Fav,Successive Halving,51,0.5594532323979217,45,46,0.9573402323979217,0.007
Branin-Fav,Successive Halving,52,2.7286632042410384,45,46,3.1265502042410382,0.007
Branin-Fav,Successive Halving,53,0.7875569325099318,45,46,1.1854439325099317,0.007
Branin-Fav,Successive Halving,54,1.109003323700228,45,46,1.5068903237002278,0.007
Branin-Fav,Successive Halving,55,0.10339752042404704,45,46,0.501284520424047,0.007
Branin-Fav,Successive Halving,56,0.2831528012458929,45,46,0.6810398012458929,0.007
Branin-Fav,Successive Halving,57,1.3069732706012145,45,46,1.7048602706012144,0.007
Branin-Fav,Successive Halving,58,0.9873388055472007,45,46,1.3852258055472007,0.007
Branin-Fav,Successive Halving,59,1.6611616828992704,45,46,2.0590486828992702,0.007
Branin-Fav,Successive Halving,60,0.9873388055472007,45,46,1.3852258055472007,0.007
Branin-Fav,Successive Halving,61,0.3867984555530669,45,46,0.7846854555530669,0.007
COFs,Successive Halving,42,11.0232689376267,28,29,-7.511217010205558,0.001
COFs,Successive Halving,43,0.13847037361159664,28,29,-18.396015574220662,0.001
COFs,Successive Halving,44,11.653438568976892,28,29,-6.881047378855367,0.001
COFs,Successive Halving,45,9.986202518631911,28,29,-8.548283429200348,0.001
COFs,Successive Halving,46,10.110864412373386,28,29,-8.423621535458873,0.001
COFs,Successive Halving,47,11.687214940484655,28,29,-6.847271007347604,0.001
COFs,Successive Halving,48,0.36350643408100325,28,29,-18.170979513751256,0.001
COFs,Successive Halving,49,3.287155915439582,28,29,-15.247330032392677,0.001
COFs,Successive Halving,50,7.949548815091578,28,29,-10.58493713274068,0.001
COFs,Successive Halving,51,7.912797874891282,28,29,-10.621688072940977,0.001
COFs,Successive Halving,52,11.769527602944674,28,29,-6.764958344887584,0.001
COFs,Successive Halving,53,3.287155915439582,28,29,-15.247330032392677,0.001
COFs,Successive Halving,54,7.912797874891282,28,29,-10.621688072940977,0.001
COFs,Successive Halving,55,7.912797874891282,28,29,-10.621688072940977,0.001
COFs,Successive Halving,56,6.183895738874037,28,29,-12.350590208958222,0.002
COFs,Successive Halving,57,7.493759245588045,28,29,-11.040726702244214,0.001
COFs,Successive Halving,58,6.040486528414251,28,29,-12.493999419418008,0.001
COFs,Successive Halving,59,7.8653847808184185,28,29,-10.66910116701384,0.001
COFs,Successive Halving,60,7.493759245588045,28,29,-11.040726702244214,0.001
COFs,Successive Halving,61,10.380263743224345,28,29,-8.154222204607914,0.001
Branin-Unfav,NARGP,42,0.07480380217855298,24,52,0.47269080217855297,266.653
Branin-Unfav,NARGP,43,0.4035566709587507,24,52,0.8014436709587507,278.472
Branin-Unfav,NARGP,44,0.07480380217855298,24,52,0.47269080217855297,288.57
Branin-Unfav,NARGP,45,0.1530864037518488,24,52,0.5509734037518488,331.538
Branin-Unfav,NARGP,46,0.19156022909624404,24,52,0.589447229096244,346.729
Branin-Unfav,NARGP,47,0.14546928279938853,24,52,0.5433562827993885,369.088
Branin-Unfav,NARGP,48,0.07480380217855298,24,52,0.47269080217855297,326.021
Branin-Unfav,NARGP,49,0.4035566709587507,24,52,0.8014436709587507,330.989
Branin-Unfav,NARGP,50,0.1530864037518488,24,52,0.5509734037518488,342.903
Branin-Unfav,NARGP,51,0.0972357826887994,24,52,0.4951227826887994,319.255
Branin-Unfav,NARGP,52,0.1530864037518488,24,52,0.5509734037518488,353.577
Branin-Unfav,NARGP,53,0.1530864037518488,24,52,0.5509734037518488,339.064
Branin-Unfav,NARGP,54,0.07480380217855298,24,52,0.47269080217855297,290.981
Branin-Unfav,NARGP,55,0.467988848429873,24,52,0.865875848429873,299.32
Branin-Unfav,NARGP,56,0.16005592324075912,24,52,0.5579429232407591,388.035
Branin-Unfav,NARGP,57,0.07480380217855298,24,52,0.47269080217855297,298.941
Branin-Unfav,NARGP,58,0.1530864037518488,24,52,0.5509734037518488,298.259
Branin-Unfav,NARGP,59,0.052375427876019454,24,52,0.45026242787601944,366.41
Branin-Unfav,NARGP,60,0.3474885137832534,24,52,0.7453755137832534,319.787
Branin-Unfav,NARGP,61,0.5684849291449144,24,52,0.9663719291449144,314.592
Park-Unfav,NARGP,42,1.541513844536675e-07,24,52,1.541513844536675e-07,594.593
Park-Unfav,NARGP,43,1.1161802446987618e-07,24,52,1.1161802446987618e-07,676.4
Park-Unfav,NARGP,44,1.560885138775958e-07,24,52,1.560885138775958e-07,645.991
Park-Unfav,NARGP,45,1.541513844536675e-07,24,52,1.541513844536675e-07,712.098
Park-Unfav,NARGP,46,1.1281375602258802e-07,24,52,1.1281375602258802e-07,698.315
Park-Unfav,NARGP,47,1.1281375602258802e-07,24,52,1.1281375602258802e-07,688.869
Park-Unfav,NARGP,48,1.137312731133618e-07,24,52,1.137312731133618e-07,578.97
Park-Unfav,NARGP,49,1.541513844536675e-07,24,52,1.541513844536675e-07,657.698
Park-Unfav,NARGP,50,1.1161802446987618e-07,24,52,1.1161802446987618e-07,598.39
Park-Unfav,NARGP,51,1.1281375602258802e-07,24,52,1.1281375602258802e-07,800.972
Park-Unfav,NARGP,52,1.087312731383618e-07,24,52,1.087312731383618e-07,635.518
Park-Unfav,NARGP,53,1.137312731133618e-07,24,52,1.137312731133618e-07,768.168
Park-Unfav,NARGP,54,1.1161802446987618e-07,24,52,1.1161802446987618e-07,724.285
Park-Unfav,NARGP,55,1.1161802446987618e-07,24,52,1.1161802446987618e-07,704.454
Park-Unfav,NARGP,56,1.1161802446987618e-07,24,52,1.1161802446987618e-07,699.521
Park-Unfav,NARGP,57,1.1161802446987618e-07,24,52,1.1161802446987618e-07,891.35
Park-Unfav,NARGP,58,1.1161802446987618e-07,24,52,1.1161802446987618e-07,705.534
Park-Unfav,NARGP,59,1.087312731383618e-07,24,52,1.087312731383618e-07,622.972
Park-Unfav,NARGP,60,1.1161802446987618e-07,24,52,1.1161802446987618e-07,686.241
Park-Unfav,NARGP,61,1.1281375602258802e-07,24,52,1.1281375602258802e-07,678.925
Branin-Unfav,DKL Multi-Fidelity,42,0.009019962044670815,24,52,0.4069069620446708,1060.594
Branin-Unfav,DKL Multi-Fidelity,43,0.0972357826887994,24,52,0.4951227826887994,1063.919
Branin-Unfav,DKL Multi-Fidelity,44,0.16005592324075912,24,52,0.5579429232407591,1078.43
Branin-Unfav,DKL Multi-Fidelity,45,0.4993675019556595,24,52,0.8972545019556595,1074.112
Branin-Unfav,DKL Multi-Fidelity,46,0.23697428159646783,24,52,0.6348612815964678,1070.978
Branin-Unfav,DKL Multi-Fidelity,47,0.16005592324075912,24,52,0.5579429232407591,1072.071
Branin-Unfav,DKL Multi-Fidelity,48,0.009019962044670815,24,52,0.4069069620446708,1071.524
Branin-Unfav,DKL Multi-Fidelity,49,0.1530864037518488,24,52,0.5509734037518488,1061.449
Branin-Unfav,DKL Multi-Fidelity,50,0.23697428159646783,24,52,0.6348612815964678,1069.807
Branin-Unfav,DKL Multi-Fidelity,51,0.19156022909624404,24,52,0.589447229096244,1079.023
Branin-Unfav,DKL Multi-Fidelity,52,0.14546928279938853,24,52,0.5433562827993885,1076.466
Branin-Unfav,DKL Multi-Fidelity,53,0.19156022909624404,24,52,0.589447229096244,1075.078
Branin-Unfav,DKL Multi-Fidelity,54,0.19156022909624404,24,52,0.589447229096244,1078.364
Branin-Unfav,DKL Multi-Fidelity,55,0.16005592324075912,24,52,0.5579429232407591,1094.964
Branin-Unfav,DKL Multi-Fidelity,56,0.37528777512896283,24,52,0.7731747751289628,1112.314
Branin-Unfav,DKL Multi-Fidelity,57,0.07480380217855298,24,52,0.47269080217855297,1096.476
Branin-Unfav,DKL Multi-Fidelity,58,0.19156022909624404,24,52,0.589447229096244,1096.154
Branin-Unfav,DKL Multi-Fidelity,59,0.07480380217855298,24,52,0.47269080217855297,1101.188
Branin-Unfav,DKL Multi-Fidelity,60,1.7397062505820315,24,52,2.1375932505820314,1107.637
Branin-Unfav,DKL Multi-Fidelity,61,0.3867984555530669,24,52,0.7846854555530669,1084.139
FreeSolv,Successive Halving,42,1.7500000000000002,45,46,-1.68,0.01
FreeSolv,Successive Halving,43,0.9200000000000004,45,46,-2.51,0.007
FreeSolv,Successive Halving,44,0.5,45,46,-2.93,0.004
FreeSolv,Successive Halving,45,0.30000000000000027,45,46,-3.13,0.005
FreeSolv,Successive Halving,46,0.9100000000000001,45,46,-2.52,0.007
FreeSolv,Successive Halving,47,0.9100000000000001,45,46,-2.52,0.007
FreeSolv,Successive Halving,48,0.31000000000000005,45,46,-3.12,0.008
FreeSolv,Successive Halving,49,0.9200000000000004,45,46,-2.51,0.004
FreeSolv,Successive Halving,50,0.54,45,46,-2.89,0.004
FreeSolv,Successive Halving,51,1.0900000000000003,45,46,-2.34,0.004
FreeSolv,Successive Halving,52,0.45999999999999996,45,46,-2.97,0.004
FreeSolv,Successive Halving,53,0.6000000000000001,45,46,-2.83,0.004
FreeSolv,Successive Halving,54,1.0500000000000003,45,46,-2.38,0.004
FreeSolv,Successive Halving,55,2.2700000000000005,45,46,-1.16,0.004
FreeSolv,Successive Halving,56,0.27,45,46,-3.16,0.004
FreeSolv,Successive Halving,57,0.5,45,46,-2.93,0.004
FreeSolv,Successive Halving,58,0.5500000000000003,45,46,-2.88,0.004
FreeSolv,Successive Halving,59,0.9100000000000001,45,46,-2.52,0.004
FreeSolv,Successive Halving,60,0.5,45,46,-2.93,0.004
FreeSolv,Successive Halving,61,1.37,45,46,-2.06,0.004
Park-Unfav,DKL Multi-Fidelity,42,1.137312731133618e-07,24,52,1.137312731133618e-07,1061.769
Park-Unfav,DKL Multi-Fidelity,43,1.1281375602258802e-07,24,52,1.1281375602258802e-07,1065.05
Park-Unfav,DKL Multi-Fidelity,44,1.1281375602258802e-07,24,52,1.1281375602258802e-07,1081.342
Park-Unfav,DKL Multi-Fidelity,45,1.5248471779533417e-07,24,52,1.5248471779533417e-07,1074.931
Park-Unfav,DKL Multi-Fidelity,46,1.5248471779533417e-07,24,52,1.5248471779533417e-07,1072.19
Park-Unfav,DKL Multi-Fidelity,47,1.087312731383618e-07,24,52,1.087312731383618e-07,1072.648
Park-Unfav,DKL Multi-Fidelity,48,1.1161802446987618e-07,24,52,1.1161802446987618e-07,1071.934
Park-Unfav,DKL Multi-Fidelity,49,1.087312731383618e-07,24,52,1.087312731383618e-07,1060.828
Park-Unfav,DKL Multi-Fidelity,50,1.087312731383618e-07,24,52,1.087312731383618e-07,1069.861
Park-Unfav,DKL Multi-Fidelity,51,1.087312731383618e-07,24,52,1.087312731383618e-07,1079.273
Park-Unfav,DKL Multi-Fidelity,52,1.087312731383618e-07,24,52,1.087312731383618e-07,1076.437
Park-Unfav,DKL Multi-Fidelity,53,1.1281375602258802e-07,24,52,1.1281375602258802e-07,1074.547
Park-Unfav,DKL Multi-Fidelity,54,1.1281375602258802e-07,24,52,1.1281375602258802e-07,1077.726
Park-Unfav,DKL Multi-Fidelity,55,1.087312731383618e-07,24,52,1.087312731383618e-07,1095.12
Park-Unfav,DKL Multi-Fidelity,56,1.087312731383618e-07,24,52,1.087312731383618e-07,1112.12
Park-Unfav,DKL Multi-Fidelity,57,1.1281375602258802e-07,24,52,1.1281375602258802e-07,1096.518
Park-Unfav,DKL Multi-Fidelity,58,1.5248471779533417e-07,24,52,1.5248471779533417e-07,1096.371
Park-Unfav,DKL Multi-Fidelity,59,1.1161802446987618e-07,24,52,1.1161802446987618e-07,1101.541
Park-Unfav,DKL Multi-Fidelity,60,1.087312731383618e-07,24,52,1.087312731383618e-07,1107.341
Park-Unfav,DKL Multi-Fidelity,61,1.1281375602258802e-07,24,52,1.1281375602258802e-07,1083.985
Branin-Fav,NARGP,42,0.4993675019556595,24,259,0.8972545019556595,1249.115
Branin-Fav,NARGP,43,0.0972357826887994,24,259,0.4951227826887994,1372.806
Branin-Fav,NARGP,44,0.41441008667516044,24,259,0.8122970866751604,1424.362
Branin-Fav,NARGP,45,0.46165131668900095,24,259,0.8595383166890009,1391.677
Branin-Fav,NARGP,46,0.0972357826887994,24,259,0.4951227826887994,1286.279
Branin-Fav,NARGP,47,0.052375427876019454,24,259,0.45026242787601944,1441.411
Branin-Fav,NARGP,48,0.4993675019556595,24,259,0.8972545019556595,1235.891
Branin-Fav,NARGP,49,0.0066056977871608025,24,259,0.4044926977871608,1418.27
Branin-Fav,NARGP,50,0.3867984555530669,24,259,0.7846854555530669,1460.85
Branin-Fav,NARGP,51,0.46165131668900095,24,259,0.8595383166890009,1438.479
Branin-Fav,NARGP,52,0.4845747529975498,24,259,0.8824617529975498,1575.653
Branin-Fav,NARGP,53,0.009019962044670815,24,259,0.4069069620446708,1579.016
Branin-Fav,NARGP,54,0.46165131668900095,24,259,0.8595383166890009,1442.524
Branin-Fav,NARGP,55,0.1530864037518488,24,259,0.5509734037518488,1421.339
Branin-Fav,NARGP,56,0.0972357826887994,24,259,0.4951227826887994,1408.116
Branin-Fav,NARGP,57,0.10339752042404704,24,259,0.501284520424047,1404.279
Branin-Fav,NARGP,58,0.2831528012458929,24,259,0.6810398012458929,1372.174
Branin-Fav,NARGP,59,0.4035566709587507,24,259,0.8014436709587507,1532.956
Branin-Fav,NARGP,60,0.052375427876019454,24,259,0.45026242787601944,1435.198
Branin-Fav,NARGP,61,0.3474885137832534,24,259,0.7453755137832534,1261.681
Branin-Unfav,Sparse MFGP,42,0.19156022909624404,24,52,0.589447229096244,1809.09
Branin-Unfav,Sparse MFGP,43,0.16005592324075912,24,52,0.5579429232407591,1830.923
Branin-Unfav,Sparse MFGP,44,0.8490659666566377,24,52,1.2469529666566377,1796.84
Branin-Unfav,Sparse MFGP,45,0.16005592324075912,24,52,0.5579429232407591,1823.649
Branin-Unfav,Sparse MFGP,46,1.845866597865962,24,52,2.243753597865962,1812.149
Branin-Unfav,Sparse MFGP,47,2.8438116942227607,24,52,3.2416986942227606,1825.462
Branin-Unfav,Sparse MFGP,48,3.1872150107265744,24,52,3.5851020107265743,1820.683
Branin-Unfav,Sparse MFGP,49,2.577070109384376,24,52,2.974957109384376,1837.332
Branin-Unfav,Sparse MFGP,50,0.49573856355245816,24,52,0.8936255635524581,1907.169
Branin-Unfav,Sparse MFGP,51,1.5486488092602473,24,52,1.9465358092602472,1865.976
Branin-Unfav,Sparse MFGP,52,2.6234025218809585,24,52,3.0212895218809583,1886.92
Branin-Unfav,Sparse MFGP,53,0.14546928279938853,24,52,0.5433562827993885,1856.951
Branin-Unfav,Sparse MFGP,54,0.14546928279938853,24,52,0.5433562827993885,1834.426
Branin-Unfav,Sparse MFGP,55,2.0967085147176387,24,52,2.4945955147176386,1798.376
Branin-Unfav,Sparse MFGP,56,1.7098171741045336,24,52,2.1077041741045335,1820.229
Branin-Unfav,Sparse MFGP,57,0.9873388055472007,24,52,1.3852258055472007,1835.864
Branin-Unfav,Sparse MFGP,58,2.6997780861953515,24,52,3.0976650861953514,1859.921
Branin-Unfav,Sparse MFGP,59,0.4845747529975498,24,52,0.8824617529975498,1850.822
Branin-Unfav,Sparse MFGP,60,0.16005592324075912,24,52,0.5579429232407591,1854.873
Branin-Unfav,Sparse MFGP,61,0.23697428159646783,24,52,0.6348612815964678,1855.795
Polarizability,Successive Halving,42,0.08919437340153435,25,26,-0.9108056265984656,0.01
Polarizability,Successive Halving,43,0.2710997442455244,25,26,-0.7289002557544756,0.013
Polarizability,Successive Halving,44,0.46771099744245526,25,26,-0.5322890025575447,0.009
Polarizability,Successive Halving,45,0.4795396419437341,25,26,-0.5204603580562659,0.01
Polarizability,Successive Halving,46,0.38363171355498726,25,26,-0.6163682864450127,0.007
Polarizability,Successive Halving,47,0.44725063938618925,25,26,-0.5527493606138107,0.007
Polarizability,Successive Halving,48,0.5437979539641944,25,26,-0.4562020460358056,0.003
Polarizability,Successive Halving,49,0.5217391304347827,25,26,-0.4782608695652173,0.004
Polarizability,Successive Halving,50,0.5252557544757034,25,26,-0.4747442455242966,0.004
Polarizability,Successive Halving,51,0.43222506393861904,25,26,-0.567774936061381,0.004
Polarizability,Successive Halving,52,0.4542838874680307,25,26,-0.5457161125319693,0.004
Polarizability,Successive Halving,53,0.30754475703324813,25,26,-0.6924552429667519,0.004
Polarizability,Successive Halving,54,0.42519181585677746,25,26,-0.5748081841432225,0.004
Polarizability,Successive Halving,55,0.46707161125319696,25,26,-0.532928388746803,0.004
Polarizability,Successive Halving,56,0.4635549872122763,25,26,-0.5364450127877237,0.004
Polarizability,Successive Halving,57,0.15281329923273657,25,26,-0.8471867007672634,0.004
Polarizability,Successive Halving,58,0.1275575447570333,25,26,-0.8724424552429667,0.005
Polarizability,Successive Halving,59,0.38363171355498726,25,26,-0.6163682864450127,0.004
Polarizability,Successive Halving,60,0.40377237851662406,25,26,-0.5962276214833759,0.004
Polarizability,Successive Halving,61,0.4555626598465474,25,26,-0.5444373401534526,0.004
Park-Unfav,Sparse MFGP,42,1.5248471779533417e-07,24,52,1.5248471779533417e-07,1810.229
Park-Unfav,Sparse MFGP,43,1.1161802446987618e-07,24,52,1.1161802446987618e-07,1832.209
Park-Unfav,Sparse MFGP,44,1.5248471779533417e-07,24,52,1.5248471779533417e-07,1797.272
Park-Unfav,Sparse MFGP,45,1.5248471779533417e-07,24,52,1.5248471779533417e-07,1825.523
Park-Unfav,Sparse MFGP,46,1.1281375602258802e-07,24,52,1.1281375602258802e-07,1811.847
Park-Unfav,Sparse MFGP,47,1.137312731133618e-07,24,52,1.137312731133618e-07,1826.295
Park-Unfav,Sparse MFGP,48,1.1281375602258802e-07,24,52,1.1281375602258802e-07,1821.653
Park-Unfav,Sparse MFGP,49,1.1281375602258802e-07,24,52,1.1281375602258802e-07,1838.947
Park-Unfav,Sparse MFGP,50,1.1161802446987618e-07,24,52,1.1161802446987618e-07,1907.941
Park-Unfav,Sparse MFGP,51,1.1161802446987618e-07,24,52,1.1161802446987618e-07,1870.225
Park-Unfav,Sparse MFGP,52,1.541513844536675e-07,24,52,1.541513844536675e-07,1888.285
Park-Unfav,Sparse MFGP,53,1.1161802446987618e-07,24,52,1.1161802446987618e-07,1855.763
Park-Unfav,Sparse MFGP,54,1.087312731383618e-07,24,52,1.087312731383618e-07,1834.53
Park-Unfav,Sparse MFGP,55,1.1161802446987618e-07,24,52,1.1161802446987618e-07,1798.936
Park-Unfav,Sparse MFGP,56,1.1161802446987618e-07,24,52,1.1161802446987618e-07,1820.885
Park-Unfav,Sparse MFGP,57,1.541513844536675e-07,24,52,1.541513844536675e-07,1836.279
Park-Unfav,Sparse MFGP,58,1.137312731133618e-07,24,52,1.137312731133618e-07,1861.642
Park-Unfav,Sparse MFGP,59,1.087312731383618e-07,24,52,1.087312731383618e-07,1851.383
Park-Unfav,Sparse MFGP,60,1.137312731133618e-07,24,52,1.137312731133618e-07,1855.249
Park-Unfav,Sparse MFGP,61,1.1161802446987618e-07,24,52,1.1161802446987618e-07,1854.797
Park-Fav,NARGP,42,1.087312731383618e-07,23,234,1.087312731383618e-07,2434.606
Park-Fav,NARGP,43,1.087312731383618e-07,23,234,1.087312731383618e-07,2704.628
Park-Fav,NARGP,44,1.087312731383618e-07,23,234,1.087312731383618e-07,2933.711
Park-Fav,NARGP,45,1.087312731383618e-07,23,234,1.087312731383618e-07,2828.529
Park-Fav,NARGP,46,1.087312731383618e-07,23,234,1.087312731383618e-07,2485.568
Park-Fav,NARGP,47,1.087312731383618e-07,23,234,1.087312731383618e-07,2510.523
Park-Fav,NARGP,48,1.087312731383618e-07,23,234,1.087312731383618e-07,2918.33
Park-Fav,NARGP,49,1.087312731383618e-07,23,234,1.087312731383618e-07,2790.946
Park-Fav,NARGP,50,1.087312731383618e-07,22,235,1.087312731383618e-07,2545.971
Park-Fav,NARGP,51,1.087312731383618e-07,23,234,1.087312731383618e-07,2873.794
Park-Fav,NARGP,52,1.087312731383618e-07,23,234,1.087312731383618e-07,2638.868
Park-Fav,NARGP,53,1.087312731383618e-07,23,234,1.087312731383618e-07,2822.863
Park-Fav,NARGP,54,1.087312731383618e-07,23,234,1.087312731383618e-07,2919.181
Park-Fav,NARGP,55,1.087312731383618e-07,23,234,1.087312731383618e-07,2557.99
Park-Fav,NARGP,56,1.087312731383618e-07,23,234,1.087312731383618e-07,2160.569
Park-Fav,NARGP,57,1.087312731383618e-07,23,234,1.087312731383618e-07,2403.577
Park-Fav,NARGP,58,1.087312731383618e-07,23,234,1.087312731383618e-07,2536.702
Park-Fav,NARGP,59,1.087312731383618e-07,23,234,1.087312731383618e-07,2370.645
Park-Fav,NARGP,60,1.087312731383618e-07,23,234,1.087312731383618e-07,2296.159
Park-Fav,NARGP,61,1.087312731383618e-07,23,234,1.087312731383618e-07,2406.214
Polarizability,NARGP,42,0.2528772378516625,16,83,-0.7471227621483375,1764.966
Polarizability,NARGP,43,0.2528772378516625,16,83,-0.7471227621483375,1508.522
Polarizability,NARGP,44,0.15281329923273657,16,83,-0.8471867007672634,1511.693
Polarizability,NARGP,45,0.09303069053708435,16,83,-0.9069693094629157,1666.353
Polarizability,NARGP,46,0.0,16,83,-1.0,1866.842
Polarizability,NARGP,47,0.21867007672634287,16,83,-0.7813299232736571,1745.366
Polarizability,NARGP,48,0.0,16,83,-1.0,1637.076
Polarizability,NARGP,49,0.21483375959079287,16,83,-0.7851662404092071,1982.836
Polarizability,NARGP,50,0.2710997442455244,16,83,-0.7289002557544756,1452.289
Polarizability,NARGP,51,0.0,16,83,-1.0,1859.533
Polarizability,NARGP,52,0.0,16,83,-1.0,1681.419
Polarizability,NARGP,53,0.2119565217391305,16,83,-0.7880434782608695,1428.248
Polarizability,NARGP,54,0.1275575447570333,16,83,-0.8724424552429667,1010.407
Polarizability,NARGP,55,0.1275575447570333,16,83,-0.8724424552429667,1526.59
Polarizability,NARGP,56,0.1275575447570333,16,83,-0.8724424552429667,851.003
Polarizability,NARGP,57,0.21483375959079287,16,83,-0.7851662404092071,1358.426
Polarizability,NARGP,58,0.0,16,83,-1.0,1977.855
Polarizability,NARGP,59,0.2119565217391305,16,83,-0.7880434782608695,2063.519
Polarizability,NARGP,60,0.2119565217391305,16,83,-0.7880434782608695,2189.26
Polarizability,NARGP,61,0.3347186700767264,16,83,-0.6652813299232736,1234.745
Polarizability,DKL Multi-Fidelity,42,0.09303069053708435,16,83,-0.9069693094629157,1423.849
Polarizability,DKL Multi-Fidelity,43,0.21547314578005117,16,83,-0.7845268542199488,1419.671
Polarizability,DKL Multi-Fidelity,44,0.08919437340153435,16,83,-0.9108056265984656,1422.864
Polarizability,DKL Multi-Fidelity,45,0.1275575447570333,16,83,-0.8724424552429667,1419.277
Polarizability,DKL Multi-Fidelity,46,0.0,16,83,-1.0,1402.323
Polarizability,DKL Multi-Fidelity,47,0.15281329923273657,16,83,-0.8471867007672634,1414.036
Polarizability,DKL Multi-Fidelity,48,0.0,16,83,-1.0,1300.911
Polarizability,DKL Multi-Fidelity,49,0.1275575447570333,16,83,-0.8724424552429667,1271.277
Polarizability,DKL Multi-Fidelity,50,0.08919437340153435,16,83,-0.9108056265984656,1287.654
Polarizability,DKL Multi-Fidelity,51,0.0,16,83,-1.0,1255.395
Polarizability,DKL Multi-Fidelity,52,0.0,16,83,-1.0,1278.91
Polarizability,DKL Multi-Fidelity,53,0.09303069053708435,16,83,-0.9069693094629157,1277.617
Polarizability,DKL Multi-Fidelity,54,0.1275575447570333,16,83,-0.8724424552429667,1268.551
Polarizability,DKL Multi-Fidelity,55,0.1275575447570333,16,83,-0.8724424552429667,1276.347
Polarizability,DKL Multi-Fidelity,56,0.1275575447570333,16,83,-0.8724424552429667,1259.344
Polarizability,DKL Multi-Fidelity,57,0.21483375959079287,16,83,-0.7851662404092071,1277.705
Polarizability,DKL Multi-Fidelity,58,0.0,16,83,-1.0,1284.149
Polarizability,DKL Multi-Fidelity,59,0.09303069053708435,16,83,-0.9069693094629157,1267.001
Polarizability,DKL Multi-Fidelity,60,0.15281329923273657,16,83,-0.8471867007672634,1216.163
Polarizability,DKL Multi-Fidelity,61,0.24648337595907932,16,83,-0.7535166240409207,1187.409
Polarizability,Sparse MFGP,42,0.2320971867007673,16,83,-0.7679028132992327,2360.476
Polarizability,Sparse MFGP,43,0.09303069053708435,16,83,-0.9069693094629157,2323.869
Polarizability,Sparse MFGP,44,0.08919437340153435,16,83,-0.9108056265984656,2348.095
Polarizability,Sparse MFGP,45,0.08919437340153435,16,83,-0.9108056265984656,2402.408
Polarizability,Sparse MFGP,46,0.0,16,83,-1.0,2389.051
Polarizability,Sparse MFGP,47,0.24648337595907932,16,83,-0.7535166240409207,2394.684
Polarizability,Sparse MFGP,48,0.0,16,83,-1.0,2243.461
Polarizability,Sparse MFGP,49,0.21867007672634287,16,83,-0.7813299232736571,2133.57
Polarizability,Sparse MFGP,50,0.2528772378516625,16,83,-0.7471227621483375,2135.925
Polarizability,Sparse MFGP,51,0.0,16,83,-1.0,2127.255
Polarizability,Sparse MFGP,52,0.0,16,83,-1.0,2121.889
Polarizability,Sparse MFGP,53,0.21547314578005117,16,83,-0.7845268542199488,2137.453
Polarizability,Sparse MFGP,54,0.1275575447570333,16,83,-0.8724424552429667,2140.337
Polarizability,Sparse MFGP,55,0.1275575447570333,16,83,-0.8724424552429667,2078.95
Polarizability,Sparse MFGP,56,0.1275575447570333,16,83,-0.8724424552429667,1926.541
Polarizability,Sparse MFGP,57,0.1275575447570333,16,83,-0.8724424552429667,1711.944
Polarizability,Sparse MFGP,58,0.0,16,83,-1.0,1721.528
Polarizability,Sparse MFGP,59,0.09303069053708435,16,83,-0.9069693094629157,1741.079
Polarizability,Sparse MFGP,60,0.2119565217391305,16,83,-0.7880434782608695,1723.39
Polarizability,Sparse MFGP,61,0.2119565217391305,16,83,-0.7880434782608695,1735.098
COFs,DKL Multi-Fidelity,42,12.060656357852519,15,230,-6.473829589979741,3408.025
COFs,DKL Multi-Fidelity,43,2.768421691579954,15,230,-15.766064256252305,3419.47
COFs,DKL Multi-Fidelity,44,4.417357854172623,15,230,-14.117128093659636,3402.945
COFs,DKL Multi-Fidelity,45,2.768421691579954,15,230,-15.766064256252305,3436.661
COFs,DKL Multi-Fidelity,46,2.768421691579954,15,230,-15.766064256252305,3504.925
COFs,DKL Multi-Fidelity,47,9.986202518631911,15,230,-8.548283429200348,3507.763
COFs,DKL Multi-Fidelity,48,7.8653847808184185,15,230,-10.66910116701384,3458.984
COFs,DKL Multi-Fidelity,49,3.542139991253217,15,230,-14.992345956579042,3442.367
COFs,DKL Multi-Fidelity,50,2.768421691579954,15,230,-15.766064256252305,3485.408
COFs,DKL Multi-Fidelity,51,4.516970590908455,15,230,-14.017515356923804,3503.161
COFs,DKL Multi-Fidelity,52,0.0,15,230,-18.53448594783226,3375.94
COFs,DKL Multi-Fidelity,53,7.306579242853321,15,230,-11.227906704978938,3147.054
COFs,DKL Multi-Fidelity,54,6.806015904275972,15,230,-11.728470043556287,3148.875
COFs,DKL Multi-Fidelity,55,7.306579242853321,15,230,-11.227906704978938,3139.587
COFs,DKL Multi-Fidelity,56,2.768421691579954,15,230,-15.766064256252305,3153.337
COFs,DKL Multi-Fidelity,57,7.912797874891282,15,230,-10.621688072940977,3058.781
COFs,DKL Multi-Fidelity,58,7.8653847808184185,15,230,-10.66910116701384,2668.11
COFs,DKL Multi-Fidelity,59,2.768421691579954,15,230,-15.766064256252305,2583.839
COFs,DKL Multi-Fidelity,60,2.768421691579954,15,230,-15.766064256252305,2596.998
COFs,DKL Multi-Fidelity,61,0.0,15,230,-18.53448594783226,2554.918
Branin-Fav,DKL Multi-Fidelity,42,0.0066056977871608025,24,259,0.4044926977871608,3969.965
Branin-Fav,DKL Multi-Fidelity,43,0.4035566709587507,24,259,0.8014436709587507,3970.405
Branin-Fav,DKL Multi-Fidelity,44,0.14546928279938853,24,259,0.5433562827993885,3979.057
Branin-Fav,DKL Multi-Fidelity,45,0.46165131668900095,24,259,0.8595383166890009,4045.732
Branin-Fav,DKL Multi-Fidelity,46,0.052375427876019454,24,259,0.45026242787601944,4084.468
Branin-Fav,DKL Multi-Fidelity,47,0.23697428159646783,24,259,0.6348612815964678,4029.355
Branin-Fav,DKL Multi-Fidelity,48,0.723926085363458,24,259,1.121813085363458,4001.904
Branin-Fav,DKL Multi-Fidelity,49,0.4035566709587507,24,259,0.8014436709587507,4074.729
Branin-Fav,DKL Multi-Fidelity,50,0.4993675019556595,24,259,0.8972545019556595,4058.163
Branin-Fav,DKL Multi-Fidelity,51,0.3474885137832534,24,259,0.7453755137832534,3741.766
Branin-Fav,DKL Multi-Fidelity,52,0.052375427876019454,24,259,0.45026242787601944,3652.695
Branin-Fav,DKL Multi-Fidelity,53,0.14546928279938853,24,259,0.5433562827993885,3652.145
Branin-Fav,DKL Multi-Fidelity,54,0.1530864037518488,24,259,0.5509734037518488,3664.712
Branin-Fav,DKL Multi-Fidelity,55,0.19156022909624404,24,259,0.589447229096244,3495.508
Branin-Fav,DKL Multi-Fidelity,56,0.009019962044670815,24,259,0.4069069620446708,3002.253
Branin-Fav,DKL Multi-Fidelity,57,0.19156022909624404,24,259,0.589447229096244,3014.505
Branin-Fav,DKL Multi-Fidelity,58,0.009019962044670815,24,259,0.4069069620446708,3013.205
Branin-Fav,DKL Multi-Fidelity,59,0.23697428159646783,24,259,0.6348612815964678,2550.906
Branin-Fav,DKL Multi-Fidelity,60,0.0972357826887994,24,259,0.4951227826887994,2475.988
Branin-Fav,DKL Multi-Fidelity,61,0.1530864037518488,24,259,0.5509734037518488,2504.255
Park-Fav,DKL Multi-Fidelity,42,1.087312731383618e-07,23,234,1.087312731383618e-07,3970.203
Park-Fav,DKL Multi-Fidelity,43,1.087312731383618e-07,23,234,1.087312731383618e-07,3968.482
Park-Fav,DKL Multi-Fidelity,44,1.087312731383618e-07,23,234,1.087312731383618e-07,3979.055
Park-Fav,DKL Multi-Fidelity,45,1.087312731383618e-07,23,234,1.087312731383618e-07,4045.08
Park-Fav,DKL Multi-Fidelity,46,1.087312731383618e-07,23,234,1.087312731383618e-07,4084.881
Park-Fav,DKL Multi-Fidelity,47,1.087312731383618e-07,23,234,1.087312731383618e-07,4030.923
Park-Fav,DKL Multi-Fidelity,48,1.087312731383618e-07,23,234,1.087312731383618e-07,4000.93
Park-Fav,DKL Multi-Fidelity,49,1.087312731383618e-07,23,234,1.087312731383618e-07,4075.363
Park-Fav,DKL Multi-Fidelity,50,1.087312731383618e-07,22,235,1.087312731383618e-07,4058.657
Park-Fav,DKL Multi-Fidelity,51,1.087312731383618e-07,23,234,1.087312731383618e-07,3742.01
Park-Fav,DKL Multi-Fidelity,52,1.087312731383618e-07,23,234,1.087312731383618e-07,3652.642
Park-Fav,DKL Multi-Fidelity,53,1.087312731383618e-07,23,234,1.087312731383618e-07,3652.34
Park-Fav,DKL Multi-Fidelity,54,1.087312731383618e-07,23,234,1.087312731383618e-07,3664.687
Park-Fav,DKL Multi-Fidelity,55,1.087312731383618e-07,23,234,1.087312731383618e-07,3495.276
Park-Fav,DKL Multi-Fidelity,56,1.087312731383618e-07,23,234,1.087312731383618e-07,3002.95
Park-Fav,DKL Multi-Fidelity,57,1.087312731383618e-07,23,234,1.087312731383618e-07,3015.018
Park-Fav,DKL Multi-Fidelity,58,1.087312731383618e-07,23,234,1.087312731383618e-07,3013.758
Park-Fav,DKL Multi-Fidelity,59,1.087312731383618e-07,23,234,1.087312731383618e-07,2552.993
Park-Fav,DKL Multi-Fidelity,60,1.087312731383618e-07,23,234,1.087312731383618e-07,2480.18
Park-Fav,DKL Multi-Fidelity,61,1.087312731383618e-07,23,234,1.087312731383618e-07,2507.511
FreeSolv,DKL Multi-Fidelity,42,0.5,24,259,-2.93,4091.087
FreeSolv,DKL Multi-Fidelity,43,0.27,24,259,-3.16,4071.759
FreeSolv,DKL Multi-Fidelity,44,0.5,24,259,-2.93,4012.245
FreeSolv,DKL Multi-Fidelity,45,0.5,24,259,-2.93,4038.679
FreeSolv,DKL Multi-Fidelity,46,0.8700000000000001,24,259,-2.56,4087.386
FreeSolv,DKL Multi-Fidelity,47,0.9200000000000004,24,259,-2.51,3935.425
FreeSolv,DKL Multi-Fidelity,48,0.54,24,259,-2.89,3656.425
FreeSolv,DKL Multi-Fidelity,49,0.7200000000000002,24,259,-2.71,3666.239
FreeSolv,DKL Multi-Fidelity,50,0.7200000000000002,24,259,-2.71,3653.288
FreeSolv,DKL Multi-Fidelity,51,0.6000000000000001,24,259,-2.83,3645.756
FreeSolv,DKL Multi-Fidelity,52,1.1300000000000003,24,259,-2.3,3221.64
FreeSolv,DKL Multi-Fidelity,53,0.27,24,259,-3.16,3015.103
FreeSolv,DKL Multi-Fidelity,54,0.5,24,259,-2.93,3034.629
FreeSolv,DKL Multi-Fidelity,55,0.31000000000000005,24,259,-3.12,2834.434
FreeSolv,DKL Multi-Fidelity,56,0.9200000000000004,24,259,-2.51,2503.142
FreeSolv,DKL Multi-Fidelity,57,0.8700000000000001,24,259,-2.56,2502.23
FreeSolv,DKL Multi-Fidelity,58,0.8700000000000001,24,259,-2.56,2226.3
FreeSolv,DKL Multi-Fidelity,59,0.30000000000000027,24,259,-3.13,1958.035
FreeSolv,DKL Multi-Fidelity,60,0.7200000000000002,24,259,-2.71,1932.02
FreeSolv,DKL Multi-Fidelity,61,0.9100000000000001,24,259,-2.52,1937.482
COFs,Sparse MFGP,42,10.806188262410183,15,230,-7.728297685422076,5769.988
COFs,Sparse MFGP,43,2.768421691579954,15,230,-15.766064256252305,5810.761
COFs,Sparse MFGP,44,11.580077249937606,15,230,-6.954408697894654,5921.566
COFs,Sparse MFGP,45,2.768421691579954,15,230,-15.766064256252305,5924.262
COFs,Sparse MFGP,46,2.768421691579954,15,230,-15.766064256252305,5805.099
COFs,Sparse MFGP,47,7.912797874891282,15,230,-10.621688072940977,5914.763
COFs,Sparse MFGP,48,7.306579242853321,15,230,-11.227906704978938,5446.753
COFs,Sparse MFGP,49,7.493759245588045,15,230,-11.040726702244214,5244.003
COFs,Sparse MFGP,50,2.768421691579954,15,230,-15.766064256252305,5271.517
COFs,Sparse MFGP,51,7.3926220436067585,15,230,-11.1418639042255,4758.573
COFs,Sparse MFGP,52,10.846882109382225,15,230,-7.687603838450033,4259.429
COFs,Sparse MFGP,53,6.040486528414251,15,230,-12.493999419418008,4154.073
COFs,Sparse MFGP,54,0.0,15,230,-18.53448594783226,3443.684
COFs,Sparse MFGP,55,8.884098152249814,15,230,-9.650387795582445,3409.089
COFs,Sparse MFGP,56,2.768421691579954,15,230,-15.766064256252305,2540.322
COFs,Sparse MFGP,57,7.94203521211173,15,230,-10.59245073572053,2532.645
COFs,Sparse MFGP,58,0.13847037361159664,15,230,-18.396015574220662,2389.287
COFs,Sparse MFGP,59,2.768421691579954,15,230,-15.766064256252305,2131.04
COFs,Sparse MFGP,60,2.768421691579954,15,230,-15.766064256252305,2109.513
COFs,Sparse MFGP,61,3.287155915439582,15,230,-15.247330032392677,2124.395
FreeSolv,NARGP,42,0.54,24,259,-2.89,6012.92
FreeSolv,NARGP,43,0.31000000000000005,24,259,-3.12,5731.671
FreeSolv,NARGP,44,0.27,24,259,-3.16,6051.457
FreeSolv,NARGP,45,0.9200000000000004,24,259,-2.51,5969.745
FreeSolv,NARGP,46,0.7200000000000002,24,259,-2.71,7851.673
FreeSolv,NARGP,47,1.0900000000000003,24,259,-2.34,5261.018
FreeSolv,NARGP,48,0.5,24,259,-2.93,6048.023
FreeSolv,NARGP,49,0.45999999999999996,24,259,-2.97,5216.081
FreeSolv,NARGP,50,0.8800000000000003,24,259,-2.55,5053.152
FreeSolv,NARGP,51,0.8700000000000001,24,259,-2.56,4288.722
FreeSolv,NARGP,52,0.9200000000000004,24,259,-2.51,3162.826
FreeSolv,NARGP,53,0.5500000000000003,24,259,-2.88,4218.668
FreeSolv,NARGP,54,0.6000000000000001,24,259,-2.83,3030.992
FreeSolv,NARGP,55,0.7600000000000002,24,259,-2.67,2693.402
FreeSolv,NARGP,56,0.5,24,259,-2.93,2227.031
FreeSolv,NARGP,57,0.5,24,259,-2.93,2462.527
FreeSolv,NARGP,58,0.5500000000000003,24,259,-2.88,1738.052
FreeSolv,NARGP,59,0.9200000000000004,24,259,-2.51,1868.286
FreeSolv,NARGP,60,0.8700000000000001,24,259,-2.56,1710.897
FreeSolv,NARGP,61,0.5500000000000003,24,259,-2.88,2329.034
COFs,NARGP,42,7.912797874891282,15,230,-10.621688072940977,7007.627
COFs,NARGP,43,2.768421691579954,15,230,-15.766064256252305,9079.034
COFs,NARGP,44,11.0232689376267,15,230,-7.511217010205558,4288.13
COFs,NARGP,45,2.768421691579954,15,230,-15.766064256252305,6228.356
COFs,NARGP,46,0.13847037361159664,15,230,-18.396015574220662,7330.391
COFs,NARGP,47,9.578000673430147,15,230,-8.956485274402112,7376.22
COFs,NARGP,48,1.6834527522225677,15,230,-16.85103319560969,6020.705
COFs,NARGP,49,1.6834527522225677,15,230,-16.85103319560969,7465.985
COFs,NARGP,50,1.6834527522225677,15,230,-16.85103319560969,5836.487
COFs,NARGP,51,14.305555600332674,15,230,-4.228930347499586,3915.51
COFs,NARGP,52,7.6293969821581396,15,230,-10.90508896567412,4736.233
COFs,NARGP,53,11.687214940484655,15,230,-6.847271007347604,2811.837
COFs,NARGP,54,7.8653847808184185,15,230,-10.66910116701384,2014.639
COFs,NARGP,55,11.653438568976892,15,230,-6.881047378855367,2615.581
COFs,NARGP,56,2.768421691579954,15,230,-15.766064256252305,2714.48
COFs,NARGP,57,7.848507289350307,15,230,-10.685978658481952,1425.727
COFs,NARGP,58,6.040486528414251,15,230,-12.493999419418008,3313.019
COFs,NARGP,59,2.768421691579954,15,230,-15.766064256252305,1903.14
COFs,NARGP,60,2.768421691579954,15,230,-15.766064256252305,2219.07
COFs,NARGP,61,4.417357854172623,15,230,-14.117128093659636,1438.528
Park-Fav,Sparse MFGP,42,1.087312731383618e-07,23,234,1.087312731383618e-07,6722.766
Park-Fav,Sparse MFGP,43,1.087312731383618e-07,23,234,1.087312731383618e-07,6746.948
Park-Fav,Sparse MFGP,44,1.087312731383618e-07,23,234,1.087312731383618e-07,6976.039
Park-Fav,Sparse MFGP,45,1.087312731383618e-07,23,234,1.087312731383618e-07,6774.709
Park-Fav,Sparse MFGP,46,1.087312731383618e-07,23,234,1.087312731383618e-07,6862.706
Park-Fav,Sparse MFGP,47,1.087312731383618e-07,23,234,1.087312731383618e-07,6420.657
Park-Fav,Sparse MFGP,48,1.087312731383618e-07,23,234,1.087312731383618e-07,6109.537
Park-Fav,Sparse MFGP,49,1.087312731383618e-07,23,234,1.087312731383618e-07,6086.174
Park-Fav,Sparse MFGP,50,1.087312731383618e-07,22,235,1.087312731383618e-07,5161.598
Park-Fav,Sparse MFGP,51,1.087312731383618e-07,23,234,1.087312731383618e-07,4946.331
Park-Fav,Sparse MFGP,52,1.087312731383618e-07,23,234,1.087312731383618e-07,4205.206
Park-Fav,Sparse MFGP,53,1.087312731383618e-07,23,234,1.087312731383618e-07,4002.124
Park-Fav,Sparse MFGP,54,1.087312731383618e-07,23,234,1.087312731383618e-07,2957.863
Park-Fav,Sparse MFGP,55,1.087312731383618e-07,23,234,1.087312731383618e-07,2936.541
Park-Fav,Sparse MFGP,56,1.087312731383618e-07,23,234,1.087312731383618e-07,2630.77
Park-Fav,Sparse MFGP,57,1.087312731383618e-07,23,234,1.087312731383618e-07,2459.916
Park-Fav,Sparse MFGP,58,1.087312731383618e-07,23,234,1.087312731383618e-07,2464.235
Park-Fav,Sparse MFGP,59,1.087312731383618e-07,23,234,1.087312731383618e-07,2154.58
Park-Fav,Sparse MFGP,60,1.087312731383618e-07,23,234,1.087312731383618e-07,2071.733
Park-Fav,Sparse MFGP,61,1.087312731383618e-07,23,234,1.087312731383618e-07,1706.46
FreeSolv,Sparse MFGP,42,0.6000000000000001,24,259,-2.83,6721.107
FreeSolv,Sparse MFGP,43,0.54,24,259,-2.89,6746.417
FreeSolv,Sparse MFGP,44,1.1300000000000003,24,259,-2.3,6974.665
FreeSolv,Sparse MFGP,45,0.9100000000000001,24,259,-2.52,6773.392
FreeSolv,Sparse MFGP,46,0.6000000000000001,24,259,-2.83,6862.764
FreeSolv,Sparse MFGP,47,0.5,24,259,-2.93,6421.502
FreeSolv,Sparse MFGP,48,0.31000000000000005,24,259,-3.12,6110.1
FreeSolv,Sparse MFGP,49,1.4300000000000002,24,259,-2.0,6087.598
FreeSolv,Sparse MFGP,50,1.0900000000000003,24,259,-2.34,5162.293
FreeSolv,Sparse MFGP,51,0.5500000000000003,24,259,-2.88,4947.541
FreeSolv,Sparse MFGP,52,0.7200000000000002,24,259,-2.71,4209.395
FreeSolv,Sparse MFGP,53,0.5,24,259,-2.93,4005.002
FreeSolv,Sparse MFGP,54,0.5,24,259,-2.93,2961.468
FreeSolv,Sparse MFGP,55,0.7200000000000002,24,259,-2.71,2939.382
FreeSolv,Sparse MFGP,56,0.30000000000000027,24,259,-3.13,2627.481
FreeSolv,Sparse MFGP,57,0.9200000000000004,24,259,-2.51,2459.821
FreeSolv,Sparse MFGP,58,0.45999999999999996,24,259,-2.97,2463.462
FreeSolv,Sparse MFGP,59,0.45999999999999996,24,259,-2.97,2149.833
FreeSolv,Sparse MFGP,60,0.30000000000000027,24,259,-3.13,2073.025
FreeSolv,Sparse MFGP,61,0.31000000000000005,24,259,-3.12,1703.123
Branin-Fav,Sparse MFGP,42,0.07480380217855298,24,259,0.47269080217855297,6729.979
Branin-Fav,Sparse MFGP,43,0.0972357826887994,24,259,0.4951227826887994,6746.381
Branin-Fav,Sparse MFGP,44,0.16005592324075912,24,259,0.5579429232407591,6976.375
Branin-Fav,Sparse MFGP,45,0.2705594724235735,24,259,0.6684464724235735,6774.621
Branin-Fav,Sparse MFGP,46,0.14546928279938853,24,259,0.5433562827993885,6864.605
Branin-Fav,Sparse MFGP,47,0.052375427876019454,24,259,0.45026242787601944,6429.272
Branin-Fav,Sparse MFGP,48,0.19156022909624404,24,259,0.589447229096244,6110.959
Branin-Fav,Sparse MFGP,49,0.0972357826887994,24,259,0.4951227826887994,6099.921
Branin-Fav,Sparse MFGP,50,0.0972357826887994,24,259,0.4951227826887994,5157.683
Branin-Fav,Sparse MFGP,51,0.10339752042404704,24,259,0.501284520424047,4948.098
Branin-Fav,Sparse MFGP,52,0.41441008667516044,24,259,0.8122970866751604,4201.964
Branin-Fav,Sparse MFGP,53,0.052375427876019454,24,259,0.45026242787601944,3999.686
Branin-Fav,Sparse MFGP,54,0.4993675019556595,24,259,0.8972545019556595,2961.421
Branin-Fav,Sparse MFGP,55,0.2705594724235735,24,259,0.6684464724235735,2939.052
Branin-Fav,Sparse MFGP,56,0.14546928279938853,24,259,0.5433562827993885,2627.08
Branin-Fav,Sparse MFGP,57,0.3876112505994599,24,259,0.7854982505994599,2459.936
Branin-Fav,Sparse MFGP,58,0.37528777512896283,24,259,0.7731747751289628,2464.88
Branin-Fav,Sparse MFGP,59,0.3876112505994599,24,259,0.7854982505994599,2149.56
Branin-Fav,Sparse MFGP,60,0.4035566709587507,24,259,0.8014436709587507,2072.77
Branin-Fav,Sparse MFGP,61,0.23697428159646783,24,259,0.6348612815964678,1693.705
