Params,Error
"[44, 0.18267517857183813, 0.21969781889283144, 0.3670281157750505, 0.2747484948515432, 316.471503981571, 0.6362835635754234, 0.16686161745711625]",'HXutility' object has no attribute '_inlet_cost'
Params,Error
"[12, 0.14157421124829825, 0.419138314674348, 0.8225017513507228, 0.59622950529424, 288.3882638529736, 0.3133188764990661, 0.9634977940762389]",'MESHDistillation' object has no attribute '_inlet_cost'
Params,Error
"[41, 0.10301135260708838, 0.7211623340597623, 0.39425641029127134, 0.22471714753330468, 322.47280359202426, 0.3960612361943558, 0.7332734231118956]",'MESHDistillation' object has no attribute '_inlet_cost'
"[34, 0.25326235897893806, 0.47557575552652376, 0.7782697349937306, 0.8910457039086906, 274.0441333878842, 0.26250281511500767, 0.7694198603143183]",'HXutility' object has no attribute '_inlet_cost'
"[18, 0.11462325764617838, 0.47526602274061736, 0.4022225857401339, 0.5210234901154024, 336.6512410778944, 0.1914056849215931, 0.5552042692816873]",'MultiStageMixerSettlers' object has no attribute '_inlet_cost'
"[18, 0.6625121022471864, 0.05380805577345019, 0.6442000654904695, 0.5305930982691984, 284.71700514753974, 0.5825960080576431, 0.8507289446066393]",'HXutility' object has no attribute '_inlet_cost'
"[21, 0.3104117168854574, 0.24826107905851724, 0.7014706682292795, 0.0527958794720521, 283.5572561085512, 0.505028873509424, 0.2804615047800372]",'MultiStageMixerSettlers' object has no attribute '_inlet_cost'
"[28, 0.17258726987768025, 0.30405162185241, 0.5026120687588217, 0.7461366383377694, 299.0908150311342, 0.29084158659938125, 0.8645336099563908]",'ShortcutColumn' object has no attribute '_inlet_cost'
"[18, 0.24028642976865458, 0.3851257267913844, 0.7999895917388059, 0.1543781129849215, 342.66027452112434, 0.4012959945827446, 0.31080804808744034]",'MESHDistillation' object has no attribute '_inlet_cost'
"[44, 0.41008107626361034, 0.8512104027647415, 0.5560376347887445, 0.4148604430210203, 332.74093201023396, 0.08954500720219653, 0.8085428654533451]",'MultiStageMixerSettlers' object has no attribute '_inlet_cost'
"[24, 0.5186604382356524, 0.07525085368493954, 0.32780325025759727, 0.9261830038820595, 273.0306196006473, 0.3533917235127865, 0.4913065617440329]",'HXutility' object has no attribute '_inlet_cost'
"[33, 0.3113533978312584, 0.2802370265491948, 0.2508975164824484, 0.9813907135919746, 302.03756149198057, 0.25510744741371655, 0.4669046769495808]",'HXutility' object has no attribute '_inlet_cost'
"[39, 0.013935840350708545, 0.8598890885306001, 0.7422123950910016, 0.4958396911333669, 276.13626770120436, 0.9072435452641012, 0.19156734007070914]",'ShortcutColumn' object has no attribute '_inlet_cost'
"[17, 0.38143312670500373, 0.30942718948491316, 0.6265098600032517, 0.16711566938459452, 286.9457510421129, 0.6271480730411053, 0.632799821688053]",'ShortcutColumn' object has no attribute '_inlet_cost'
"[38, 0.8930073662111653, 0.3142350429605876, 0.24537630493067916, 0.7854727437996173, 284.7622605848656, 0.5235664708303563, 0.048500788851572]",'HXutility' object has no attribute '_inlet_cost'
"[42, 0.35479552440490586, 0.27330562354861915, 0.1453955754554706, 0.6316995494684146, 321.3187319046563, 0.398064874260609, 0.36497502922141367]",'HXutility' object has no attribute '_inlet_cost'
"[17, 0.38664331689323994, 0.12984426025892176, 0.11180776860868988, 0.7938746690893473, 329.63087121894756, 0.509127429385158, 0.04045729397324971]",'ShortcutColumn' object has no attribute '_inlet_cost'
"[49, 0.3722280791769346, 0.39113936492341306, 0.8305091861763051, 0.2814393580952119, 330.35602230829045, 0.29104666696653364, 0.09404260645869478]",'HXutility' object has no attribute '_inlet_cost'
"[37, 0.9083338453344361, 0.6802585327973047, 0.9833085803093683, 0.02159402116391213, 301.6367284612019, 0.8742502505408689, 0.06911234901349246]",'ShortcutColumn' object has no attribute '_inlet_cost'
"[46, 0.1662232712641412, 0.2631553825804003, 0.25738404835765377, 0.4215706735555317, 326.6366418101451, 0.5593427351742224, 0.7385120081461912]",'MESHDistillation' object has no attribute '_inlet_cost'
"[35, 0.8469860611694293, 0.3900541291095219, 0.4836576319149217, 0.22684834687485977, 316.22853524427995, 0.2768242086636859, 0.2902719126420518]",'MultiStageMixerSettlers' object has no attribute '_inlet_cost'
"[37, 0.3443996689800113, 0.25044366614619135, 0.7068101285311663, 0.404512391358809, 346.88434829811285, 0.8468450914957034, 0.9119799104583938]",'HXutility' object has no attribute '_inlet_cost'
"[45, 0.2675348101552104, 0.4460593965505223, 0.530339635268748, 0.31376012582037255, 281.39174206751744, 0.8030261034286484, 0.512145299226064]",'ShortcutColumn' object has no attribute '_inlet_cost'
"[40, 0.3633328339112468, 0.19691591249147727, 0.996172552155206, 0.9542507038801827, 300.72644470631866, 0.06316276345049368, 0.9338059271785053]",'ShortcutColumn' object has no attribute '_inlet_cost'
"[28, 0.26061096667469313, 0.18514362066412357, 0.4051443985809007, 0.5782255324360513, 348.49092926054914, 0.37172059641831073, 0.30312874364166104]",'ShortcutColumn' object has no attribute '_inlet_cost'
"[23, 0.0306306566173157, 0.8077045011942637, 0.2935899375086132, 0.6383610458034623, 303.0185110180921, 0.24967413632462984, 0.07317166724803331]",'MultiStageMixerSettlers' object has no attribute '_inlet_cost'
"[29, 0.5534775371823648, 0.9879095217285618, 0.635308894157549, 0.4193461396712512, 304.02671144028614, 0.7116584586457183, 0.16530304435282098]",'HXutility' object has no attribute '_inlet_cost'
"[21, 0.2217519171019709, 0.21041835405523834, 0.886485558889274, 0.6550109416072932, 291.7546746072641, 0.0032140550807032643, 0.4248708334673181]",'HXutility' object has no attribute '_inlet_cost'
"[45, 0.4878079283357715, 0.9507601540718794, 0.15507242746148137, 0.5055896876164864, 336.569065827329, 0.186612979052369, 0.4960224252908574]",'HXutility' object has no attribute '_inlet_cost'
"[15, 0.5995738328314516, 0.17360145449650477, 0.10128684832440361, 0.9460518216468571, 295.0201104461862, 0.905701172155839, 0.22548846506539072]",'MESHDistillation' object has no attribute '_inlet_cost'
"[39, 0.2827423220353605, 0.9986536496567465, 0.563940753357335, 0.2671040168811286, 290.07888517180254, 0.9760673224492374, 0.0317139531492944]",'MixerSettler' object has no attribute '_inlet_cost'
"[35, 0.17866675777802124, 0.5524566644335028, 0.6953060039271625, 0.7873376319844188, 313.4609967780614, 0.3380453943116966, 0.618584433171237]",'HXutility' object has no attribute '_inlet_cost'
"[23, 0.10101003469229895, 0.4106273852034043, 0.8632572005828367, 0.7093791916405662, 327.41461344816366, 0.5423536383545992, 0.5004075493180055]",'HXutility' object has no attribute '_inlet_cost'
"[16, 0.43184861801809116, 0.12011974638567775, 0.7342999053440379, 0.5994282306918837, 304.7786965590156, 0.45064897195446285, 0.6304258075589348]",'HXutility' object has no attribute '_inlet_cost'
"[42, 0.9898109630013615, 0.6302259400563901, 0.3604989639514959, 0.4648726242114709, 314.2910785188915, 0.23357117167188857, 0.07079619776639785]",'HXutility' object has no attribute '_inlet_cost'
"[16, 0.529300694412303, 0.06933451057835394, 0.34405212083647646, 0.3206333187011057, 306.1326981721091, 0.05077676610668266, 0.8085226961402067]",'MixerSettler' object has no attribute '_inlet_cost'
"[12, 0.1414501154819476, 0.6078007374680912, 0.2685907725326637, 0.7486506509579232, 328.7736729000835, 0.61803350771566, 0.8158105029757184]",'HXutility' object has no attribute '_inlet_cost'
"[27, 0.4896795410310532, 0.15762455335527775, 0.3080720979493969, 0.3044995998016894, 315.08333952705493, 0.5600662124966963, 0.7692344993496812]",'MultiStageMixerSettlers' object has no attribute '_inlet_cost'
"[41, 0.9819931778719222, 0.4252503320245207, 0.652552069429141, 0.4933736852562355, 316.8379959210349, 0.23535283530191994, 0.11032529805190444]",'MultiStageMixerSettlers' object has no attribute '_inlet_cost'
"[49, 0.30293516898736805, 0.6742517174495848, 0.9244319130203709, 0.3358778451052076, 327.10322908007487, 0.881632463717198, 0.05535977830987751]",'ShortcutColumn' object has no attribute '_inlet_cost'
"[24, 0.12638550200725845, 0.6310850567093531, 0.43200107072609717, 0.3603004469193464, 296.4822948825065, 0.5536358950089949, 0.2905611272558976]",'ShortcutColumn' object has no attribute '_inlet_cost'
"[44, 0.4998763280063089, 0.6055494680531498, 0.49944282600505646, 0.17451524897391746, 300.82589671220813, 0.7086319279915952, 0.0833182731419399]",'MixerSettler' object has no attribute '_inlet_cost'
"[18, 0.44494843305192716, 0.1786527424320581, 0.5529521204763553, 0.738968438842874, 321.0821435417628, 0.7926988685791229, 0.658545894837847]",'MixerSettler' object has no attribute '_inlet_cost'
"[40, 0.6366135616872098, 0.051226469577717815, 0.8975028248486586, 0.014291977408337016, 281.0755123259921, 0.470502672045425, 0.5948572716969083]",'HXutility' object has no attribute '_inlet_cost'
"[45, 0.6849193627528597, 0.05408064215925805, 0.7797876645093449, 0.7187895160489338, 283.74139101627424, 0.28516895243762114, 0.23468554402281375]",'MultiStageMixerSettlers' object has no attribute '_inlet_cost'
"[19, 0.2981425437698943, 0.3357435719841845, 0.47954269097464614, 0.8803156435093149, 322.586012217214, 0.7238726891279511, 0.8644260888432092]",'MESHDistillation' object has no attribute '_inlet_cost'
"[46, 0.08630568592221984, 0.6554911746205846, 0.34341062462750427, 0.9281045191135537, 342.50906114087354, 0.035630338587786865, 0.31035964415732786]",'MESHDistillation' object has no attribute '_inlet_cost'
"[19, 0.7476084976442504, 0.07615062288495966, 0.7993163903153548, 0.183340333428603, 281.29942727210323, 0.8566518430099748, 0.5589877452908281]",'MESHDistillation' object has no attribute '_inlet_cost'
"[45, 0.47918215356302724, 0.7918811604067372, 0.6491396674302178, 0.25132607340804103, 321.8835826332005, 0.4598956262387953, 0.22450022207327974]",'HXutility' object has no attribute '_inlet_cost'
"[42, 0.4652712861561673, 0.19322416694331598, 0.7568056769284089, 0.7732725462762855, 320.1477243525037, 0.9307793089491463, 0.7450245273883381]",'MultiStageMixerSettlers' object has no attribute '_inlet_cost'
"[37, 0.6504399832383256, 0.7348616050904289, 0.9860211443680625, 0.4910898757344784, 329.47148183633607, 0.7580544724593034, 0.07875341396438383]",'MultiStageMixerSettlers' object has no attribute '_inlet_cost'
"[48, 0.15288744271318253, 0.6105975826687974, 0.20950371663709963, 0.6767259095294995, 329.6203701378083, 0.07410853571110035, 0.6080092103899938]",'MixerSettler' object has no attribute '_inlet_cost'
"[39, 0.5019201206745603, 0.27077579024741905, 0.7862739036203212, 0.13601738313777212, 326.02769155423965, 0.973304248833697, 0.08325251577263214]",'HXutility' object has no attribute '_inlet_cost'
"[26, 0.062237764048076225, 0.5645480887894684, 0.9187674113261661, 0.27659919527533683, 335.42156541010235, 0.9769603008148436, 0.7863086759030524]",'ShortcutColumn' object has no attribute '_inlet_cost'
"[18, 0.5536170880643791, 0.10141609404417933, 0.2051218293280661, 0.38764972830545824, 278.7833193978126, 0.4404277716603301, 0.7643653579073558]",'MultiStageMixerSettlers' object has no attribute '_inlet_cost'
"[11, 0.7846891085474643, 0.0594200344081749, 0.8151764804305356, 0.5537405673087196, 333.2669921750849, 0.20694160593400499, 0.6593046337967828]",'MultiStageMixerSettlers' object has no attribute '_inlet_cost'
"[47, 0.2499576161806809, 0.39008979125484955, 0.35309686014074554, 0.49274611586778827, 300.1184533241395, 0.10789891995970319, 0.6019556165130943]",'MultiStageMixerSettlers' object has no attribute '_inlet_cost'
"[14, 0.09796491951506185, 0.4022429642389183, 0.9250408157912259, 0.9251589719327291, 347.5985347493313, 0.4789457147699495, 0.537259949491326]",'MultiStageMixerSettlers' object has no attribute '_inlet_cost'
"[12, 0.41004590738622665, 0.2572374061935328, 0.2445431194112798, 0.7136307006333958, 288.7017676260191, 0.9465689698973431, 0.35321465179535155]",'MultiStageMixerSettlers' object has no attribute '_inlet_cost'
"[22, 0.4534710157800609, 0.07598348811205821, 0.7732022144115802, 0.21213835742498582, 281.2597697630846, 0.6908856562649828, 0.4802548772031887]",'MultiStageMixerSettlers' object has no attribute '_inlet_cost'
"[14, 0.4164518599485664, 0.08634637508594598, 0.39852094459916704, 0.882970937978302, 332.0150468521105, 0.5809241302058944, 0.5273982442140943]",'HXutility' object has no attribute '_inlet_cost'
"[47, 0.39801914909233815, 0.796982605026764, 0.3467562944619201, 0.39802789670551036, 309.45929571803856, 0.5212757819989513, 0.4366380041988051]",'ShortcutColumn' object has no attribute '_inlet_cost'
"[43, 0.2810875218703891, 0.4055946664894014, 0.2752552531596243, 0.34583330568018145, 292.6491555673542, 0.8174593225794482, 0.766593699962211]",'ShortcutColumn' object has no attribute '_inlet_cost'
"[11, 0.2876901241331945, 0.4806719088750787, 0.3463023585492111, 0.7762214158611997, 336.6278978447949, 0.895321355799099, 0.03705004710055764]",'HXutility' object has no attribute '_inlet_cost'
"[49, 0.6074273407776354, 0.06499072921442944, 0.6847362831463579, 0.5550629615441942, 347.44202334944885, 0.8641428846280228, 0.05473885835777718]",'MultiStageMixerSettlers' object has no attribute '_inlet_cost'
"[13, 0.6756645413964077, 0.8450646427327435, 0.8238104362625976, 0.9985597932528323, 291.19060858351, 0.42349638209593865, 0.03620567121447936]",'HXutility' object has no attribute '_inlet_cost'
"[15, 0.6044755059759269, 0.1534521321473877, 0.12063196597164383, 0.8495369970657533, 342.2493334282672, 0.15544355105526958, 0.9584498048937935]",'MixerSettler' object has no attribute '_inlet_cost'
"[38, 0.47841481179116396, 0.9541648287371609, 0.9303108318163666, 0.7285700187070858, 300.4039186098638, 0.6922754963945315, 0.08352979469775318]",'ShortcutColumn' object has no attribute '_inlet_cost'
"[35, 0.020159618929769845, 0.8189305582762624, 0.5316149528541073, 0.9539006702897137, 282.54307806148, 0.3000043007515912, 0.09976173801764214]",'ShortcutColumn' object has no attribute '_inlet_cost'
"[25, 0.08444723609665394, 0.7661778274674099, 0.6548239995456725, 0.6049765564530206, 314.30658887173354, 0.49485359819482533, 0.2956087066926166]",'ShortcutColumn' object has no attribute '_inlet_cost'
"[30, 0.2797696273976554, 0.2427116619925176, 0.8636157234562338, 0.19366448720818663, 315.8392878349048, 0.822959881215821, 0.16692759598444257]",'HXutility' object has no attribute '_inlet_cost'
"[10, 0.24457779454853804, 0.2921776289278974, 0.817307765506048, 0.8344547603586838, 274.50464961268074, 0.44367531356303397, 0.16230957067836896]",'MultiStageMixerSettlers' object has no attribute '_inlet_cost'
"[44, 0.4557936863045976, 0.19860819273688465, 0.8127601347251189, 0.11562526375202763, 318.998851035885, 0.6423086079737305, 0.2900993576996132]",'MultiStageMixerSettlers' object has no attribute '_inlet_cost'
"[19, 0.20621971006112014, 0.5236452712678749, 0.6310449531925618, 0.5080439266831516, 334.7131288378862, 0.40125565589560447, 0.43398605060900486]",'ShortcutColumn' object has no attribute '_inlet_cost'
"[47, 0.36590846066947136, 0.34613222503474533, 0.4745606919713286, 0.9076727223579195, 306.4537823478739, 0.3954750780575729, 0.5706307183627313]",'MixerSettler' object has no attribute '_inlet_cost'
"[12, 0.3049316759088976, 0.2079794601776512, 0.691298549830238, 0.4475616096436459, 347.9380902203268, 0.5758714070359627, 0.4032697281126352]",'ShortcutColumn' object has no attribute '_inlet_cost'
"[17, 0.2180580569097548, 0.9819968951435812, 0.9406438437416998, 0.45937559372583076, 325.08419521453976, 0.07123695753604206, 0.08193820529783703]",'HXutility' object has no attribute '_inlet_cost'
"[24, 0.1929637883873097, 0.24156249335762875, 0.2803160655360741, 0.4305641316791146, 298.0413480270058, 0.1298835201899667, 0.9313994242326056]",'MESHDistillation' object has no attribute '_inlet_cost'
"[43, 0.22417945412250012, 0.3412153211834336, 0.8144429230482956, 0.6627425440523201, 335.61281597182017, 0.4780438234564661, 0.9759032909905636]",'MESHDistillation' object has no attribute '_inlet_cost'
"[19, 0.4971163319473242, 0.9131885463303623, 0.18987368011765224, 0.7225764233826814, 313.0688047973325, 0.9715235625500068, 0.6925246249426493]",'ShortcutColumn' object has no attribute '_inlet_cost'
"[10, 0.4890756905429014, 0.1675492045612123, 0.6873572247229593, 0.9998, 334.89639285157926, 0.07367659022939914, 0.5683524981507402]",'MultiStageMixerSettlers' object has no attribute '_inlet_cost'
"[35, 0.24971685076407096, 0.43497688004392704, 0.29567224365843, 0.29317298544328513, 306.2282687976974, 0.830645027552973, 0.1143333486269026]",'MultiStageMixerSettlers' object has no attribute '_inlet_cost'
"[36, 0.6909589444199927, 0.0668883392682726, 0.5462791523832748, 0.8665156590302361, 310.31745580650477, 0.2414322623582986, 0.9769301627483746]",'MixerSettler' object has no attribute '_inlet_cost'
"[23, 0.05884099448840751, 0.7361733935375452, 0.4618323894286895, 0.2416991632934827, 308.9809627983926, 0.5695341814765856, 0.8248625561433766]",'HXutility' object has no attribute '_inlet_cost'
"[12, 0.9784454391581351, 0.42578689308603973, 0.14187960493357246, 0.9516069971476601, 328.4878418009681, 0.9686738087647757, 0.2949280761168019]",'ShortcutColumn' object has no attribute '_inlet_cost'
"[35, 0.4366257481135911, 0.22927096617834647, 0.24073712128832409, 0.29821656360815957, 295.11004342846434, 0.17820933092503816, 0.4243474309351808]",'MESHDistillation' object has no attribute '_inlet_cost'
"[39, 0.15796610658775245, 0.2671852317894027, 0.9953544573952608, 0.5728130672100905, 335.20198103337873, 0.4026683958475648, 0.43897242551372073]",'MultiStageMixerSettlers' object has no attribute '_inlet_cost'
"[26, 0.37434838927895364, 0.8091436578246675, 0.874759185865216, 0.12911543339556475, 288.14423408884085, 0.4386462215686214, 0.2694021674469158]",'ShortcutColumn' object has no attribute '_inlet_cost'
"[44, 0.4400383649910657, 0.9293256158854271, 0.5883608623846194, 0.9914275207865366, 321.0445321793504, 0.3092005955133252, 0.10230565915291313]",'MESHDistillation' object has no attribute '_inlet_cost'
"[39, 0.6731248747563757, 0.045031686742145444, 0.4873662079567044, 0.2658875583621869, 348.9101753494552, 0.3505604992011132, 0.6412877243061424]",'MultiStageMixerSettlers' object has no attribute '_inlet_cost'
"[22, 0.1514992535113447, 0.3602185157573817, 0.3843844170130175, 0.9097858170411717, 274.5913386304458, 0.16337638594859602, 0.30914870830408436]",'HXutility' object has no attribute '_inlet_cost'
"[32, 0.3577066673852341, 0.09820530135845956, 0.3044315411903013, 0.821823121360041, 305.8655433836941, 0.9662356599660448, 0.5697866238318995]",'HXutility' object has no attribute '_inlet_cost'
"[41, 0.5147434200014986, 0.11898526181102394, 0.2665474478356176, 0.7505678188071196, 323.0545377360254, 0.6131733021685742, 0.221773847606918]",'MESHDistillation' object has no attribute '_inlet_cost'
"[21, 0.1279018838748756, 0.5401299192489339, 0.7983382781597321, 0.49930292675254107, 299.97936121791054, 0.7835302745988713, 0.9131667833483854]",'HXutility' object has no attribute '_inlet_cost'
"[11, 0.9970271592283891, 0.6425276348793918, 0.4145482474400893, 0.9544633243625607, 320.42906257438455, 0.6341134314988305, 0.7197405091480921]",'MixerSettler' object has no attribute '_inlet_cost'
"[44, 0.38181258305553817, 0.1370566561036347, 0.4205617511989201, 0.25597360064999775, 309.2480930029153, 0.4808688185377202, 0.7039608277911614]",'ShortcutColumn' object has no attribute '_inlet_cost'
"[36, 0.31724301205114047, 0.3566946636405361, 0.2875392000543923, 0.6281029323963603, 282.838111102094, 0.9139903181076977, 0.9258103460622762]",'MESHDistillation' object has no attribute '_inlet_cost'
"[31, 0.1973492709595214, 0.29706405404577424, 0.6857445760138278, 0.5776115003262785, 303.51757835502787, 0.34134469311939075, 0.15556735965315177]",'ShortcutColumn' object has no attribute '_inlet_cost'
"[37, 0.4846297485701237, 0.12217821390471433, 0.2781301647423318, 0.6490043917480239, 343.84775292561505, 0.7259827330429426, 0.4195495473846791]",'HXutility' object has no attribute '_inlet_cost'
"[25, 0.4067903536751297, 0.17090467677920873, 0.6049890042534797, 0.8742534415538226, 277.57688304009224, 0.6094601978517002, 0.37269640745535026]",'ShortcutColumn' object has no attribute '_inlet_cost'
"[22, 0.4034835403632122, 0.27603693070702146, 0.16312519630626401, 0.786009039846497, 300.8040747927159, 0.5086273873126823, 0.28725141929470016]",'MultiStageMixerSettlers' object has no attribute '_inlet_cost'
"[38, 0.16260164404286948, 0.4005488423145467, 0.3775873617314336, 0.3438120188511479, 318.49083471294693, 0.013010988531511024, 0.7437587437459213]",'HXutility' object has no attribute '_inlet_cost'
"[20, 0.5318177961054923, 0.16695594045014417, 0.08125420660645274, 0.9706963324060262, 317.350861582334, 0.3818074463645155, 0.5753072924661647]",'MultiStageMixerSettlers' object has no attribute '_inlet_cost'
"[25, 0.186485563574103, 0.3713929548066178, 0.8771404730718525, 0.28463214095741635, 327.2892909046792, 0.8601073701057574, 0.12064979198018623]",'MultiStageMixerSettlers' object has no attribute '_inlet_cost'
"[46, 0.07175432734709018, 0.8171363310057893, 0.3242128709522451, 0.8990619906939127, 348.731718047368, 0.20873851644386318, 0.3576549769829244]",'MixerSettler' object has no attribute '_inlet_cost'
"[11, 0.20125666828840016, 0.3605932026512175, 0.3992070903799547, 0.5094909996977179, 346.07059507395564, 0.3655755252511735, 0.6152241512436027]",'MultiStageMixerSettlers' object has no attribute '_inlet_cost'
"[14, 0.347698336408566, 0.339954452052888, 0.6792057698722744, 0.14237797401327015, 303.7838639760849, 0.2446528897523296, 0.16674673092191766]",'HXutility' object has no attribute '_inlet_cost'
"[17, 0.03692151294531284, 0.8290028114471777, 0.618218578832165, 0.8201178414731676, 275.6952159622322, 0.8047874746423285, 0.2799224058528372]",'HXutility' object has no attribute '_inlet_cost'
"[28, 0.7868624265733151, 0.6354124173417819, 0.3738552278179095, 0.20714868845228873, 332.01112384398436, 0.8200428482655362, 0.029844337248825587]",'ShortcutColumn' object has no attribute '_inlet_cost'
"[24, 0.7955248369943133, 0.04990345096794207, 0.4492215299586803, 0.5630825382696885, 295.56755792959297, 0.900782971843278, 0.503676676319749]",'ShortcutColumn' object has no attribute '_inlet_cost'
"[22, 0.3888269657966972, 0.8447246489076424, 0.5756698310356004, 0.2779544734062354, 316.05338618049626, 0.3073297669915059, 0.31356192798327565]",'HXutility' object has no attribute '_inlet_cost'
"[27, 0.2535682439900548, 0.285088128892728, 0.2925161897435109, 0.2864325403043311, 291.1841572992609, 0.48772185202392077, 0.8643427973219805]",'ShortcutColumn' object has no attribute '_inlet_cost'
"[40, 0.4895790326266233, 0.9230346481970216, 0.3043663092004227, 0.6222174819299608, 288.1676916607611, 0.320921946776408, 0.1609369176592408]",'MESHDistillation' object has no attribute '_inlet_cost'
"[39, 0.8322503999250129, 0.1481037136631901, 0.7301624918471045, 0.8643621564993673, 279.6383184847748, 0.5739882071256481, 0.028907872525397196]",'HXutility' object has no attribute '_inlet_cost'
"[38, 0.7506929033092716, 0.0387500753201565, 0.9796481643701632, 0.31845904725506585, 324.11024000161046, 0.41966895844966673, 0.24283457475739006]",'HXutility' object has no attribute '_inlet_cost'
"[45, 0.20063278353494626, 0.5340885509314268, 0.1346075236089083, 0.8126720275045346, 312.5277126330921, 0.2081362638196954, 0.42772429294320274]",'ShortcutColumn' object has no attribute '_inlet_cost'
"[26, 0.9059157761593091, 0.8975138056986857, 0.4370875518326743, 0.7224412044712477, 336.249658566915, 0.3489367848488282, 0.12284820903402345]",'ShortcutColumn' object has no attribute '_inlet_cost'
"[21, 0.06645829383649869, 0.48731606507822894, 0.7534178037479534, 0.3604645314673942, 306.4648518262648, 0.1297450231969699, 0.4469406668523668]",'MESHDistillation' object has no attribute '_inlet_cost'
"[38, 0.47261554192725636, 0.20479420076082408, 0.28957758018906565, 0.37295912499527806, 339.6303576781934, 0.8632937066915262, 0.11617091987343216]",'MultiStageMixerSettlers' object has no attribute '_inlet_cost'
"[34, 0.3598319761626797, 0.33009866687647665, 0.1257396714868517, 0.6291552631572007, 318.6298603917486, 0.8409573964822817, 0.34987453323304374]",'HXutility' object has no attribute '_inlet_cost'
"[16, 0.6436450149236504, 0.05552758950177654, 0.9437088511666939, 0.8161389544592197, 312.8633020124518, 0.5147055885215377, 0.8030893808271397]",'ShortcutColumn' object has no attribute '_inlet_cost'
"[14, 0.11590090166637951, 0.5859313039587448, 0.7981902437928079, 0.2548877798310284, 313.0881336565065, 0.07114292654669106, 0.2352348045476609]",'ShortcutColumn' object has no attribute '_inlet_cost'
"[37, 0.40210071957544646, 0.2354272929232339, 0.9744708436226153, 0.17189621759448978, 290.35440082522933, 0.5262051680274696, 0.4557277773106895]",'MixerSettler' object has no attribute '_inlet_cost'
"[29, 0.6720851154962066, 0.03479724736741726, 0.9932434452088339, 0.25426476933070996, 312.68302506808436, 0.4856071432695378, 0.8193249632675231]",'ShortcutColumn' object has no attribute '_inlet_cost'
"[41, 0.35180165601125984, 0.3482626032040248, 0.7312096927454347, 0.17314596256508294, 305.99700165898963, 0.46966406719923187, 0.08587877680107456]",'HXutility' object has no attribute '_inlet_cost'
"[22, 0.4911632949362745, 0.419497388861827, 0.5159833384219129, 0.20492028643273427, 274.8410697530369, 0.29704487702223153, 0.10607256283348002]",'MultiStageMixerSettlers' object has no attribute '_inlet_cost'
"[31, 0.46789128032656385, 0.639038629673023, 0.4883402572058761, 0.4574757025615334, 348.30725155454365, 0.5116371875605384, 0.046735812576618546]",'HXutility' object has no attribute '_inlet_cost'
"[20, 0.38370100784977385, 0.27081288483671184, 0.3761183265603131, 0.4876324979650506, 291.6811068142242, 0.7829088975925007, 0.6596012215111748]",'ShortcutColumn' object has no attribute '_inlet_cost'
"[26, 0.5083285552309353, 0.06404246481187516, 0.3568740310314614, 0.9161317242489362, 293.5913829265748, 0.49325909570673193, 0.04677636299953908]",'MultiStageMixerSettlers' object has no attribute '_inlet_cost'
"[35, 0.5978494835559267, 0.2831801758650439, 0.6294017139328889, 0.9086009535166572, 315.6105933663621, 0.28872727865478803, 0.10537343474804388]",'HXutility' object has no attribute '_inlet_cost'
"[47, 0.09967914697917926, 0.7294702906881679, 0.2987220678347228, 0.7278907560958586, 308.8057453852542, 0.5464793450673869, 0.721250978821488]",'HXutility' object has no attribute '_inlet_cost'
"[26, 0.18150529926931813, 0.4200694765618101, 0.4696396782655061, 0.24092085697039484, 302.17395958270436, 0.05544446512704892, 0.8174039430390763]",'HXutility' object has no attribute '_inlet_cost'
"[28, 0.5499848570737016, 0.7910021608848351, 0.7881069427435443, 0.20587950000734406, 305.06557979234765, 0.49470238692675156, 0.14371673565712154]",'ShortcutColumn' object has no attribute '_inlet_cost'
"[29, 0.1372520236633661, 0.348323017221734, 0.5306430823962248, 0.7527546897868519, 323.4017753096334, 0.7196886623428418, 0.3565580798633446]",'MultiStageMixerSettlers' object has no attribute '_inlet_cost'
"[47, 0.3373708172473472, 0.2507346970016398, 0.5950265885187477, 0.5868848142714513, 347.3669622907514, 0.25323122879727794, 0.08778073140916054]",'MixerSettler' object has no attribute '_inlet_cost'
"[15, 0.24123345877105368, 0.477534324895597, 0.3546461069996693, 0.39003848387553436, 301.0555483978246, 0.4322193628482982, 0.43837927922096115]",'MultiStageMixerSettlers' object has no attribute '_inlet_cost'
"[20, 0.1670009661886466, 0.5598894759191602, 0.2521287974040699, 0.7883846430897736, 295.479425896651, 0.5989997501891043, 0.604373880337419]",'HXutility' object has no attribute '_inlet_cost'
"[20, 0.08893809370630841, 0.4694973528418865, 0.45393022499541125, 0.19646172946110066, 293.61529175217447, 0.2131643083307157, 0.5477019813281824]",'MixerSettler' object has no attribute '_inlet_cost'
"[29, 0.2919853676214004, 0.23490026095424654, 0.23721952249916461, 0.7400254745832483, 326.43850257836425, 0.25884362274177364, 0.9407357864308716]",'HXutility' object has no attribute '_inlet_cost'
"[44, 0.18888625823576163, 0.2851092340680701, 0.5839743850573647, 0.7065532615533856, 321.5979301084111, 0.38077146309988213, 0.6132266468197439]",'HXutility' object has no attribute '_inlet_cost'
"[22, 0.47395528872785925, 0.13538886558696805, 0.20851626529158102, 0.9165426684395408, 311.1062299511706, 0.12340194452548292, 0.2530002945317309]",'MultiStageMixerSettlers' object has no attribute '_inlet_cost'
"[32, 0.2659385307877744, 0.7607760212039795, 0.6065139514813145, 0.28466050155282285, 297.94927667092503, 0.6761090454445974, 0.22578133777697154]",'ShortcutColumn' object has no attribute '_inlet_cost'
"[48, 0.06873402513327227, 0.6360794658708758, 0.8435662176103023, 0.22543433208145391, 348.0286305040647, 0.0323128642198035, 0.9051025487000406]",'ShortcutColumn' object has no attribute '_inlet_cost'
"[48, 0.763452065606539, 0.0785090556355534, 0.6273703026069256, 0.1719941492291073, 322.6500974258729, 0.2645108586421505, 0.38716830770437505]",'MultiStageMixerSettlers' object has no attribute '_inlet_cost'
"[17, 0.20102986306486392, 0.5006418942212809, 0.9054310002861532, 0.4672398497462251, 278.727091233688, 0.7768153290570823, 0.6715950471806312]",'HXutility' object has no attribute '_inlet_cost'
"[32, 0.5720769877812142, 0.13201051214725512, 0.9146695872315698, 0.27150321116751525, 315.22009729978686, 0.8732979007454796, 0.5069950388158722]",'MultiStageMixerSettlers' object has no attribute '_inlet_cost'
"[41, 0.37058992490365605, 0.10432032093035895, 0.6819418786437282, 0.8296304279192905, 306.8504800833995, 0.4399101029569046, 0.3148302567185455]",'ShortcutColumn' object has no attribute '_inlet_cost'
"[29, 0.3823711092362543, 0.21740099590258516, 0.10521891675189782, 0.9711172441897702, 295.74581427817617, 0.4889094286238367, 0.9097439827700272]",'HXutility' object has no attribute '_inlet_cost'
"[48, 0.28250495317460417, 0.39737450976254773, 0.7646098384520712, 0.7019795626844729, 315.67833872872325, 0.22018099480561898, 0.08272651925684667]",'ShortcutColumn' object has no attribute '_inlet_cost'
"[40, 0.8756632066870413, 0.6184103140037536, 0.3309088712107152, 0.5380381173581369, 274.3703234747359, 0.634508524054761, 0.4471209877806713]",'MESHDistillation' object has no attribute '_inlet_cost'
"[41, 0.18984798286495577, 0.4981292962679011, 0.5125628282999684, 0.6966271069272115, 282.0053348577958, 0.6440848003572656, 0.9378391997296271]",'MESHDistillation' object has no attribute '_inlet_cost'
"[31, 0.5151322534705607, 0.17592719831767684, 0.6736353621340546, 0.7735358974623948, 318.5174614078166, 0.9821950813914133, 0.5426898023539126]",'HXutility' object has no attribute '_inlet_cost'
"[24, 0.395515842298818, 0.3272499544994976, 0.934780502347626, 0.7400401748499635, 291.48357406044687, 0.8330127474512113, 0.3521746101406399]",'MESHDistillation' object has no attribute '_inlet_cost'
"[21, 0.6925048819469038, 0.058721283808298046, 0.467140906118071, 0.4930746307187066, 342.3384989497575, 0.43482694668316146, 0.8316542929766092]",'MESHDistillation' object has no attribute '_inlet_cost'
"[16, 0.04873794319582849, 0.7676838645797266, 0.17508486485752484, 0.4303368077878023, 324.66676991133744, 0.652522101631844, 0.4129407657840148]",'MultiStageMixerSettlers' object has no attribute '_inlet_cost'
"[12, 0.09403043296853317, 0.6681008113741576, 0.38002092820599115, 0.5063115258911304, 298.9055206791161, 0.6439273697847344, 0.6020831651367567]",'ShortcutColumn' object has no attribute '_inlet_cost'
"[46, 0.26502421307612545, 0.29534163213819825, 0.1849673910512099, 0.5815932485131686, 343.29177705773736, 0.08852224983097141, 0.5253033111134577]",'MultiStageMixerSettlers' object has no attribute '_inlet_cost'
"[49, 0.19766214579428656, 0.8127839749789695, 0.9253901917870189, 0.6890921756917614, 283.75912119465085, 0.7530324483819817, 0.14878993672503996]",'ShortcutColumn' object has no attribute '_inlet_cost'
"[41, 0.14822777073856178, 0.3429608996142367, 0.9553357461445926, 0.22623071008717538, 349.80166701186624, 0.8500951352835757, 0.8474950318306234]",'MixerSettler' object has no attribute '_inlet_cost'
"[40, 0.06562812290735841, 0.8166582154774059, 0.5249045923198897, 0.6232644370728132, 294.5098490902957, 0.6011521295077685, 0.11131553935559195]",'ShortcutColumn' object has no attribute '_inlet_cost'
"[44, 0.21734554029439226, 0.1981177898985079, 0.04972004887747014, 0.7484059303456008, 300.41909032098823, 0.21938041007559245, 0.8382001378923492]",'HXutility' object has no attribute '_inlet_cost'
"[49, 0.13615427977236946, 0.5326584377594286, 0.39722414798582184, 0.2625219318857322, 300.24468828207085, 0.16957891258552613, 0.8869943925552176]",'ShortcutColumn' object has no attribute '_inlet_cost'
"[26, 0.08267496831722708, 0.6053898031657716, 0.28722507293157473, 0.43239324876381463, 311.9223789604256, 0.7495873988030816, 0.4676819348394473]",'MESHDistillation' object has no attribute '_inlet_cost'
"[49, 0.23341713196457567, 0.4666826958520832, 0.3044255997288835, 0.8009425829362178, 281.28098451107365, 0.007157677902706063, 0.4381187154276657]",'HXutility' object has no attribute '_inlet_cost'
"[17, 0.09457993247463371, 0.6456950683459168, 0.18558510782014692, 0.9816469010753766, 300.1640479904528, 0.22609593419998814, 0.444871644769514]",'HXutility' object has no attribute '_inlet_cost'
"[16, 0.3221728871442869, 0.6708729693456487, 0.9896912026614724, 0.533840519513673, 289.87781902976474, 0.825900811180309, 0.09227953869663344]",'HXutility' object has no attribute '_inlet_cost'
"[47, 0.8456158702295005, 0.6606850390474988, 0.7986313016481439, 0.49325357143158277, 343.2775861072847, 0.6032725449401479, 0.03991399087778235]",'MixerSettler' object has no attribute '_inlet_cost'
"[27, 0.13451905470872935, 0.3303728205783397, 0.1645582490105905, 0.4309599604056335, 322.9148985636807, 0.20810390631206874, 0.6034929315155205]",'ShortcutColumn' object has no attribute '_inlet_cost'
"[12, 0.31708968121041814, 0.9234081918956252, 0.2768992839360106, 0.42598063513732587, 278.09910956915655, 0.3936732592002836, 0.9659234182811341]",'MultiStageMixerSettlers' object has no attribute '_inlet_cost'
"[29, 0.12151329275116886, 0.3163667847969393, 0.8977466186698688, 0.28738258704535624, 314.02272598512343, 0.8495727422088639, 0.8966447559236959]",'HXutility' object has no attribute '_inlet_cost'
"[30, 0.8719409806643048, 0.017002354863304536, 0.4639130759324747, 0.2532442475907025, 334.9033722965246, 0.4093326407746068, 0.5195293984893211]",'HXutility' object has no attribute '_inlet_cost'
"[14, 0.3149514540830212, 0.2110824872412696, 0.9296290115681374, 0.6283865999765819, 288.1910958216065, 0.14955706549291947, 0.9371564239786265]",'MESHDistillation' object has no attribute '_inlet_cost'
"[45, 0.06460811015571448, 0.8128808620963709, 0.28108175132648255, 0.7009807764978512, 289.1429135375233, 0.8742752524079989, 0.30489085371634334]",'MixerSettler' object has no attribute '_inlet_cost'
"[10, 0.5245182936930326, 0.3072321727306642, 0.6277137797908162, 0.5527435426055013, 285.1251996427929, 0.16549226571396022, 0.07227988007105249]",'MultiStageMixerSettlers' object has no attribute '_inlet_cost'
"[39, 0.6654172248527188, 0.5063666147866556, 0.4636225114584565, 0.6618441307163723, 338.7922423219693, 0.4249713014401798, 0.1631881019283347]",'HXutility' object has no attribute '_inlet_cost'
"[41, 0.2445271107512773, 0.40414475717368586, 0.9925699984595886, 0.7724858826000408, 294.89698393139696, 0.3325089482160977, 0.2699429130127903]",'MESHDistillation' object has no attribute '_inlet_cost'
"[49, 0.7377856774228388, 0.7797869944271111, 0.9703493125594843, 0.6260647717770794, 311.2783800775065, 0.05714822628882818, 0.09734027014390838]",'MultiStageMixerSettlers' object has no attribute '_inlet_cost'
"[31, 0.6744251070684942, 0.09805523605228882, 0.8954541128411311, 0.5760437097399673, 303.54786791229697, 0.3944347228072138, 0.7157160219227515]",'MixerSettler' object has no attribute '_inlet_cost'
"[28, 0.9962237182263229, 0.4507644654516161, 0.45652674418683914, 0.47629199254226506, 331.22884331456396, 0.35739244299792294, 0.2436832590300643]",'HXutility' object has no attribute '_inlet_cost'
"[18, 0.042793546832298295, 0.6170811417790633, 0.16289795117162803, 0.4662044809402833, 316.9598717124701, 0.6557809460865706, 0.4415322305895455]",'MultiStageMixerSettlers' object has no attribute '_inlet_cost'
"[11, 0.42854544690715457, 0.29098528946834856, 0.3475652199739432, 0.3321710775102154, 296.1904415055898, 0.09705291674813396, 0.12586147715381404]",'MultiStageMixerSettlers' object has no attribute '_inlet_cost'
"[24, 0.4874977907367454, 0.9376434135670846, 0.9624531527119257, 0.3116171047120242, 335.6646115569079, 0.7106794416316987, 0.06882839607804594]",'MultiStageMixerSettlers' object has no attribute '_inlet_cost'
"[20, 0.6789455336482805, 0.12050650967425104, 0.6486663693686869, 0.9641058814206008, 324.8781269372489, 0.7653459352929716, 0.5670226673782277]",'MESHDistillation' object has no attribute '_inlet_cost'
"[25, 0.046502428885464145, 0.5989625183771148, 0.3847399807846142, 0.6326609487863043, 276.86170087193403, 0.33378066455917194, 0.5419837463872003]",'ShortcutColumn' object has no attribute '_inlet_cost'
"[37, 0.1935660431896763, 0.32805241203385704, 0.8236319439658628, 0.9652119545011193, 349.714341745371, 0.9760939868543197, 0.1468222196884363]",'MESHDistillation' object has no attribute '_inlet_cost'
"[28, 0.287541979882622, 0.23054921954324487, 0.9781140328494439, 0.26239220740722996, 340.74587509795765, 0.23166255108041015, 0.23621356759110976]",'ShortcutColumn' object has no attribute '_inlet_cost'
"[24, 0.516270867098304, 0.16629279438652877, 0.38472582660958365, 0.46677970272271596, 308.44105517686137, 0.6187458283576442, 0.425869038137745]",'ShortcutColumn' object has no attribute '_inlet_cost'
"[11, 0.13061925914578867, 0.38592295363456613, 0.1716853129922473, 0.8441254142708353, 345.3788155314679, 0.8487722906912053, 0.15893427116100906]",'ShortcutColumn' object has no attribute '_inlet_cost'
"[26, 0.30409815653401245, 0.6731678603494204, 0.9210793218602547, 0.3699022104426748, 327.0676704229511, 0.30320554588448706, 0.12338022312963756]",'HXutility' object has no attribute '_inlet_cost'
"[49, 0.8450687882328366, 0.278736796658196, 0.698507051062732, 0.29146270447929257, 302.25684280732867, 0.5691203234979838, 0.04938223749946617]",'MultiStageMixerSettlers' object has no attribute '_inlet_cost'
"[34, 0.1886861413521077, 0.3396030596880946, 0.8275844029525031, 0.4971321316753299, 329.5799350431034, 0.8137044335907659, 0.27058788909412357]",'ShortcutColumn' object has no attribute '_inlet_cost'
"[25, 0.6383632096172716, 0.9402802657240875, 0.19985817337461326, 0.8696736818076263, 302.08863801833434, 0.6058777958793254, 0.19912765589450182]",'ShortcutColumn' object has no attribute '_inlet_cost'
"[31, 0.5316187936280202, 0.19214250789457427, 0.6513492507026906, 0.9907524836740565, 328.8240682556143, 0.3793784005901817, 0.7877881767656272]",'ShortcutColumn' object has no attribute '_inlet_cost'
"[17, 0.6089153952748244, 0.7396641624894479, 0.3695244059968091, 0.3461290584427915, 301.1032757284253, 0.42826950458966767, 0.07384027285700497]",'HXutility' object has no attribute '_inlet_cost'
"[10, 0.3418902615198027, 0.10640534605586333, 0.49347539192177836, 0.16729041731999358, 288.93917885160755, 0.9572371281806924, 0.5902063818446441]",'HXutility' object has no attribute '_inlet_cost'
"[30, 0.6230560942003731, 0.08534097563486573, 0.9269933260376891, 0.58313090091795, 288.40458882357115, 0.22407713283129554, 0.5586810306258084]",'MESHDistillation' object has no attribute '_inlet_cost'
"[21, 0.3260116092031411, 0.9142018909173334, 0.6645388959155453, 0.8064161041399245, 303.34132847119855, 0.6346567478499965, 0.02417297337537108]",'HXutility' object has no attribute '_inlet_cost'
"[37, 0.5099913380141002, 0.6743824628358062, 0.8170993961414361, 0.5552495662922946, 349.2992138536282, 0.15375657338233895, 0.2090043422939798]",'ShortcutColumn' object has no attribute '_inlet_cost'
"[44, 0.39261247708355523, 0.1251876739913628, 0.5507828369378472, 0.8121530878054394, 296.270742320869, 0.9263902622829934, 0.7840413916088791]",'ShortcutColumn' object has no attribute '_inlet_cost'
"[27, 0.12511137702175346, 0.3195988744126621, 0.0498901322501136, 0.8823329975323797, 334.94563003177717, 0.7538289316450641, 0.35139685528834]",'MixerSettler' object has no attribute '_inlet_cost'
"[10, 0.8144832461896624, 0.06272164294685256, 0.2289599152775666, 0.6576130268742655, 332.27942514894636, 0.5051174243513282, 0.03568783752003485]",'MultiStageMixerSettlers' object has no attribute '_inlet_cost'
"[17, 0.24501693122486035, 0.46478104374187706, 0.31341648898781155, 0.5925237511107411, 294.415769386755, 0.33168670915918996, 0.6074128129152525]",'ShortcutColumn' object has no attribute '_inlet_cost'
"[24, 0.7935107163496682, 0.6442033300983571, 0.8742110326834337, 0.6086780342307293, 285.34705952528464, 0.6082353943887355, 0.05696196660889444]",'MultiStageMixerSettlers' object has no attribute '_inlet_cost'
"[36, 0.7723306038803927, 0.06448065492653722, 0.08526848640047552, 0.7510146253343015, 301.6952253778022, 0.15339397798605017, 0.3960594086153032]",'MultiStageMixerSettlers' object has no attribute '_inlet_cost'
"[34, 0.6043119049600862, 0.14684637194077646, 0.06856723368230574, 0.9417712994870873, 315.14235632571035, 0.7122386194634708, 0.5589629390633096]",'MultiStageMixerSettlers' object has no attribute '_inlet_cost'
"[35, 0.901029653694134, 0.032010475022369846, 0.5727232897341772, 0.9582553182909294, 331.27879546262415, 0.7636538023920381, 0.5182626567286001]",'HXutility' object has no attribute '_inlet_cost'
"[21, 0.301482978569237, 0.452821399525107, 0.31561226400093534, 0.5670559105622217, 300.32924463034584, 0.6640677930078133, 0.058401262327970514]",'ShortcutColumn' object has no attribute '_inlet_cost'
"[46, 0.09004660590273247, 0.46261918857795237, 0.29939863636190395, 0.33718447024374104, 344.22369917273807, 0.8282165741579519, 0.05192289442692134]",'MESHDistillation' object has no attribute '_inlet_cost'
"[19, 0.06531110550136882, 0.5738705000046465, 0.21941061810018087, 0.970650028346265, 293.82735280242684, 0.2871951490827101, 0.33617388107580687]",'MultiStageMixerSettlers' object has no attribute '_inlet_cost'
"[42, 0.6702467800588214, 0.05780012551559267, 0.18295931423970738, 0.9433560702688297, 321.2101734477271, 0.8122167123348087, 0.6730563361040759]",'ShortcutColumn' object has no attribute '_inlet_cost'
"[11, 0.4632911269723246, 0.17025674500262186, 0.6202453160269592, 0.30101128109649783, 289.84373299817764, 0.360875715919971, 0.16348958859079932]",'MixerSettler' object has no attribute '_inlet_cost'
"[12, 0.09695058276986405, 0.35307850164634524, 0.6948174371958412, 0.2635382178175653, 330.08027578968773, 0.5546812796114153, 0.6937336567224721]",'ShortcutColumn' object has no attribute '_inlet_cost'
"[43, 0.257268345082524, 0.24594393833916708, 0.8684483971553099, 0.33750385370879504, 309.3204737235135, 0.697875631653852, 0.5224492312798082]",'MixerSettler' object has no attribute '_inlet_cost'
"[17, 0.11195017656649489, 0.5173315760825009, 0.14873821904536585, 0.9636028380728234, 342.9293778722606, 0.34248468331224435, 0.8997143252121407]",'MultiStageMixerSettlers' object has no attribute '_inlet_cost'
"[12, 0.9185526565791713, 0.6568436037349037, 0.685216631075983, 0.18683933274330353, 340.6627404059702, 0.5295365216344844, 0.14095006050477965]",'ShortcutColumn' object has no attribute '_inlet_cost'
"[14, 0.18091064641372287, 0.58273210480018, 0.10551194813857658, 0.5278004203002191, 284.28943093919065, 0.47002663399951544, 0.5455172257503231]",'ShortcutColumn' object has no attribute '_inlet_cost'
"[15, 0.5996284240075826, 0.14964618237834368, 0.32121359049470627, 0.42413673157929865, 319.3572583504265, 0.059819076262259116, 0.8722263960376959]",'MultiStageMixerSettlers' object has no attribute '_inlet_cost'
"[42, 0.06314941805379416, 0.6867002303615095, 0.44386059286556967, 0.7528418204244476, 326.8466179279917, 0.6627676495640891, 0.6125143827478929]",'MultiStageMixerSettlers' object has no attribute '_inlet_cost'
"[11, 0.11184244888635902, 0.42741718256614103, 0.8535432512326738, 0.1937559414803945, 313.31627676100516, 0.13660660163168145, 0.826580237270219]",'ShortcutColumn' object has no attribute '_inlet_cost'
"[29, 0.18964630695173124, 0.24262863302104437, 0.8945253560307875, 0.7065703834045877, 332.36577944504364, 0.6835750586631705, 0.09428827803354435]",'MultiStageMixerSettlers' object has no attribute '_inlet_cost'
"[16, 0.15802801594691115, 0.4698687115036083, 0.17699329174171355, 0.7379538238242842, 281.2262979849047, 0.05176190239802766, 0.4279210829935962]",'MESHDistillation' object has no attribute '_inlet_cost'
"[11, 0.1898729704807165, 0.5645483691790724, 0.6010034022259465, 0.6323194297390374, 300.6734225797057, 0.29942360615937846, 0.8216868900618983]",'ShortcutColumn' object has no attribute '_inlet_cost'
"[11, 0.3064504485498328, 0.24334798036398672, 0.8135901701517798, 0.20216095823104074, 342.60661105542846, 0.335921132965506, 0.35367116296906387]",'ShortcutColumn' object has no attribute '_inlet_cost'
"[33, 0.2488335711377702, 0.3960760763034294, 0.8461870252733106, 0.5475530945432896, 334.9186787602933, 0.7883498808567307, 0.006674320751653805]",'MultiStageMixerSettlers' object has no attribute '_inlet_cost'
"[28, 0.04768728763420821, 0.7293090210869061, 0.4550857710183028, 0.5723708212058646, 278.81954323501037, 0.7236583414926611, 0.39308340027749744]",'MESHDistillation' object has no attribute '_inlet_cost'
"[19, 0.1983055406954847, 0.1975731544328149, 0.3164725553693026, 0.34658893591438766, 335.71041819544956, 0.3015610627367756, 0.9768610214097463]",'MESHDistillation' object has no attribute '_inlet_cost'
"[33, 0.13344505257027942, 0.4473317069178774, 0.8430181713493418, 0.05295949559074398, 295.7708478396244, 0.004163856636534544, 0.9380180344673829]",'ShortcutColumn' object has no attribute '_inlet_cost'
"[39, 0.08730312897947498, 0.6250693648423651, 0.5504281571794041, 0.3404262267462193, 311.82750126561797, 0.8777749006935632, 0.024967956744940116]",'MESHDistillation' object has no attribute '_inlet_cost'
"[13, 0.46405692930963316, 0.07362529390598725, 0.5562705669939055, 0.2654126640838411, 340.39977987296953, 0.22519706881578583, 0.930884764247839]",'HXutility' object has no attribute '_inlet_cost'
"[14, 0.2329184730515748, 0.4435292837367995, 0.5005969151728453, 0.6014137541081354, 303.0206551355392, 0.9079103163531553, 0.01186329143434597]",'MESHDistillation' object has no attribute '_inlet_cost'
"[10, 0.8189132908655851, 0.7737611872866987, 0.8821884537229405, 0.44074996820376305, 276.0765187201906, 0.4427392797961351, 0.2385269739359747]",'MultiStageMixerSettlers' object has no attribute '_inlet_cost'
"[38, 0.7679246690579365, 0.516367916376215, 0.9909207955509143, 0.1120814294861756, 339.7137348918425, 0.870261260018583, 0.24033478483574067]",'HXutility' object has no attribute '_inlet_cost'
"[28, 0.18410678578690223, 0.581372023468705, 0.7692327331147694, 0.8314201408688702, 294.72928049235134, 0.76234491589688, 0.5824984853089084]",'HXutility' object has no attribute '_inlet_cost'
"[19, 0.3031921664422842, 0.1370637501519393, 0.21518964693043532, 0.683079943910956, 284.8947399598325, 0.23446400871584555, 0.303721642664589]",'MixerSettler' object has no attribute '_inlet_cost'
"[18, 0.6052262614573425, 0.6512721759052162, 0.20852232761751285, 0.8138777615267877, 307.891870541787, 0.7380481055530821, 0.07244910713806584]",'MixerSettler' object has no attribute '_inlet_cost'
"[30, 0.5337849046082799, 0.13770594837613623, 0.7396678625677026, 0.7288252587227583, 313.5748837597126, 0.38878657376462045, 0.4123942421043081]",'ShortcutColumn' object has no attribute '_inlet_cost'
"[21, 0.5438905088425237, 0.06897113996074859, 0.6316980036989139, 0.22611483779377983, 317.7159244363931, 0.05692994895787148, 0.21071180588261856]",'MultiStageMixerSettlers' object has no attribute '_inlet_cost'
"[31, 0.22274279160010185, 0.43659689611006985, 0.602943695676428, 0.1991832264907031, 305.13320709335653, 0.09675083488661133, 0.19164351989540077]",'MultiStageMixerSettlers' object has no attribute '_inlet_cost'
"[34, 0.12409607055547772, 0.7571267051229411, 0.2211749403756287, 0.4282968385659051, 328.14270163714747, 0.6491016863016891, 0.05258386790033412]",'MultiStageMixerSettlers' object has no attribute '_inlet_cost'
"[27, 0.7236986129057127, 0.12950661647452, 0.8443249026630965, 0.5658786721632109, 275.33155320584433, 0.5433361222498378, 0.0917910601991609]",'HXutility' object has no attribute '_inlet_cost'
"[13, 0.4920825489915528, 0.23199323608686878, 0.4455705270397879, 0.5638198240163924, 295.8873119067739, 0.6890257415556729, 0.17113224012327272]",'HXutility' object has no attribute '_inlet_cost'
"[33, 0.20712072430518264, 0.25079552390439297, 0.677817642191574, 0.723975234495331, 318.6514371271748, 0.6123965297203774, 0.5176030431153734]",'HXutility' object has no attribute '_inlet_cost'
"[15, 0.4417854880515797, 0.238620428522687, 0.4325423858081178, 0.9894579825680588, 289.20979649875744, 0.30707228703620965, 0.3589540583418598]",'MixerSettler' object has no attribute '_inlet_cost'
"[41, 0.6595358449993787, 0.10818745568055087, 0.3895318691815512, 0.40238545421249, 323.65852805047047, 0.6150413527660138, 0.5453543332098576]",'MultiStageMixerSettlers' object has no attribute '_inlet_cost'
"[19, 0.328441603640882, 0.2968445728357141, 0.9384160876182011, 0.9231467826722568, 330.385602869765, 0.8623433198091313, 0.7817534180266767]",'HXutility' object has no attribute '_inlet_cost'
"[23, 0.21979661079958351, 0.20455768550818865, 0.9949821228793811, 0.1731321551522043, 339.87593330281777, 0.8733501257588892, 0.5686541572818492]",'MultiStageMixerSettlers' object has no attribute '_inlet_cost'
"[45, 0.6865593740330481, 0.6509169080743972, 0.04858172901011358, 0.8653527945261346, 289.4679176667444, 0.5325766666638927, 0.07258266610649251]",'HXutility' object has no attribute '_inlet_cost'
"[37, 0.6667981766666267, 0.5230784677543183, 0.26333091932036745, 0.6047682329622748, 285.1851799013157, 0.4142982261487507, 0.18567811602433149]",'MultiStageMixerSettlers' object has no attribute '_inlet_cost'
"[35, 0.2758878320565118, 0.19749679902027914, 0.2618254465743477, 0.8073351790305002, 342.9484875519611, 0.8630564174394305, 0.9267693988656066]",'ShortcutColumn' object has no attribute '_inlet_cost'
"[20, 0.32976945422350956, 0.28040981605572574, 0.4888854405447804, 0.269196144230541, 303.5177988471774, 0.2633031206367486, 0.05948345131277031]",'ShortcutColumn' object has no attribute '_inlet_cost'
"[14, 0.3954959712091562, 0.10222018375435375, 0.9483253232026012, 0.1997758962666491, 338.92722388433344, 0.3066062373117934, 0.12449414980030875]",'HXutility' object has no attribute '_inlet_cost'
"[28, 0.3746741254773779, 0.2136790417781992, 0.5606800297909358, 0.9811122998839598, 297.9574070866374, 0.3057349564122723, 0.17751358051515773]",'MESHDistillation' object has no attribute '_inlet_cost'
"[13, 0.14812413064235175, 0.6337866939972152, 0.7281073489932658, 0.2685057077993977, 345.40204555485394, 0.17608194346189376, 0.6141024210614016]",'HXutility' object has no attribute '_inlet_cost'
"[49, 0.984087426957425, 0.09839618208511068, 0.5061614448453288, 0.9474539064692508, 322.5628398511064, 0.6305339770274929, 0.028485385724869555]",'HXutility' object has no attribute '_inlet_cost'
"[36, 0.1755290073365707, 0.6856840063569497, 0.9947555081508951, 0.2121421117400316, 341.70435010252754, 0.11513344435600006, 0.3036924308176504]",'ShortcutColumn' object has no attribute '_inlet_cost'
"[26, 0.1988779498158499, 0.5187889210037712, 0.8993530755270812, 0.1882254167677336, 296.90723859861123, 0.3838308441214776, 0.8835427399475374]",'HXutility' object has no attribute '_inlet_cost'
"[37, 0.4549519992415872, 0.21339730609366792, 0.38668901415035933, 0.7292550902780334, 280.7747330157666, 0.9976303538870795, 0.2653612236025055]",'HXutility' object has no attribute '_inlet_cost'
"[29, 0.2330639177288558, 0.4307104870330668, 0.781243555527466, 0.05734891124098903, 343.95632054448737, 0.11629603109075261, 0.9184611318172161]",'MixerSettler' object has no attribute '_inlet_cost'
"[13, 0.5718479015029234, 0.1334981166448914, 0.5091809228221073, 0.8831372038345194, 275.5739487636489, 0.8327677466141843, 0.05337711198885217]",'HXutility' object has no attribute '_inlet_cost'
"[23, 0.18295416439657256, 0.22865759329876523, 0.9608731857230615, 0.8524643236632053, 341.315581563009, 0.5906588693197298, 0.19105864148312718]",'HXutility' object has no attribute '_inlet_cost'
"[36, 0.37461546128337686, 0.2568057610421993, 0.7717664413047934, 0.911365875684543, 295.91359678778656, 0.06756948015217719, 0.4308730895826202]",'ShortcutColumn' object has no attribute '_inlet_cost'
"[16, 0.44131309939269564, 0.19876052809710643, 0.2353841299652646, 0.2969668693029183, 279.0933714653669, 0.3333024518490685, 0.4004019816840308]",'MixerSettler' object has no attribute '_inlet_cost'
"[37, 0.02918415805503366, 0.8780093070691138, 0.7130891841370737, 0.9365002357869829, 304.25474485091763, 0.34083447639683495, 0.7712042722150818]",'MixerSettler' object has no attribute '_inlet_cost'
"[42, 0.5071059914588586, 0.13645457534734726, 0.05485412721952856, 0.8956681398019303, 298.7365240557765, 0.8753183988252479, 0.4251225917703576]",'MultiStageMixerSettlers' object has no attribute '_inlet_cost'
"[25, 0.22066931226584907, 0.2145119754368537, 0.29325116657420053, 0.3135278633997396, 284.3203956917183, 0.36883802066371485, 0.8555619509600635]",'MultiStageMixerSettlers' object has no attribute '_inlet_cost'
"[20, 0.6585707038905031, 0.8978047021598902, 0.20415528741181885, 0.9072007808387269, 274.85389364341205, 0.9361718926391371, 0.017056294438848384]",'MESHDistillation' object has no attribute '_inlet_cost'
"[47, 0.06597430638428578, 0.5998286139503366, 0.8320667601362333, 0.83908980775727, 294.9477568899799, 0.33655579400051977, 0.9317467442372321]",'MultiStageMixerSettlers' object has no attribute '_inlet_cost'
"[34, 0.07964180366260454, 0.49727617813812725, 0.9478841641647289, 0.016273021229388673, 275.81007523860086, 0.9667257455962746, 0.06731149767017462]",'HXutility' object has no attribute '_inlet_cost'
"[39, 0.17560803856669413, 0.25645345214477977, 0.7587477050164049, 0.7035507102229587, 336.24152312495835, 0.44709525530338495, 0.3058637901338078]",'ShortcutColumn' object has no attribute '_inlet_cost'
"[31, 0.30310388964815443, 0.2376331484672217, 0.5276900582265451, 0.1370849270142844, 284.97523982392335, 0.9714922614545186, 0.6211245397945261]",'MultiStageMixerSettlers' object has no attribute '_inlet_cost'
"[47, 0.9950337695558021, 0.6356603783136076, 0.7891273326526735, 0.19180980004947662, 311.08996548633786, 0.5845223183357224, 0.5263939042228285]",'MixerSettler' object has no attribute '_inlet_cost'
"[31, 0.23182659726104662, 0.20319203740477773, 0.8266429435863881, 0.1307355014674367, 278.6280691232982, 0.19734006118265304, 0.9010266933635644]",'HXutility' object has no attribute '_inlet_cost'
"[33, 0.15800266622878528, 0.25907434959052567, 0.7130969849904623, 0.19115804419327048, 284.46590143811613, 0.3778042906301515, 0.6811908171666106]",'HXutility' object has no attribute '_inlet_cost'
"[40, 0.4148260855703107, 0.8129336661589358, 0.8933744793456926, 0.6232171368251065, 326.7086399343592, 0.08638848649153155, 0.13026687831836875]",'HXutility' object has no attribute '_inlet_cost'
"[39, 0.2461959456962445, 0.41403275142981866, 0.6877129967160552, 0.35738175346699014, 335.4122473573543, 0.0849643106690491, 0.6481079399269378]",'HXutility' object has no attribute '_inlet_cost'
"[16, 0.40222156805810344, 0.26388146081422775, 0.8277488916333949, 0.7073411375738897, 305.3105387430262, 0.9333059033043885, 0.9066187652407149]",'MixerSettler' object has no attribute '_inlet_cost'
"[35, 0.26168252109808715, 0.2974722740762837, 0.7307648050486615, 0.9717431656246667, 273.3198492235797, 0.665724796680375, 0.15873213443512732]",'ShortcutColumn' object has no attribute '_inlet_cost'
"[16, 0.8449630013232527, 0.5176980556109734, 0.2838570907711568, 0.5944502076980908, 300.9805688379929, 0.476027981498136, 0.10961819345526468]",'MixerSettler' object has no attribute '_inlet_cost'
"[25, 0.16183300327172745, 0.2890495085178501, 0.8470280300563215, 0.8130453239328913, 296.2495054961822, 0.04245319536367138, 0.6973809461534103]",'ShortcutColumn' object has no attribute '_inlet_cost'
"[11, 0.06799775948014102, 0.6475855409042971, 0.5365355581736115, 0.7685956234883244, 304.6868400399061, 0.6606628215047077, 0.95949650388193]",'MESHDistillation' object has no attribute '_inlet_cost'
"[34, 0.049124837653470345, 0.7857538252795548, 0.1293139048056768, 0.9340080907951224, 315.25211608584215, 0.3856344705727888, 0.3917895772658904]",'ShortcutColumn' object has no attribute '_inlet_cost'
"[34, 0.942765794878864, 0.27104025966117257, 0.37668428847408897, 0.812919413814149, 321.62459932491174, 0.48828800954101703, 0.07621129343851854]",'MESHDistillation' object has no attribute '_inlet_cost'
"[13, 0.11117425296396907, 0.5448006240516738, 0.5509036299322237, 0.96987342506768, 305.9570521631025, 0.20326256409164184, 0.41187981309077315]",'MultiStageMixerSettlers' object has no attribute '_inlet_cost'
"[37, 0.12035534261087527, 0.4651951603252911, 0.26363429949089706, 0.9429089109079595, 316.68048335442785, 0.8749228952735338, 0.9099437127075594]",'HXutility' object has no attribute '_inlet_cost'
"[25, 0.8843517866584214, 0.5587575404880749, 0.6330470510952015, 0.5065229752717519, 308.0937358298992, 0.09204610025366339, 0.2574937511535569]",'MixerSettler' object has no attribute '_inlet_cost'
"[22, 0.45233695739865454, 0.14559952670224882, 0.27066520799626465, 0.9616469836962512, 310.3536438576272, 0.7663738212770987, 0.7345379973664039]",'MultiStageMixerSettlers' object has no attribute '_inlet_cost'
"[45, 0.39640566898605467, 0.19319617264761452, 0.1168798543425349, 0.6998068240913885, 322.7080822959585, 0.7914168949312977, 0.7262114613114891]",'MESHDistillation' object has no attribute '_inlet_cost'
"[15, 0.32135252943034287, 0.3402340237262671, 0.9811001937778218, 0.8289976853656539, 345.07696845689264, 0.7413262715481268, 0.7805036243946878]",'HXutility' object has no attribute '_inlet_cost'
"[43, 0.22502833608945064, 0.17787424472234192, 0.7658639477293163, 0.47924830631905746, 299.7106116587896, 0.8316548014544535, 0.0825456024924585]",'HXutility' object has no attribute '_inlet_cost'
"[29, 0.16104093578467682, 0.37603812805908626, 0.8154969844212996, 0.42038426310255195, 330.426829976533, 0.4513406569958212, 0.5711328293961339]",'ShortcutColumn' object has no attribute '_inlet_cost'
"[38, 0.7287064704370912, 0.09293106702447629, 0.5670727548071575, 0.6624578903587014, 305.2791347273155, 0.9746091497055875, 0.8129575237262375]",'ShortcutColumn' object has no attribute '_inlet_cost'
"[14, 0.27148492981858147, 0.45389492206251614, 0.8617381316042698, 0.615293116988774, 277.80246130013796, 0.07912519916339282, 0.0903096320590391]",'MultiStageMixerSettlers' object has no attribute '_inlet_cost'
"[29, 0.27014641046496557, 0.3366090392860433, 0.6971950705715714, 0.664006406635596, 285.70896226884844, 0.7692675775390578, 0.1086193874807361]",'MultiStageMixerSettlers' object has no attribute '_inlet_cost'
"[30, 0.1303863457533698, 0.49919680983122927, 0.57728752347233, 0.9057738266489183, 326.0429882675755, 0.0687579869378147, 0.9737383113293303]",'HXutility' object has no attribute '_inlet_cost'
"[21, 0.4934799805613875, 0.17852552944996827, 0.49698607458214805, 0.3419961658633041, 328.11945832616146, 0.25570888718478363, 0.7006900904877655]",'MESHDistillation' object has no attribute '_inlet_cost'
"[44, 0.16878218703679554, 0.3454939777155065, 0.24641555492378162, 0.8494167790428621, 329.47393474272747, 0.024407251280018572, 0.8068242393586852]",'MixerSettler' object has no attribute '_inlet_cost'
"[36, 0.44195250427718763, 0.2725608707102835, 0.877751596496322, 0.6877861700552957, 289.845682031828, 0.9179312052581499, 0.43159151690572645]",'MultiStageMixerSettlers' object has no attribute '_inlet_cost'
"[31, 0.11402678608342941, 0.9508096303198466, 0.6056184461154404, 0.9095103905350896, 291.7212350316267, 0.8814505636638984, 0.020345481346704924]",'HXutility' object has no attribute '_inlet_cost'
"[26, 0.38917075968226555, 0.12453055318736994, 0.007986922649402537, 0.9760843002605036, 293.6174362890652, 0.6709159116305558, 0.3797010710389733]",'ShortcutColumn' object has no attribute '_inlet_cost'
"[18, 0.7058743827482832, 0.08308730562182474, 0.25248099707099975, 0.5298737544448936, 335.94153668156474, 0.28933302584982823, 0.9753010107403779]",'ShortcutColumn' object has no attribute '_inlet_cost'
"[35, 0.3715297546692191, 0.34921342704685876, 0.27952527931257326, 0.2991543723647512, 277.0030017022923, 0.2964008238779235, 0.43541666634282666]",'HXutility' object has no attribute '_inlet_cost'
"[36, 0.45886393155005006, 0.8840733939411111, 0.32457339525145357, 0.2564450589671459, 295.1350113843707, 0.8678004948477535, 0.12657085767585036]",'MESHDistillation' object has no attribute '_inlet_cost'
"[13, 0.423976908875531, 0.2372126821190645, 0.13114167134627902, 0.7927542179762773, 311.2876321680919, 0.06391940861561642, 0.8521807109022346]",'HXutility' object has no attribute '_inlet_cost'
"[39, 0.3853329738024649, 0.4973194949445915, 0.6781924146511478, 0.8862355605997655, 287.4344618687893, 0.4317967685655503, 0.04323953136711203]",'HXutility' object has no attribute '_inlet_cost'
"[32, 0.22717227151949435, 0.4753509157352547, 0.30116971854111485, 0.2918263228883699, 287.39666021949574, 0.4326652938215207, 0.8657049214452959]",'MultiStageMixerSettlers' object has no attribute '_inlet_cost'
"[16, 0.26273315532614533, 0.14166785191834955, 0.4465081571505427, 0.6387427517435494, 311.7070714769712, 0.5673229556036594, 0.2778564858529363]",'HXutility' object has no attribute '_inlet_cost'
"[37, 0.08937742336421724, 0.6010821031159277, 0.6867623422075846, 0.9611814589801997, 342.0163799045347, 0.7909191582533551, 0.2491827599244506]",'HXutility' object has no attribute '_inlet_cost'
"[31, 0.9778222516210862, 0.1372210694024818, 0.3948680647036669, 0.20655720561659155, 296.0905160352065, 0.5997721185744261, 0.6625186200382477]",'MultiStageMixerSettlers' object has no attribute '_inlet_cost'
"[15, 0.2780392955461519, 0.154681775832946, 0.5785017684208832, 0.9992186972835352, 305.28998216669237, 0.11955429231637042, 0.35467596402017215]",'ShortcutColumn' object has no attribute '_inlet_cost'
"[23, 0.7969409236549134, 0.6234070434051097, 0.726606669932348, 0.597421113577612, 290.19549451729284, 0.8541166673567772, 0.019369061763199046]",'ShortcutColumn' object has no attribute '_inlet_cost'
"[27, 0.8074811455357762, 0.10953708760258202, 0.6484876012453505, 0.9417776762563863, 335.84215376095324, 0.576060601991867, 0.02578256290584278]",'MESHDistillation' object has no attribute '_inlet_cost'
"[45, 0.5196257896386562, 0.8256571182915926, 0.45950230901647976, 0.32302783469382046, 297.2144219607832, 0.8050235375495903, 0.273888349392218]",'MESHDistillation' object has no attribute '_inlet_cost'
"[35, 0.1847430724665953, 0.30663278758582907, 0.6870461171508975, 0.7613198635019286, 348.71548058892006, 0.6596774331931422, 0.8841606077870564]",'MESHDistillation' object has no attribute '_inlet_cost'
"[45, 0.26852163207320495, 0.1400723874275302, 0.6884063072237395, 0.19205515687065053, 348.882285355231, 0.02258914683763124, 0.7242874830217784]",'HXutility' object has no attribute '_inlet_cost'
"[31, 0.5376490174391667, 0.10224092369563328, 0.6172652099176953, 0.9536516465118222, 340.3778113001275, 0.516305537746506, 0.33333986047462033]",'MultiStageMixerSettlers' object has no attribute '_inlet_cost'
"[46, 0.7022810049602413, 0.04530112602827898, 0.6963055362815072, 0.5067892510315231, 294.4966623624251, 0.2969503897241732, 0.43953955256108884]",'MESHDistillation' object has no attribute '_inlet_cost'
"[11, 0.09476154998307931, 0.553113713062989, 0.6205040977121506, 0.8135879307537396, 337.2468147778011, 0.25600959545014745, 0.8685905145657105]",'ShortcutColumn' object has no attribute '_inlet_cost'
"[34, 0.24298105111885832, 0.3799249493898163, 0.8686682046772837, 0.7500077651447757, 288.6606072828832, 0.91741384741072, 0.09586803517212626]",'HXutility' object has no attribute '_inlet_cost'
"[48, 0.7404381719776977, 0.10106799103612822, 0.990641725560887, 0.9024919686191276, 335.5283804064918, 0.9004784497100591, 0.051261920942219055]",'MultiStageMixerSettlers' object has no attribute '_inlet_cost'
"[49, 0.2795145839409166, 0.16360816075469845, 0.5711716177504934, 0.7203617068781681, 305.1380658071399, 0.07433187729151677, 0.4616656406838558]",'HXutility' object has no attribute '_inlet_cost'
"[45, 0.5995855193914779, 0.15907585481878114, 0.8644469904597859, 0.4453004542357683, 307.62467238751276, 0.7734880242332798, 0.9755456027356657]",'ShortcutColumn' object has no attribute '_inlet_cost'
"[22, 0.8289163156374072, 0.047639160202316476, 0.7192300669417193, 0.5309418464667546, 285.2168942224757, 0.1331886087565237, 0.2459783140603222]",'ShortcutColumn' object has no attribute '_inlet_cost'
"[26, 0.016983188391475293, 0.8683634605912582, 0.9404595005750513, 0.23088478196631312, 293.3166059690399, 0.07779894317537123, 0.10374116142062106]",'MultiStageMixerSettlers' object has no attribute '_inlet_cost'
"[35, 0.18538043375697555, 0.21367115723673916, 0.6248270020476788, 0.22618996551719928, 283.921894407672, 0.7566983032072053, 0.9528805681891315]",'MultiStageMixerSettlers' object has no attribute '_inlet_cost'
"[12, 0.1425976771990326, 0.3699073430820734, 0.5922197763703708, 0.4409674625929046, 334.22225481552005, 0.46754409757265475, 0.09619117498108848]",'ShortcutColumn' object has no attribute '_inlet_cost'
"[10, 0.28240044731727015, 0.2778686475255205, 0.4548327986885829, 0.9981510004592098, 345.58869083619277, 0.29074651860675266, 0.9228252284254792]",'ShortcutColumn' object has no attribute '_inlet_cost'
"[32, 0.3913667390382828, 0.13033709233405708, 0.18344616492565607, 0.3674353594820078, 324.5439031602425, 0.41385919340453686, 0.44081266143215014]",'MixerSettler' object has no attribute '_inlet_cost'
"[26, 0.9871381087106454, 0.24338901185735207, 0.9267784884299952, 0.23806300195537813, 346.79642605616885, 0.8144603040832012, 0.4252898497580766]",'ShortcutColumn' object has no attribute '_inlet_cost'
"[32, 0.1309720175963135, 0.2790134252201062, 0.3730231590613578, 0.3735095244986574, 276.23599655993957, 0.6034045030349392, 0.9787123005843249]",'MultiStageMixerSettlers' object has no attribute '_inlet_cost'
"[16, 0.4729647537484761, 0.7764185068858919, 0.7033377816970149, 0.4818848546988876, 344.0672438665127, 0.5598651853274377, 0.11198051649518935]",'MixerSettler' object has no attribute '_inlet_cost'
"[23, 0.9433585080482081, 0.9374803361120859, 0.20988580046401084, 0.6836661837842388, 282.4810948626687, 0.573875865952637, 0.08494326358221133]",'MixerSettler' object has no attribute '_inlet_cost'
"[23, 0.29478221636561297, 0.2238574326991992, 0.6687151188375492, 0.0955032782652499, 300.64436561073177, 0.12802604225340417, 0.7562829991909549]",'HXutility' object has no attribute '_inlet_cost'
"[12, 0.775792995980427, 0.2630467020690531, 0.5728036612562304, 0.6594108275987147, 324.1903299000976, 0.2707118970549872, 0.054947699804069744]",'MultiStageMixerSettlers' object has no attribute '_inlet_cost'
"[14, 0.8707558056343898, 0.04257542321984983, 0.3307092544652469, 0.21216104315298964, 345.1798891933082, 0.8099590697915046, 0.7989896045727662]",'MixerSettler' object has no attribute '_inlet_cost'
"[27, 0.7588384150117651, 0.3068246478036782, 0.8670214909176173, 0.8968701781172149, 345.3351248013117, 0.07883037543433964, 0.3269277690486843]",'MultiStageMixerSettlers' object has no attribute '_inlet_cost'
"[11, 0.3321668724192797, 0.37982321125700197, 0.9026236205077013, 0.27707005421695974, 281.7526722516544, 0.5240075482093506, 0.3449937993829123]",'MixerSettler' object has no attribute '_inlet_cost'
"[25, 0.23663907824576905, 0.709381376227152, 0.7326708534473457, 0.3150745725821393, 344.16315016468315, 0.9667694393379054, 0.08562427968063308]",'MultiStageMixerSettlers' object has no attribute '_inlet_cost'
"[31, 0.1126764875613803, 0.6486408133081997, 0.10557704516898578, 0.7867624347895461, 291.47463329006695, 0.43794754937157687, 0.7779031426066516]",'HXutility' object has no attribute '_inlet_cost'
"[25, 0.20737940937085386, 0.35880063268793166, 0.912499609823369, 0.4657397187768523, 303.4392479666366, 0.9862001428912389, 0.24294891041505595]",'ShortcutColumn' object has no attribute '_inlet_cost'
"[19, 0.033466554379833084, 0.8465818919341698, 0.7075068708969614, 0.506101654560516, 307.71569052123175, 0.3647583999828978, 0.21745705218097955]",'MESHDistillation' object has no attribute '_inlet_cost'
"[20, 0.2650069150052949, 0.21997734708858716, 0.5074883686017534, 0.14771670197163894, 311.5110736370871, 0.13170761837389053, 0.8457918347000546]",'ShortcutColumn' object has no attribute '_inlet_cost'
"[17, 0.07075649824785071, 0.5206281874388079, 0.19437089603559152, 0.8964738333394374, 295.7265836138034, 0.9114867880704551, 0.16432431586528645]",'MixerSettler' object has no attribute '_inlet_cost'
"[36, 0.2789063497134462, 0.3443136478091219, 0.06934882771275487, 0.943238008446634, 326.8159391338745, 0.7222393214809621, 0.2582845664295957]",'MESHDistillation' object has no attribute '_inlet_cost'
"[14, 0.2666832805881642, 0.9507183174215416, 0.708086423489807, 0.39799598678246456, 316.04071580322926, 0.7192905036783307, 0.03358907637170418]",'MultiStageMixerSettlers' object has no attribute '_inlet_cost'
"[48, 0.5726676187711083, 0.046231560923576734, 0.300212738192529, 0.45193644838847613, 306.1240822247604, 0.9546298101992509, 0.003978749982958894]",'MultiStageMixerSettlers' object has no attribute '_inlet_cost'
"[34, 0.17440404036200144, 0.5485410555963313, 0.8980923692426349, 0.5909163292910425, 327.5147636927313, 0.3046185804448023, 0.26178186059770114]",'ShortcutColumn' object has no attribute '_inlet_cost'
"[25, 0.30739843675791556, 0.2226518820497542, 0.684431043068909, 0.9351569136673865, 343.2193647166771, 0.379619088296415, 0.6153127496962998]",'MixerSettler' object has no attribute '_inlet_cost'
"[12, 0.5960129123874557, 0.07643871414566333, 0.5582171492278588, 0.38952539172441686, 290.71489589873937, 0.9206227232435586, 0.3613889292161724]",'HXutility' object has no attribute '_inlet_cost'
"[14, 0.4348335190584412, 0.15903556424993118, 0.7602687982632502, 0.9007394675293224, 314.4019511687109, 0.25977599968031495, 0.8702831856376118]",'ShortcutColumn' object has no attribute '_inlet_cost'
"[15, 0.3915574179811758, 0.7305051149500145, 0.7174075745079742, 0.46194723361473383, 345.4985589452907, 0.9536355497920506, 0.055972911196411984]",'MixerSettler' object has no attribute '_inlet_cost'
"[10, 0.35307948348132734, 0.2765239664786372, 0.08556568996449344, 0.6196858756618133, 303.53865093323486, 0.24249524227192054, 0.21064215458564603]",'ShortcutColumn' object has no attribute '_inlet_cost'
"[18, 0.4227769333677221, 0.10860340768005788, 0.8239503607047316, 0.5656523156858981, 348.367889424777, 0.6682237703155938, 0.28872447679827795]",'HXutility' object has no attribute '_inlet_cost'
"[23, 0.4487708578654051, 0.15953700861172598, 0.8186549019124283, 0.8933517552178859, 316.9825414148753, 0.02545732766142655, 0.3972437817054745]",'MultiStageMixerSettlers' object has no attribute '_inlet_cost'
"[49, 0.30807240106199046, 0.14049229500622204, 0.6635619617458886, 0.5355730220447111, 277.08113323532336, 0.08163789804513981, 0.73130179069052]",'ShortcutColumn' object has no attribute '_inlet_cost'
"[12, 0.17621944128465533, 0.9196434648471042, 0.446366545463598, 0.5819066283031723, 334.2380209118247, 0.7321459467449035, 0.26986075515822966]",'HXutility' object has no attribute '_inlet_cost'
"[29, 0.28143843823814524, 0.31175702374806935, 0.8244302390032869, 0.5630680641486094, 312.5612996040223, 0.558892664651764, 0.1519519363455568]",'MultiStageMixerSettlers' object has no attribute '_inlet_cost'
"[12, 0.25836876222616545, 0.2040058356422079, 0.48278254548287963, 0.7532156205221863, 306.0255020549807, 0.44818065973731347, 0.8005451332924077]",'HXutility' object has no attribute '_inlet_cost'
"[13, 0.2674060194688671, 0.7514640822287155, 0.655871548999859, 0.2827118494505607, 322.19770987586537, 0.808804633261972, 0.044865205581300784]",'ShortcutColumn' object has no attribute '_inlet_cost'
"[26, 0.03334536444833862, 0.7537097832518449, 0.32071741021657735, 0.6192638018134141, 276.6291548384546, 0.44454321802090485, 0.8507990870825195]",'MixerSettler' object has no attribute '_inlet_cost'
"[46, 0.12948209018781115, 0.5726543529033115, 0.4107064899804384, 0.8659369991561077, 282.5857894919917, 0.3574197946654559, 0.16857412962851304]",'MultiStageMixerSettlers' object has no attribute '_inlet_cost'
"[39, 0.7555278036632722, 0.04801910069065362, 0.8769370150680927, 0.9248176079430699, 320.65860536692134, 0.22412511834523877, 0.5603093759259468]",'ShortcutColumn' object has no attribute '_inlet_cost'
"[24, 0.20157481886432757, 0.4748046241266322, 0.8261697192944716, 0.14385033859143326, 284.169042621975, 0.4538584582183216, 0.4219043570881538]",'HXutility' object has no attribute '_inlet_cost'
"[25, 0.4719061729807431, 0.16791763604129667, 0.6339943733091756, 0.6700207531497625, 340.35753118268406, 0.9085696452939195, 0.5348105636863083]",'MESHDistillation' object has no attribute '_inlet_cost'
"[10, 0.026535477537707845, 0.6991471473076017, 0.6893673016585589, 0.26157380548786735, 316.93711219790197, 0.8346649058459465, 0.31839016788350677]",'MESHDistillation' object has no attribute '_inlet_cost'
"[24, 0.988100110494256, 0.5413314930293033, 0.3855086671304899, 0.7641354252994035, 298.3124631396092, 0.8020661251451066, 0.7399114914498973]",'HXutility' object has no attribute '_inlet_cost'
"[40, 0.5195582033868444, 0.09872769231077674, 0.8517492599577043, 0.03256660488059944, 317.50195980062216, 0.15557780523139023, 0.9472122565612705]",'HXutility' object has no attribute '_inlet_cost'
"[20, 0.23547468032793842, 0.42668872857400847, 0.6441915939620291, 0.3348358541872159, 276.0298465881332, 0.021150290215134968, 0.7559731647181531]",'MixerSettler' object has no attribute '_inlet_cost'
"[44, 0.9905507752903638, 0.744581540899067, 0.886231063341214, 0.2593457078498848, 336.7011516787735, 0.6148053992516506, 0.793459029727619]",'HXutility' object has no attribute '_inlet_cost'
"[20, 0.314127850774477, 0.9378202778063063, 0.8671018816346341, 0.7976798499441162, 314.0160653077195, 0.24187736443835153, 0.37033968931612044]",'ShortcutColumn' object has no attribute '_inlet_cost'
"[39, 0.11442665363106327, 0.5526154229011739, 0.9381897294823514, 0.7778361313374823, 348.2593004682535, 0.45099267511861, 0.6552099782224722]",'MixerSettler' object has no attribute '_inlet_cost'
"[21, 0.3278327502596502, 0.19352028135290295, 0.19441227462402969, 0.8663821117262993, 306.4531209056155, 0.5188706847717809, 0.6103821772195073]",'MESHDistillation' object has no attribute '_inlet_cost'
"[33, 0.9803752362701957, 0.1694438915306298, 0.5255339811792858, 0.2660266980795027, 334.9397937870158, 0.6790148368039024, 0.6088437923544884]",'HXutility' object has no attribute '_inlet_cost'
"[20, 0.928715748299578, 0.7575695888498674, 0.15070092425362727, 0.9241105989926854, 340.398191886665, 0.7592868646550035, 0.042251341229052594]",'HXutility' object has no attribute '_inlet_cost'
"[36, 0.11906939560389763, 0.5066759525871718, 0.3755718241582577, 0.9312669285417674, 289.18756148607486, 0.6510031645021539, 0.7568695597754793]",'ShortcutColumn' object has no attribute '_inlet_cost'
"[15, 0.4220668414906148, 0.2841201363322048, 0.42204106574304606, 0.5211085301591194, 293.0711600156652, 0.07012685819474213, 0.6547317648534104]",'MESHDistillation' object has no attribute '_inlet_cost'
"[40, 0.45902372580854617, 0.2003216829092142, 0.570249566605263, 0.43260679330723506, 302.11745948400454, 0.06417088758136173, 0.4336089840960954]",'HXutility' object has no attribute '_inlet_cost'
"[24, 0.8949677561102639, 0.5141304896438267, 0.497946600966768, 0.6873988646956396, 335.6890302540502, 0.5646617143122945, 0.07606866717223294]",'ShortcutColumn' object has no attribute '_inlet_cost'
"[35, 0.468124801652359, 0.26514586310282445, 0.5860989535219676, 0.1763882087289069, 301.4542115401915, 0.13961249907795667, 0.7244693902557974]",'MultiStageMixerSettlers' object has no attribute '_inlet_cost'
"[32, 0.7247221280717813, 0.07768526369768053, 0.27178249314216496, 0.30550077545452714, 313.66449895560265, 0.9304265950366303, 0.9464031119891422]",'HXutility' object has no attribute '_inlet_cost'
"[12, 0.8059377613099417, 0.03276413498162379, 0.625317592734507, 0.14577405440023838, 313.6874012185286, 0.2882065453421931, 0.5860663723725007]",'ShortcutColumn' object has no attribute '_inlet_cost'
"[25, 0.29054368355532184, 0.3261428460789769, 0.002961015045360262, 0.9830219074320187, 308.380574385104, 0.5784877576550408, 0.8638019638910263]",'HXutility' object has no attribute '_inlet_cost'
"[37, 0.4544704620683701, 0.5325681964013197, 0.10395634105341318, 0.623172209142612, 331.7868714569526, 0.9124700029357468, 0.04228423745013485]",'ShortcutColumn' object has no attribute '_inlet_cost'
"[27, 0.8523632371018087, 0.09482210679038042, 0.6735164452458332, 0.9862389391206196, 289.06132343417164, 0.973538947529946, 0.03086680586789828]",'MultiStageMixerSettlers' object has no attribute '_inlet_cost'
"[46, 0.06517760481372956, 0.6218768830615807, 0.23794421698287582, 0.9293725787684614, 279.0654500102373, 0.6791914524235334, 0.10124394593770951]",'MixerSettler' object has no attribute '_inlet_cost'
"[49, 0.7579331091708043, 0.8480381823225288, 0.9015314812604116, 0.42259157495479016, 278.5295727698622, 0.4460578665372163, 0.29307307344425226]",'HXutility' object has no attribute '_inlet_cost'
"[37, 0.1522990887757901, 0.41059300783944835, 0.7679756473902017, 0.3590463030949336, 346.4977421981233, 0.3914530799281209, 0.612801803147352]",'ShortcutColumn' object has no attribute '_inlet_cost'
"[41, 0.5409893929323027, 0.05706028970352481, 0.09276139183781806, 0.6948340015346705, 280.7476226327694, 0.5195956183155404, 0.8361591292866174]",'MixerSettler' object has no attribute '_inlet_cost'
"[11, 0.10325122168505056, 0.48172331583177025, 0.2491326692870091, 0.4818644821942705, 295.9020374763294, 0.37455980092892627, 0.8054705754249063]",'MultiStageMixerSettlers' object has no attribute '_inlet_cost'
"[41, 0.40089849771691677, 0.22486538514769686, 0.1681395772607559, 0.7659934983136772, 300.8168417829439, 0.3917361643527151, 0.3892937929667849]",'MultiStageMixerSettlers' object has no attribute '_inlet_cost'
"[39, 0.2012778959899536, 0.3163256714452743, 0.288334544870338, 0.5671503211426682, 280.95068979643185, 0.7971386397007663, 0.5242857856927943]",'MESHDistillation' object has no attribute '_inlet_cost'
"[21, 0.6559149075755542, 0.06332035151064083, 0.346813063938248, 0.25251370985311966, 344.72362434375924, 0.6229408758295211, 0.5835440893570842]",'HXutility' object has no attribute '_inlet_cost'
"[11, 0.9855021839098687, 0.40384863556679457, 0.5172941420982744, 0.2146448055499632, 284.8335927628776, 0.28324247818142173, 0.07526590303750008]",'HXutility' object has no attribute '_inlet_cost'
"[49, 0.046526169759764806, 0.6359111836609612, 0.8014777535886299, 0.5805859132551408, 295.4485756156927, 0.18585091194523576, 0.6895096214776464]",'MultiStageMixerSettlers' object has no attribute '_inlet_cost'
"[24, 0.9887316074524438, 0.3970083557510297, 0.8081797206085277, 0.8188444094306321, 349.72005779564944, 0.46050059296681867, 0.6258524786797283]",'MultiStageMixerSettlers' object has no attribute '_inlet_cost'
"[40, 0.5800955938267045, 0.18715531184494186, 0.2691834662497031, 0.43072976109621686, 325.22770366734295, 0.3748601113880902, 0.9851658166766729]",'HXutility' object has no attribute '_inlet_cost'
"[43, 0.26916975820714045, 0.19677920516409364, 0.421816312131672, 0.9556877346082517, 318.9957713138415, 0.7435733963033675, 0.5619358768764647]",'MESHDistillation' object has no attribute '_inlet_cost'
"[47, 0.11041342648895576, 0.39673666682278746, 0.19935722590424337, 0.6323462804047584, 334.11723803066604, 0.6445576107416507, 0.5443381047132871]",'HXutility' object has no attribute '_inlet_cost'
"[26, 0.43139350620770045, 0.25592415369670446, 0.39880020137766303, 0.693459678224536, 284.44616869714395, 0.922641711418438, 0.3375299072635706]",'MESHDistillation' object has no attribute '_inlet_cost'
"[49, 0.19914016240992474, 0.23866730930458935, 0.6723562088848137, 0.31559984394341234, 321.6030269341925, 0.5528741000558388, 0.9485580682826109]",'HXutility' object has no attribute '_inlet_cost'
"[33, 0.17016416159968892, 0.42355408105100245, 0.886065190231616, 0.16982803403356103, 304.75703846773393, 0.4968197519272463, 0.15603762259725296]",'ShortcutColumn' object has no attribute '_inlet_cost'
"[31, 0.6889356886682991, 0.0652389605347509, 0.5337485224012473, 0.5410816389713171, 277.5210197018928, 0.7517326862092713, 0.30388687237210366]",'ShortcutColumn' object has no attribute '_inlet_cost'
"[42, 0.46986967599664764, 0.1238476627386152, 0.7922941180775946, 0.5216566933591875, 329.26722307623197, 0.22384895936938254, 0.26464440924393823]",'HXutility' object has no attribute '_inlet_cost'
"[27, 0.14827854740757726, 0.2993989932255592, 0.8562965172986213, 0.18302682753478997, 342.07246140773043, 0.18701271836519834, 0.06705212486193635]",'ShortcutColumn' object has no attribute '_inlet_cost'
"[41, 0.1713769045394086, 0.3754217207712835, 0.4698924499525151, 0.1629974372261046, 280.43972817947173, 0.6501824759145495, 0.5666548340467521]",'ShortcutColumn' object has no attribute '_inlet_cost'
"[21, 0.6659079014235458, 0.07805954094752805, 0.3398841628150199, 0.5007397890861632, 277.3362243934208, 0.4757298681357855, 0.7061414703184351]",'MixerSettler' object has no attribute '_inlet_cost'
"[33, 0.18182394875324684, 0.5631911874117744, 0.4373273788879803, 0.4168991784776051, 327.40616841847134, 0.9339695807490696, 0.5851307779128682]",'MultiStageMixerSettlers' object has no attribute '_inlet_cost'
"[37, 0.028153892297616456, 0.8488678650072556, 0.12887934422509642, 0.7656477177001707, 302.02120286722914, 0.09141873076440268, 0.3860395969856748]",'HXutility' object has no attribute '_inlet_cost'
"[28, 0.1344860504355639, 0.464957348134522, 0.48398554352669565, 0.793474708179097, 338.7308714955748, 0.7220862809168048, 0.9619260109598818]",'HXutility' object has no attribute '_inlet_cost'
"[35, 0.9384762392740117, 0.663678507401663, 0.5303301428092366, 0.7534550620725986, 284.42123536818605, 0.85201814049211, 0.0030505601895678284]",'MixerSettler' object has no attribute '_inlet_cost'
"[27, 0.20394616473798277, 0.3238043421642319, 0.8292994797053506, 0.7393721003732566, 304.09335826889037, 0.05845531961874803, 0.9490504931720557]",'ShortcutColumn' object has no attribute '_inlet_cost'
"[21, 0.48355655686804633, 0.8559160535895899, 0.6616365110163286, 0.6268929732865993, 323.01964685610653, 0.7257073202421739, 0.06315850090543845]",'ShortcutColumn' object has no attribute '_inlet_cost'
"[16, 0.5157911929751479, 0.21067593494049233, 0.8217530164888782, 0.347366568611715, 292.3757994593201, 0.9600711070622919, 0.12097197189378074]",'MultiStageMixerSettlers' object has no attribute '_inlet_cost'
"[10, 0.6779829418126487, 0.12542198817649072, 0.7257230808918206, 0.21495341931830994, 302.6267745375671, 0.17676755786850007, 0.3659375130082631]",'HXutility' object has no attribute '_inlet_cost'
"[33, 0.6582024233235616, 0.05586623280461029, 0.7791454012644232, 0.8306619216639322, 324.85437019911484, 0.18432296199766357, 0.6086876384665022]",'MESHDistillation' object has no attribute '_inlet_cost'
"[42, 0.3752621143239463, 0.25019081549017513, 0.8887706666296366, 0.6733868300058545, 313.1493024677278, 0.047420966663403216, 0.6229366035319182]",'HXutility' object has no attribute '_inlet_cost'
"[29, 0.10831550385881279, 0.6426104749590883, 0.6259497310085343, 0.3355348750179576, 306.7779165847422, 0.17750192225583, 0.2629191397597784]",'MixerSettler' object has no attribute '_inlet_cost'
"[37, 0.43642408516069714, 0.7094488275842721, 0.5215797184520652, 0.7617991014628327, 282.5682814520608, 0.27150954284760537, 0.9076926622759408]",'HXutility' object has no attribute '_inlet_cost'
"[21, 0.44827797377763967, 0.16556384902751425, 0.7503246593423938, 0.8929957906394288, 341.41053517767426, 0.40646929196260245, 0.8047816835476237]",'ShortcutColumn' object has no attribute '_inlet_cost'
"[26, 0.9016762361451924, 0.2849974299545764, 0.9070517577700176, 0.56597644867737, 291.2345494366985, 0.8023193649528453, 0.10778882800846798]",'ShortcutColumn' object has no attribute '_inlet_cost'
"[36, 0.33497713657532485, 0.2906218653207042, 0.6388350023804432, 0.7170400112080919, 277.82417269868785, 0.6251681624938719, 0.8907709187958932]",'MultiStageMixerSettlers' object has no attribute '_inlet_cost'
"[10, 0.04719770599621797, 0.6957991799823512, 0.9919702366214166, 0.6575507973303587, 287.49143214338363, 0.6479555476522566, 0.14584085851160244]",'MultiStageMixerSettlers' object has no attribute '_inlet_cost'
"[23, 0.12292100921995561, 0.6345426378748624, 0.31064159345926196, 0.9235570003529264, 293.92968439340456, 0.13184671436327086, 0.7938952348049457]",'HXutility' object has no attribute '_inlet_cost'
"[37, 0.2661091596819847, 0.561778131699303, 0.2243232250882425, 0.7488855394098087, 343.0134364448015, 0.20295246118185603, 0.07817128577989357]",'ShortcutColumn' object has no attribute '_inlet_cost'
"[30, 0.7537961794034371, 0.6097260423965012, 0.5704684949839873, 0.8263222919320119, 336.1296193192158, 0.06587149733664317, 0.2343178591700762]",'HXutility' object has no attribute '_inlet_cost'
"[11, 0.7308624150367947, 0.9250198166150193, 0.8496936471133113, 0.19175676920344434, 316.0285830947868, 0.26957589871737864, 0.5216370825928895]",'ShortcutColumn' object has no attribute '_inlet_cost'
"[42, 0.34604554745429716, 0.11051197260411627, 0.9794718690984652, 0.6253144734411353, 283.4369497220729, 0.9432861403268187, 0.35589419580743736]",'ShortcutColumn' object has no attribute '_inlet_cost'
"[39, 0.7711313601257583, 0.11506078225185332, 0.3065139090039151, 0.43126749957445465, 282.32453321550037, 0.08934166030676045, 0.2666980530099125]",'MESHDistillation' object has no attribute '_inlet_cost'
"[37, 0.29500652355851265, 0.29659283645935347, 0.4369151210352639, 0.9315705944079923, 279.2148815064357, 0.0998323576362427, 0.9931314551949816]",'HXutility' object has no attribute '_inlet_cost'
"[26, 0.2853448520219502, 0.4219411539393997, 0.48808322029637224, 0.32651389063935987, 331.3731360618009, 0.8239106319089938, 0.18136552442286483]",'MixerSettler' object has no attribute '_inlet_cost'
"[41, 0.7225873363310731, 0.06323479999367224, 0.5458033115393177, 0.6243455769379361, 280.7740744292162, 0.9182998344088816, 0.9102483771702793]",'ShortcutColumn' object has no attribute '_inlet_cost'
"[48, 0.13249119923091346, 0.34840906228143614, 0.64946201616155, 0.8073485633107254, 311.8326663628038, 0.04306793235320772, 0.9441111196802048]",'ShortcutColumn' object has no attribute '_inlet_cost'
"[18, 0.8909945047641897, 0.37638957788421756, 0.8053454174041428, 0.9227479060615355, 343.0982916770696, 0.5561266675486594, 0.09981617839274912]",'MultiStageMixerSettlers' object has no attribute '_inlet_cost'
"[37, 0.36891947600488556, 0.1612999485359865, 0.7431318787071877, 0.2941685072656241, 348.5853901697108, 0.43506975439898465, 0.5700483265115922]",'MESHDistillation' object has no attribute '_inlet_cost'
"[33, 0.3684754801195096, 0.343571227603632, 0.886502915580175, 0.35825216232250695, 278.01843000982717, 0.22433651284934084, 0.18594910386158997]",'MESHDistillation' object has no attribute '_inlet_cost'
"[31, 0.034362189571418976, 0.7530644303427984, 0.975240778565762, 0.5396924160737355, 310.9882192947224, 0.9975605752435668, 0.37576914967304453]",'MultiStageMixerSettlers' object has no attribute '_inlet_cost'
"[39, 0.34761930294067184, 0.284436786628351, 0.877061923767483, 0.1567747728550492, 339.98783605946005, 0.976253461798584, 0.6000419579030013]",'MultiStageMixerSettlers' object has no attribute '_inlet_cost'
"[48, 0.3174245282724499, 0.17093323550627046, 0.6559722009368196, 0.8214777591272475, 277.49701123106496, 0.053273898842649506, 0.8555019712742361]",'HXutility' object has no attribute '_inlet_cost'
"[27, 0.987869109603043, 0.3481855959166015, 0.5194547308624294, 0.8383190106704871, 317.9293329571049, 0.7256857988889494, 0.2465279119473534]",'HXutility' object has no attribute '_inlet_cost'
"[44, 0.3330926591037736, 0.20761205376696845, 0.9163342920288681, 0.6723693395802409, 284.1345801515319, 0.7292788080258613, 0.15426255674976314]",'MultiStageMixerSettlers' object has no attribute '_inlet_cost'
"[32, 0.2921648981341688, 0.18142881186594087, 0.7453275054556926, 0.28390331667746643, 316.89512148837474, 0.5297850009643049, 0.6443816199014919]",'MultiStageMixerSettlers' object has no attribute '_inlet_cost'
"[14, 0.020264278427802235, 0.7877848344800857, 0.8936301684160655, 0.9246391491136559, 281.8031493025219, 0.6365573757941628, 0.29319588853204614]",'HXutility' object has no attribute '_inlet_cost'
"[35, 0.5692595518632722, 0.17925736066995504, 0.5706624802307803, 0.37517544426008753, 295.90971487884417, 0.5634176367343884, 0.5678868757550853]",'ShortcutColumn' object has no attribute '_inlet_cost'
"[45, 0.5707449675770592, 0.08365142433108605, 0.482204639501024, 0.43199967235292863, 337.256919677923, 0.5468664660966381, 0.39704227723537555]",'MultiStageMixerSettlers' object has no attribute '_inlet_cost'
"[40, 0.3810225087372486, 0.13344786152740012, 0.24247238565170529, 0.545190587832863, 286.4601665246165, 0.6316480537377801, 0.8660711403498709]",'ShortcutColumn' object has no attribute '_inlet_cost'
