0,1,2,3,4,5,6,7,8,9,10,11,12,13,14,15,16,17,18,19
18,0.5426832708928523,0.617984238427599,0.44196705453912233,0.9182762571227937,301.0146350835505,0.13962607643907954,0.5329112899298039,1.3943,1.6854,0.07834795512330778,1.0021249058051713,0.01380670611439842,7,5,0.15899991989135742,2.3733,1.7665,0.14962657116805322,10.221997022628784
41,0.9634064717784645,0.6518719607534927,0.5404403298266383,0.8710347577545768,328.5863435498903,0.3287305826217085,0.48426864561563115,1.6687,1.7996,0.37966127739229616,7.989834379648669,0.013806706114398421,16,10,0.20398736000061035,1.6935,1.8261,0.5663850317487171,6.2109997272491455
32,0.16957615554317299,0.8007222678325836,0.9048506066069999,0.713610846142237,301.58212055892096,0.30060295028412837,0.9756832119314803,1.4518,0.6243,0.22811467301222793,0.2190721208231608,0.01380670611439842,4,3,0.11901259422302246,5.9769,0.8515,0.4074834927350166,44.012001752853394
41,0.7826007122320313,0.9608451346718895,0.3361360102913816,0.563489231053774,318.91203802446086,0.8416337985070835,0.44776245498241674,1.5879,2.054,0.07038550449976494,1.5071826226963694,0.2546325895611732,8,7,0.1749875545501709,1.5421,2.1078,0.14092784441778827,4.198011875152588
44,0.5446665659456925,0.5889902538525149,0.2622172791018245,0.6653145660207589,320.2592651114558,0.9042136698980313,0.46853133037452926,1.4768,1.8429,0.0492905881106893,1.0500860394454252,0.013806706114398418,6,5,0.18199825286865234,1.4136,1.8818,0.11916231430776561,3.0280001163482666
15,0.514946655657902,0.6984156989480947,0.4970951592276384,0.7732814591328259,337.87856175730553,0.5523624826302652,0.8956173875316491,1.2884,0.5912,0.07721923750213472,0.8575632631784055,0.013806706114398421,8,6,0.11301302909851074,1.5435,0.5993,0.14466254973170753,6.881012678146362
44,0.6366980116193145,0.3847562590662483,0.7074416979348204,0.7079764319806247,293.379997258599,0.7945945020935173,0.660274157778335,1.4694,1.3578,0.11430900367575127,1.731445012449277,0.013806706114398421,5,4,0.15301227569580078,1.7318,1.4435,0.31484335835816746,3.549001455307007
11,0.9312460197443926,0.8318086318503239,0.4072003791538079,0.3440635190921211,339.4649559931466,0.5107388476929514,0.041127766652876444,4.7301,24.2415,0.0893561915973718,3.731212527075357,0.013806706114398423,17,12,1.2219958305358887,5.3478,28.5511,0.25742016481475416,11.906012535095215
43,0.9821467678445313,0.6891220921661196,0.3446858744817792,0.8281398225202958,342.10700068598567,0.5009487731294011,0.3834808943739284,1.9416,2.3583,0.49588511038601263,13.047815952314384,0.013806706114398416,20,11,0.21500015258789062,1.8608,2.4312,0.7196828750990982,15.68698763847351
38,0.4091531424269275,0.9090002581084831,0.9838378004302841,0.11240534736068744,295.80377859389347,0.9941235338853773,0.6961719190183041,1.7039,1.3269,0.34807227223249065,0.4336174712198894,0.013806706114398421,11,9,0.1769866943359375,2.0692,1.5248,0.9988666156908185,125.0399878025055
47,0.4557446295632714,0.27767121755945784,0.8601805645564119,0.7420467209772272,287.4204138573053,0.9836686089490277,0.9918847951099405,1.4439,0.7929,0.13284760936558015,1.172145931760459,0.013806706114398421,2,2,0.1890089511871338,1.5937,0.4697,0.4196610379013947,45.79599928855896
31,0.9040993762577948,0.6326802153429165,0.7146478467780456,0.46730351348611465,307.6000181709039,0.8488789017466706,0.32626644620549106,1.9248,3.3553,0.2291282755605464,4.069119730933753,0.013806706114398421,13,8,0.2709996700286865,1.8569,3.4269,0.5336706802120148,6.763998985290527
37,0.7060465485929319,0.8272002026082489,0.9056138319945383,0.21793752891495122,323.64858666853036,0.11237204380880228,0.7955180350613542,1.4033,0.8474,0.1888132978273269,1.2959200406836322,0.01380670611439842,12,9,0.159987211227417,1.9622,0.8562,0.7286971483717136,9.957001209259033
35,0.1930769007398248,0.8712004032353511,0.8588794911383082,0.2016027900675067,291.44953831814377,0.7191838111536457,0.672902467453118,1.4218,1.3161,0.07336813789776389,0.21272872896403697,0.01380670611439842,6,5,0.14800000190734863,1.3577,1.5183,0.31266215854002233,6.1659996509552
34,0.21383923242429173,0.6414018906093473,0.5987907933501333,0.9046614516150024,327.26196076721044,0.6277978089337477,0.32973250799719367,1.7057,2.9125,0.07974815062409135,0.33637122731387126,0.013806706114398418,3,3,0.2180006504058838,1.6768,2.9421,0.1514910965610638,4.227999448776245
38,0.7534902333284814,0.49628297641252433,0.4908945472984297,0.5456355948142445,314.6752087183532,0.5866863731050794,0.1760729812652458,2.4399,6.0424,0.0779762868529938,2.2730852111793287,0.01380670611439842,8,6,0.3209874629974365,2.4352,6.3589,0.22834805392150154,13.980999946594238
47,0.9515403751104358,0.24127059494553604,0.3041069208816501,0.8782239260167224,323.20771948505154,0.9474921018697061,0.6777302156545166,1.5025,1.1878,0.1859553073282727,11.50302284487393,0.013806706114398421,10,6,0.20100045204162598,1.4502,1.1945,0.6510406311094724,8.711998224258423
15,0.3931367802094198,0.5075508313825803,0.3817851634155886,0.8144997398222984,292.39744983488407,0.7622630120327705,0.2773305402812271,1.8551,3.9662,0.0491702640942043,0.7374110133660225,0.01380670611439842,4,3,0.2430121898651123,3.0131,4.1319,0.11652008650987714,7.08801531791687
35,0.9012060571176733,0.5129309737821741,0.747201182615118,0.601999134420364,305.9011353238494,0.6680302053043305,0.868974629128138,1.4913,0.8242,0.24907484147700265,4.595481211022518,0.013806706114398418,11,7,0.09398746490478516,1.3981,0.8836,0.6337681604103039,10.220022439956665
47,0.24285393293627813,0.7376655519178109,0.8650630510792782,0.869501057555088,320.8001538743369,0.9143732178018915,0.22132497131692164,2.1559,4.7003,0.2335194611662531,0.3342619223604444,0.01380670611439842,5,4,0.2720162868499756,2.8569,4.9585,0.35103235612345757,19.98200011253357
38,0.9187819296630878,0.467184670103754,0.7303771714939195,0.5783325635233928,278.30609539131314,0.6169894326991345,0.15463670024111548,2.6854,8.3418,0.24206540057785303,5.397497865073986,0.01380670611439842,12,7,0.3219928741455078,2.6552,9.0229,0.6816396830557921,49.90800094604492
28,0.8843835868436726,0.74898878047173,0.5222801443483919,0.40167374867445804,286.08546087678474,0.6707574337407876,0.7110791138654282,1.4263,1.2754,0.10887537912553681,2.888886311666704,0.013806706114398421,14,9,0.1510000228881836,1.3965,1.355,0.2797102280705619,7.12899923324585
45,0.3692246055231948,0.7813123623725956,0.30076266034100063,0.504666730301342,292.5609809865565,0.08731838859952737,0.8560875066528141,1.0657,0.6501,0.034204466078462954,0.4843452620724225,0.013806706114398421,7,6,0.09601736068725586,0.9265,0.73,0.0965772315559648,66.59299492835999
31,0.9236554723767493,0.11920243409535256,0.3695854836020804,0.4491766728831754,283.5885239615422,0.2676859679251107,0.39506008996400316,1.4944,2.9193,0.047520762666940414,10.574730174531227,0.01380670611439842,6,4,0.15698671340942383,1.4424,2.9997,0.6338589626417398,2.569000005722046
42,0.8163160605477533,0.5464191644993648,0.3555855408422452,0.533187107840165,301.4994378176369,0.35681931735216504,0.23183129793546606,1.8795,4.7772,0.07264690258272176,2.731876672358988,0.013806706114398416,10,7,0.21300053596496582,1.9124,5.0598,0.21525160521430287,215.2669997215271
41,0.13076599427228708,0.8331040264437485,0.8951672160199028,0.9874247758554664,273.3581442111432,0.4093444439815119,0.6877301090972974,1.4656,1.508,0.2625404814206708,0.16650998325132693,0.01380670611439842,4,3,0.12099981307983398,8.9089,1.7974,0.33221005126441017,7.515000820159912
46,0.9534053166244008,0.656184686655952,0.4611835974979174,0.44263019260888703,332.74144908363417,0.7072594665698952,0.6991236780145238,1.4243,1.0726,0.2129462926617554,6.926873572867958,0.013806706114398421,16,10,0.17600250244140625,1.4054,1.0797,0.538802701135719,2.8519983291625977
46,0.04886549952240169,0.8811477592870979,0.8657416067430136,0.986244471962364,289.1810311647019,0.7157937168097828,0.9954049425835869,1.2641,0.8272,0.19294478831142353,0.07062370204972487,0.01380670611439842,2,2,0.08699989318847656,1.4202,0.4176,0.28073538585596036,21.936001777648926
41,0.7146778798121401,0.8066467131042625,0.9016274609250942,0.8574577999328268,296.63391676606597,0.7141634214593577,0.8728425927738334,1.4902,0.8631,0.3831908143652545,1.2931184827412139,0.01380670611439842,12,9,0.10199999809265137,1.7711,0.982,0.5446755800428169,58.87901020050049
35,0.4835550108964783,0.9930709101183107,0.9426481923370011,0.6892349745433689,304.2080123969481,0.4293608936773306,0.22923841814164386,2.3779,4.8768,0.40680799320675465,0.49100910979852275,0.283156657040498,8,8,0.2260122299194336,7.3162,5.4812,0.4865092267976846,158.5239999294281
36,0.5969366476340926,0.7892651164335971,0.9781754049638507,0.7923664877440297,289.25869236164317,0.9140586969078139,0.7289576051749606,1.6012,1.2248,0.7013792559799558,0.9241037188374344,0.013806706114398421,10,8,0.14299964904785156,1.4839,1.3791,0.8763902941506582,20.85001254081726
27,0.8090212898857397,0.14010852724054693,0.09858771330978479,0.9001336610393323,320.6670985165365,0.9206679532803472,0.14667912666299832,2.6969,7.4376,0.04230123868043957,4.7178039587992755,0.013806706114398421,4,3,0.46199989318847656,2.8074,7.7715,0.23729671598552995,11.045999526977539
18,0.5663542252807631,0.4595834763220504,0.6314861317170062,0.8476906827637434,323.7229821651982,0.8444129613887351,0.918010712076746,1.3323,0.6518,0.09829867820415425,1.2882334908394586,0.013806706114398421,5,4,0.11901259422302246,1.338,0.6568,0.22117448584060564,9.192999839782715
20,0.075363013487261,0.8572964995909471,0.5935027052966391,0.4950970790166112,347.55345852357664,0.5257628808919752,0.37567854437671483,1.4476,2.2449,0.05000311406492736,0.10032349618205369,0.01380670611439842,3,3,0.2010035514831543,1.4499,2.33,0.11652625293421283,3.243011474609375
26,0.18370068159077077,0.88270998437916,0.47771576628836815,0.9755665460441835,339.4135984906965,0.6045925106762282,0.5567923813772326,1.3756,1.4,0.0729035233044192,0.19991313176781128,0.013806706114398421,6,5,0.13299918174743652,1.5303,1.3736,0.12379160153076149,4.953000545501709
24,0.26627056363548457,0.7933480438804733,0.7811970866047937,0.9218377859660672,339.09763232300924,0.4317598227687225,0.3701668275968608,1.6383,2.4827,0.16372658441068064,0.33897274049512377,0.01380670611439842,6,5,0.17599868774414062,2.5946,2.5156,0.24059822238339376,19.985999822616577
47,0.2582578496339688,0.5220509122639537,0.948848874164486,0.5991475345616248,288.17954305628837,0.2337446094478803,0.9560628965594998,1.4105,0.7089,0.29137578555553934,0.4710651806335968,0.01380670611439842,2,2,0.15900039672851562,0.9954,0.3786,0.7821680890019775,40.93899989128113
12,0.2546105145003556,0.9365185961146705,0.5878143214423082,0.4106588362961614,313.8160531614572,0.40251100935931317,0.983677733515593,1.2527,0.4687,0.04780455221437487,0.23545407120518183,0.013806706114398421,10,9,0.2020125389099121,1.221,0.4765,0.12250184896032083,19.09598731994629
39,0.019709897140349805,0.988694275582899,0.8323564748594957,0.16923825269094703,284.9819194554413,0.6998146915147931,0.5642711141239021,1.4085,1.7993,0.04962698372155893,0.01750843066480604,0.01380670611439842,7,6,0.15900063514709473,1.4002,2.1795,0.23457511429945235,4.970998287200928
49,0.84529879820318,0.9270598144244571,0.9391240308149493,0.29547357456129403,290.05679407378375,0.7987712792443008,0.340147788900827,2.1828,3.3565,0.37703584248984473,1.6032077705482561,0.013806706114398421,17,13,0.22998666763305664,1.9982,3.4997,0.9199174876091614,17.198012828826904
35,0.555626872421428,0.21271112722846408,0.8962158117319883,0.7743146009574042,344.8145043399015,0.6790007843283298,0.6696075062669148,1.5737,1.1437,0.19508306560974756,1.6167042176373683,0.01380670611439842,2,2,0.2210068702697754,8.9956,0.7557,0.720385970641149,23.146000146865845
40,0.4825056085675903,0.4530529629768228,0.6412692716130629,0.8867241773866844,298.15621397480004,0.6505055504455723,0.9212433833540984,1.2743,0.7286,0.0906292975067793,1.0168707432315331,0.013806706114398421,4,3,0.10601353645324707,2.0916,0.8321,0.22026946399001296,3.2450027465820312
38,0.7757809282802767,0.5234160157513358,0.8430122182509724,0.686494670512923,318.12579145205075,0.6938589151538807,0.31857213266834744,2.0843,3.1974,0.2886293455300282,2.42009830459644,0.013806706114398418,9,6,0.27199840545654297,2.0571,3.2377,0.5811961517530745,25.810986757278442
40,0.9164133215541109,0.8549608829990802,0.9303637950534416,0.40866818767493557,298.3999041703038,0.19216671260233126,0.3151071414868758,2.091,3.5533,0.49884543493387895,3.0294861501620227,0.01380670611439842,17,12,0.21499085426330566,1.939,3.6682,0.9481308405126935,54.581000328063965
26,0.7977622134487479,0.9344583934045714,0.31209985482299374,0.6011682355307334,293.45091217388347,0.4675262437065954,0.2853089653881004,2.0276,3.8554,0.0696854680985108,1.2717915952757768,0.013806706114398425,17,14,0.2270030975341797,1.8878,3.9828,0.13324155595558926,5.799994230270386
16,0.21135582139471343,0.609280639610373,0.7167304113082757,0.5659904864237069,323.83017253167384,0.9862539818711559,0.6721351289589482,1.4134,1.1468,0.07800996389965428,0.34498970827926645,0.013806706114398423,2,2,0.15298748016357422,1.0747,0.8472,0.20055699475086938,10.615000009536743
21,0.8002727637871228,0.42732292891813944,0.8559229355384647,0.6422870491917722,288.9198228513615,0.19226985825009332,0.3503956266841949,1.8418,3.1081,0.26407833948952975,2.9209439790922973,0.01380670611439842,8,5,0.17999958992004395,1.7742,3.3021,0.7251534899923974,47.73200035095215
41,0.020386983943455495,0.9754804116947767,0.3902656374766824,0.6099356734469423,333.25765264365594,0.4261452489788995,0.11680793267106818,2.4045,8.3024,0.03524195748233585,0.022263151090084737,0.013806706114398421,4,4,0.372999906539917,2.4539,9.1498,0.08330806707776565,359.7169997692108
17,0.9392034137191013,0.992237831952003,0.9046112376873369,0.8273564320618155,296.6651097013709,0.1507313841160351,0.33232767380408246,2.4595,3.3242,0.460582789331155,1.6193015304791492,0.01380670611439842,27,23,0.17801284790039062,2.2944,3.468,0.5507354333412716,70.71298956871033
40,0.6335711537640594,0.4205388186879381,0.4195056300447838,0.9678756325691216,293.84213004337266,0.9471562537570027,0.7688625406578716,1.373,1.0549,0.07960030291122011,1.6432562029100182,0.01380670611439842,6,4,0.1569981575012207,3.4471,1.1171,0.1964078890544462,11.80699896812439
35,0.6353607652341168,0.33435608771843145,0.7656076754653667,0.2753084871538298,275.0041950909658,0.9504513452668507,0.1053029324625558,3.3659,12.8444,0.05537791441300021,1.8371907101615663,0.013806706114398418,4,3,0.4700045585632324,3.6195,13.8437,0.3976745178159769,10.547998428344727
11,0.3669732740158259,0.4836424904838127,0.14966270724197475,0.7457176473005154,311.11593936514765,0.49007462300738097,0.6699229859424463,1.0829,1.0289,0.031130948931631357,0.6970277607624898,0.013806706114398421,3,3,0.18200016021728516,1.0517,1.059,0.08906607195861753,0.4179997444152832
31,0.8403268374713897,0.7718902606273517,0.30990360790933386,0.9504637380257869,334.62550804948404,0.8862389586651159,0.2746393763472382,2.0397,3.607,0.13964504180932505,2.3955249948789192,0.013806706114398423,13,10,0.27201151847839355,2.7277,3.7124,0.18939174706681028,8.37899923324585
40,0.9593425846294623,0.6087714077350352,0.5274426600730667,0.24444513128768397,309.1778832917897,0.01665495783477267,0.35720470620882433,1.4141,2.8862,0.13568749829422136,7.508979728207206,0.013806706114398418,16,9,0.18199682235717773,1.3387,3.0313,0.5345550601907845,3.907012462615967
22,0.4181552435308146,0.441445668859566,0.14859891160982083,0.718778149636595,322.058053886423,0.833275310375495,0.2995813619293036,1.669,3.1761,0.030888153994848597,0.8492020428992663,0.013806706114398425,3,3,0.27300000190734863,1.5986,3.2533,0.09791459293380249,0.7960152626037598
43,0.1665246136558291,0.9847539661522231,0.7894251624470392,0.6639235556027181,338.9642978753613,0.24890973421871473,0.5597241472490915,1.4289,1.3872,0.13040398268564907,0.14558714954228516,0.15518376036827722,6,6,0.16898727416992188,2.475,1.4507,0.19095108575016714,12.540000200271606
13,0.6013004071958901,0.3930018350898645,0.2742068806249871,0.9429858954450749,279.68729887380636,0.6139860969701267,0.37422561120697356,1.6297,2.9811,0.05454289452580945,1.5399078554561372,0.013806706114398423,5,4,0.1660001277923584,1.7421,3.1339,0.14122556110196666,7.735985994338989
17,0.7211872034842083,0.8361000652447672,0.7567595453495117,0.7379207075869941,325.11535924868423,0.19100966846041317,0.49270646651818756,1.6906,1.7374,0.20241644194686947,1.3240231282822665,0.01380670611439842,12,9,0.17701268196105957,2.6865,1.758,0.29031910830524665,11.187000513076782
24,0.6232697470422847,0.45617915075193144,0.6947138971087288,0.576571085338624,295.74559336851274,0.9986149548596468,0.8700277499562742,1.6667,0.868,0.09300330104157455,1.5282582296357774,0.013806706114398421,6,4,0.09800100326538086,3.1613,0.9592,0.2806339255440216,8.912000179290771
33,0.9005613428628201,0.3292117503867216,0.7786559659819355,0.5318432524301778,301.9986978449913,0.6419344559413308,0.6267872072027523,1.4907,1.4483,0.23228022338455254,5.831621669672013,0.013806706114398423,9,5,0.18098831176757812,1.8505,1.4855,0.8422777669852647,13.67701244354248
29,0.7713074311294199,0.5542907383733031,0.5822770097236679,0.2902864140102276,301.9882758766787,0.0367898131357296,0.6476617178062831,1.2793,1.3053,0.05848989230856742,2.2532135390995514,0.013806706114398418,9,6,0.15600347518920898,1.2012,1.3688,0.2609633766757626,3.176013946533203
35,0.4990355983594677,0.7904392286672918,0.760880700983405,0.584853836470529,278.99455247416404,0.28429499390852836,0.2293650272297212,2.016,5.4297,0.12274757535435717,0.6948201679415686,0.013806706114398427,9,7,0.21100211143493652,2.7748,5.9272,0.24771059098825032,30.17199730873108
41,0.7388468633360269,0.32143979233728764,0.6905261270779828,0.9123776205837287,292.5196735833186,0.8726431123948668,0.6508278530929541,1.4501,1.4352,0.15031270831188276,2.63699683615714,0.013806706114398421,6,4,0.16798806190490723,2.8449,1.4925,0.3989965264432697,2.666987419128418
13,0.9087832033007446,0.2908577830045495,0.5868954115598841,0.9707286582221353,278.39065557383833,0.7145380197515024,0.7831489955114976,1.424,1.1627,0.19435399442048878,6.420407190515385,0.01380670611439842,9,5,0.09702134132385254,2.1728,1.2241,0.6065685857713855,2.696014881134033
25,0.3196970734476334,0.5426646173416406,0.9530415598824352,0.914499728100826,294.27593467657715,0.36231721591478894,0.22660438139051714,1.9882,5.1227,0.43187446108799354,0.5640804222816631,0.013806706114398421,3,3,0.2069993019104004,4.024,5.529,0.6652557207620549,10.794998407363892
43,0.2582336431417272,0.7808538753891536,0.5501176731589432,0.7511586137964672,306.97767417308467,0.8385139770631954,0.20614793343181487,2.2303,5.403,0.0709305630548376,0.33279110913477666,0.013806706114398421,6,5,0.2709996700286865,2.341,5.6888,0.12684370236074802,8.348000049591064
13,0.8176310855012755,0.09492597517896322,0.13371957278623833,0.6927209916419119,295.5695741570426,0.05857841249278496,0.35075851715083456,1.3216,3.0091,0.023520841953433933,5.548678855821921,0.013806706114398421,3,2,0.20099973678588867,1.0888,2.8517,0.1845210476218932,1.0879888534545898
18,0.4067832309284957,0.6045195349637238,0.4597095743015899,0.30484127173296155,282.70404769554534,0.1082967528413877,0.5998114469416228,1.1105,1.5274,0.02563119037243695,0.6859619155288826,0.01380670611439842,5,4,0.1629953384399414,1.0134,1.6658,0.11948552468005559,0.9959983825683594
19,0.6636727990682412,0.3627651449218301,0.6571971631484764,0.6560749496653696,340.7467947028689,0.5173395536896639,0.4069338778395348,1.5847,2.1953,0.09750242148429285,1.9444013732057768,0.013806706114398418,5,4,0.21698760986328125,3.4332,2.2317,0.29279948336797645,10.720011234283447
41,0.43811331066462494,0.44159635609587156,0.8285089987212318,0.6824392853228971,285.08311828005367,0.09454464656480442,0.7298814640333151,1.4172,1.2149,0.1370427087580448,0.9096233099837328,0.013806706114398423,3,2,0.14901089668273926,3.0471,0.9145,0.29718309669522647,14.700012445449829
24,0.7205153936839824,0.6833272118252431,0.9540836159272621,0.3177617336427928,340.9450663542876,0.5692997213356397,0.9971614573103512,1.3519,0.621,0.39689252408261144,1.7033257570292242,0.01380670611439842,10,7,0.1230010986328125,1.3559,0.6391,0.9884895793151872,32.825998306274414
28,0.2926735904981455,0.8953845426033838,0.7672479023879942,0.6874280726910031,325.0669861873255,0.9344557565027182,0.12295770972501446,3.1366,8.5895,0.1407403390957125,0.3104818012470134,0.01380670611439842,9,8,0.3750126361846924,4.6575,9.3286,0.2069037182373608,22.829010486602783
30,0.3142991044305967,0.8275806489745194,0.7024213113439057,0.992860087816012,290.82673172707797,0.5439441261643302,0.589481392458174,1.5272,1.6201,0.13170371822088392,0.3739192480730406,0.013806706114398418,7,6,0.15301275253295898,4.2788,1.7327,0.2188428225498814,7.134998083114624
11,0.5465787090063102,0.5966498868532621,0.5347059944512308,0.7735036694309508,298.0768572696604,0.2545488750980993,0.18510976449248173,2.1341,6.2475,0.07864751006800945,1.0382095544596495,0.01380670611439842,7,5,0.3130006790161133,4.5768,6.5861,0.1604248544774164,12.794988632202148
24,0.5523159068028104,0.6221749534543235,0.6752956266569753,0.4436962962146692,309.6381798726855,0.5333855708200085,0.7734415963725675,1.3276,0.9486,0.07913757995390704,1.0321898234346372,0.01380670611439842,7,5,0.1640031337738037,1.356,1.0462,0.22312948237567198,4.724000930786133
19,0.1509873242987244,0.7204307186772225,0.4010716818879692,0.523929568710435,287.8837670510796,0.6767226970805403,0.11876085895863281,2.7725,9.6427,0.029953991932189134,0.22801995826464191,0.01380670611439842,3,3,0.3470032215118408,2.8372,10.6471,0.09314189535954132,277.0989842414856
13,0.012233852545523588,0.9875981861183772,0.891575092001967,0.7810276875502986,318.54960622709865,0.05443089541239145,0.7777792630762781,1.3846,0.8457,0.22042826782665487,0.012605646865073535,0.013806706114398421,5,5,0.10100007057189941,7.833,0.8589,0.30889084610656403,38.01100158691406
17,0.592961376042407,0.23859553442009077,0.5779248302610137,0.8110757624188396,325.7927082044987,0.3306298299490229,0.32539579084898546,1.7536,2.9814,0.06153743212803281,1.8008491544085379,0.013806706114398421,3,2,0.2259979248046875,1.4409,2.7217,0.22075663022999473,18.89998722076416
46,0.8811831332914859,0.17030912920844177,0.8404941326153827,0.22969929433399647,280.1371618607675,0.854386754612624,0.9597360634391833,1.4275,0.8525,0.08578029312978583,6.622991957429149,0.013806706114398421,6,4,0.17499995231628418,1.3398,0.9301,0.9231584417613196,8.551999568939209
33,0.5382904750144792,0.5610842091454997,0.4527748980976576,0.8073996206018543,335.70700999805587,0.44536852591679993,0.37486136626216043,1.6328,2.3517,0.07277685978723575,1.066603462876511,0.01380670611439842,6,5,0.18197989463806152,1.763,2.4453,0.1501047214691026,12.580011129379272
36,0.9208732215338651,0.6187041987509558,0.7761662898856722,0.7890202175897773,304.7773965537466,0.6323131202738546,0.10309911069816796,3.3512,11.3574,0.37718426992640164,4.666022032196723,0.013806706114398421,13,8,0.3850128650665283,6.3809,12.3233,0.5960386508284353,31.85800004005432
17,0.11702728203855152,0.8674558056752593,0.31082870252521566,0.8604561964290397,341.1214731086107,0.5128870713824273,0.6997138706727846,1.1822,0.8211,0.045849038390910944,0.13968383494276126,0.013806706114398423,4,4,0.1399998664855957,1.4251,0.8312,0.08124880868546008,10.992998600006104
17,0.7206036353529555,0.826399647627413,0.6946681554158263,0.9476789435989158,295.99357351452454,0.5074367671932039,0.6672555538842591,1.4835,1.3042,0.18650944271025469,1.2735645550586447,0.013806706114398421,12,9,0.13001704216003418,2.4949,1.3867,0.26958383398319075,4.534997224807739
46,0.9583982281224502,0.9622696956985947,0.2076267088009832,0.8446966169537431,332.76246442208884,0.04884465301880868,0.4826976789637369,1.8498,1.7238,0.15207149529453948,3.379722835767651,0.013806706114398423,24,19,0.17301273345947266,1.7912,1.7572,0.20290572961439196,7.1650002002716064
31,0.4060064717032414,0.716273103449848,0.1581375826634559,0.7761968233356054,296.1512292229612,0.28469746430506315,0.2957793363331825,1.5043,3.4929,0.03885688871011013,0.5950811406991116,0.01380670611439842,6,5,0.21001219749450684,1.4819,3.6,0.08982211671586039,2.455986976623535
16,0.8010511904664552,0.09227464357903294,0.2305943518716756,0.5602050995867947,349.91177882816754,0.4711048594605006,0.6891526186197993,1.081,1.0391,0.022828589965445772,4.933522006749757,0.013806706114398423,2,2,0.19201254844665527,0.7963,0.6781,0.1979011715061293,0.7749993801116943
24,0.6158311640979431,0.29633136327636606,0.7787593115173614,0.12432554559759293,347.684882565187,0.6127917307223564,0.8814008030049962,1.136,0.6967,0.02574735914872891,1.778089907755337,0.013806706114398421,4,3,0.24298715591430664,1.0514,0.6729,0.3667453201331894,1.0679998397827148
32,0.891464577711636,0.45242406428984683,0.284094111352473,0.5194745766160281,330.7156637124622,0.44441136407781184,0.37534726395540563,1.5786,2.4448,0.09205154600311538,4.8014017863386504,0.013806706114398423,11,7,0.2109999656677246,1.5138,2.5253,0.2891320578267094,3.1499998569488525
11,0.9539129751761026,0.5899925528080838,0.6265516931796041,0.5511450726839916,302.6147142141142,0.8484965137870676,0.5491748607298543,1.6624,1.7568,0.2972302363091985,7.011308477512974,0.013806706114398421,15,9,0.16699981689453125,1.7695,1.7817,0.6361251304978394,9.795000076293945
43,0.5704451975837339,0.42535310954688066,0.6523810067501852,0.20900061567327557,288.87348149101973,0.14443608484495526,0.42653045785439553,1.4049,2.4298,0.02841075204907576,1.3531960563252838,0.013806706114398423,5,4,0.17099928855895996,1.279,2.5583,0.23129551397796677,2.577017068862915
32,0.880632749696342,0.40237775633786854,0.8712117822310825,0.612414287186793,288.2854806060361,0.02017217180491513,0.19132527723271678,1.8506,6.4126,0.32763761051306173,4.528357079500713,0.013806706114398416,10,6,0.2949833869934082,1.8012,6.6882,0.9295741008500051,62.467005491256714
10,0.7685408531855906,0.5579710139709648,0.4971684204818961,0.7527254366117756,297.1103870407979,0.5571331738833784,0.8955002260672694,1.4009,0.7457,0.10396181482014183,2.202658615808979,0.013806706114398421,9,6,0.09901189804077148,1.6066,0.8011,0.21185492080850638,2.9600000381469727
40,0.1964404735395341,0.7824813586099411,0.5662948118802832,0.5282618012582977,343.14819974505735,0.8253639823681724,0.8176554145974084,1.2094,0.709,0.05261687361403242,0.2561414411558425,0.013806706114398418,4,3,0.1379995346069336,1.8257,0.7218,0.12309485135669491,2.556999921798706
18,0.6580903365287082,0.34954839501549817,0.2330634380052649,0.6717728031942164,311.4344830931681,0.8133816662245771,0.39110437823180283,1.5296,2.4916,0.043167892371843236,1.933885063143755,0.013806706114398423,5,4,0.167999267578125,1.5275,2.582,0.15031526343433033,1.0969884395599365
35,0.6580583457244044,0.7755273720983014,0.8323169753050381,0.17868948095239914,341.6129157836591,0.9350208168135735,0.8563562765882516,1.3474,0.7658,0.09203262335878983,1.2412896818229047,0.01380670611439842,11,8,0.17599749565124512,1.4232,0.762,0.4404118397298711,15.7239990234375
41,0.2758202519108998,0.8377837635735036,0.6695806558784326,0.41781607681905913,300.4152827558503,0.25787504135992667,0.6669272265870378,1.327,1.1896,0.060661539501628,0.322176535334106,0.01380670611439842,7,6,0.15700054168701172,1.2544,1.3479,0.16011615639333027,3.658987283706665
24,0.39020996059311547,0.9888056952830401,0.4905124046889817,0.6994608544471106,331.91035093980634,0.463554446739712,0.2489345718809284,1.8184,3.8676,0.06557042856113132,0.394363169691787,0.25937557380520687,7,7,0.2740013599395752,1.9047,4.0574,0.10807550560381388,6.409983158111572
18,0.3311101255829215,0.842271821972402,0.8939606439111737,0.9793960988787124,295.7866281837168,0.3588371631275992,0.17999562013235818,2.3588,6.6302,0.3081438502898945,0.386154550216985,0.013806706114398421,8,7,0.25501251220703125,3.4683,7.0711,0.34955482953851735,94.54200005531311
10,0.5401528394638336,0.46309089276444365,0.4874434986854008,0.8407266443298032,291.4011318955388,0.8706121314024168,0.9001590159536342,1.3899,0.7543,0.06766613457351123,1.1866404751280064,0.01380670611439842,5,4,0.09099984169006348,5.023,0.8266,0.1583876412483767,1.4879872798919678
23,0.21276799386526632,0.7753394880965307,0.9355790616065145,0.9268876216493797,334.7913653812622,0.3832602307846776,0.8471016554961237,1.2933,0.8147,0.367405236602601,0.27895315046269914,0.01380670611439842,5,4,0.13298773765563965,2.2573,0.7457,0.5482996519190885,5.895999908447266
13,0.9890593164515619,0.10895944928192024,0.76850597908935,0.10195547863950001,324.3724750212401,0.7550108758142221,0.5491718317849436,1.5131,1.6136,0.14277360087615346,42.715422900567226,0.013806706114398418,12,5,0.1919872760772705,1.4627,1.6107,0.9999635742679341,4.283985137939453
24,0.45566318224787683,0.989758738155601,0.9428444811435482,0.3888926398665923,332.14860893506614,0.7413150098205752,0.9786274531066441,1.4233,0.6171,0.2919190180948132,0.5108256871856863,0.26750199407630204,8,8,0.23700404167175293,3.5804,0.7295,0.6200724502769799,14.70199990272522
15,0.4861055712167204,0.25989586314813884,0.7529174661274829,0.927306845439034,339.6041395471566,0.663430123629544,0.6076497606174108,1.3461,1.3437,0.1082497222176694,1.246935766181712,0.013806706114398421,2,2,0.19600749015808105,1.7435,0.9445,0.35691200447108673,6.383996248245239
22,0.6050472174015421,0.7664378598043436,0.8687664033335615,0.9677571713467349,295.92391324516757,0.7166672795264836,0.10460742346072438,3.4594,11.5076,0.3255858929293221,0.9882280447394596,0.01380670611439842,10,8,0.41498804092407227,4.3821,12.5332,0.38624345520326875,7.301000118255615
12,0.5260054925664805,0.6324295183779117,0.3383106674517868,0.5292344873079823,317.3474454852666,0.6626674049287683,0.671027508795912,1.3222,1.0586,0.04469796477713851,0.9461635105993027,0.013806706114398423,7,5,0.15098834037780762,1.2395,1.0664,0.11925180448385482,1.076000690460205
22,0.2417422295995131,0.5395256089581327,0.49479074997587885,0.6458111511306242,324.780833615635,0.05029972712319991,0.2910399699360294,1.3871,3.2517,0.0402646060787994,0.4266532424728971,0.01380670611439842,2,2,0.24900174140930176,1.1673,3.1496,0.10966428296718578,143.81198692321777
19,0.3396548087313605,0.5824056052279186,0.39723644502668604,0.7642222302767202,305.50804609268295,0.9286134574744197,0.28348939333284023,1.8481,3.7431,0.0508341449355264,0.5723890246264859,0.01380670611439842,4,3,0.27900123596191406,2.8628,3.9046,0.11149191090571742,6.3480002880096436
12,0.884066030068543,0.3886538283589667,0.629220049726761,0.28818756907824666,318.4223118811217,0.07482990720562717,0.6396511664852323,1.2922,1.2267,0.0886610053201848,4.8795040281321125,0.013806706114398421,10,6,0.19700288772583008,1.2877,1.2237,0.48708406456137265,2.099013090133667
37,0.9523426138412,0.7054387105629619,0.7393453585502641,0.9339120594079059,344.2014572170263,0.7219748699551715,0.9719103183239629,1.4464,0.5755,0.4489333671056478,6.482106296373916,0.013806706114398421,16,11,0.18400001525878906,1.5878,0.5794,0.7316704701840465,3.998999834060669
18,0.6666591713925206,0.5838794627004085,0.928683936390686,0.8619482080036085,307.487833825422,0.8396242348972363,0.014825575249044256,13.5804,56.5591,0.43953442372435647,1.5152536817888198,0.013806706114398423,8,6,1.078012228012085,36.2678,87.9048,0.009304846044316542,11.441999912261963
35,0.9507291580593885,0.47986252497679743,0.3175993594853122,0.4466252894799789,335.2568281278626,0.19416711937848824,0.8547504674053624,1.2236,0.7162,0.14670507115929574,8.257825455101301,0.013806706114398418,13,8,0.1559886932373047,1.1524,0.7221,0.4900155621648887,1.9139997959136963
27,0.3462445545525788,0.38288935624000214,0.47790597309179783,0.3581940449505284,292.9213052072016,0.6428728744982625,0.8550146335934586,1.0736,0.7747,0.021722339022854985,0.738748329070329,0.013806706114398425,2,2,0.11101341247558594,0.844,0.5534,0.12488383000143191,0.989008903503418
30,0.5943341476309064,0.9243789269818975,0.5610369730465792,0.5276661101595109,292.9808811730328,0.40824047105914063,0.27006445935748197,1.8475,4.1397,0.07315928312624108,0.7831451513028698,0.12024070351719283,6,5,0.2349998950958252,1.9093,4.3711,0.15355241753418558,5.950987339019775
44,0.5866180629226004,0.32866327350141067,0.2617743744927517,0.8242866579699833,299.6621260681814,0.7832436987884275,0.5723341046545922,1.3763,1.5475,0.04462751824399777,1.5912271118942931,0.01380670611439842,4,3,0.19500112533569336,1.7644,1.5915,0.14162941779714255,2.7499873638153076
46,0.26095262442369943,0.8407480284013564,0.23263134605615732,0.6491197986552899,335.1374534166108,0.6381373198106023,0.7960967260228703,1.0705,0.6438,0.037180263524763765,0.30508738249430867,0.013806706114398416,7,6,0.1250002384185791,0.9907,0.6653,0.08397410345806591,6.00300407409668
33,0.6695917504999634,0.6178023647351925,0.5806365972451557,0.733454252166898,337.12336824957526,0.43132742439453137,0.12729472758477292,2.6307,8.0693,0.10871516186318475,1.5019454762559372,0.01380670611439842,8,6,0.3989989757537842,3.3994,8.6705,0.2116375148644188,7.7440125942230225
13,0.8666442429858383,0.4942942629760182,0.7928976704169134,0.41462018065188694,323.0094195636261,0.484764435116676,0.36639079243414807,1.8115,2.5915,0.20952118238293355,3.876533669398516,0.013806706114398423,10,7,0.19301247596740723,1.6621,2.6729,0.6859345920203181,28.681999683380127
47,0.10049925946495104,0.957789874419953,0.4826513904925452,0.38789481494844835,298.3160835753749,0.7331299411890819,0.28609601358616765,1.7626,3.667,0.032721090465071934,0.08926889245248508,0.013806706114398418,8,7,0.22800159454345703,1.6697,3.8844,0.09796135637224651,3.080995559692383
33,0.7128106914986516,0.26461481933769837,0.42183606755298236,0.9839765011528911,298.1895663537944,0.15064426948561851,0.969899907956801,1.1477,0.637,0.07068520791679793,2.597520070484217,0.013806706114398421,5,4,0.1740126609802246,1.7878,0.6853,0.2677235936239278,4.289987325668335
10,0.26886955029776255,0.6254107480016317,0.8325279746189008,0.5198585672761962,348.4943871025587,0.3786834055807181,0.7107094028924978,1.3183,0.9735,0.12330803378205898,0.42008493379626605,0.013806706114398421,3,3,0.1960132122039795,2.345,0.9532,0.29656259838912685,4.045000076293945
29,0.9099557357811867,0.15786255764509077,0.33199633852613425,0.9931570148541473,319.3792280439713,0.9780351602403703,0.1971701545817825,2.332,5.5737,0.12108267441549571,8.595147281563158,0.013806706114398421,7,4,0.36999964714050293,2.7348,5.716,0.583575658595038,11.701002597808838
14,0.9722146027330267,0.7483140983982064,0.9456472285877248,0.1939372313483138,328.1831436799323,0.05508079592372631,0.21085971552458338,2.1046,4.7598,0.646836320981635,8.48249537662889,0.01380670611439842,19,11,0.2559990882873535,2.0245,5.1005,0.9999475354329321,14.103012323379517
44,0.3927568778833609,0.950781365898594,0.9287658073376266,0.9444418755356283,334.6750893567944,0.33151323138883515,0.6051262029822815,1.4535,1.3823,0.4062685394438274,0.4221389422794513,0.10673304989334802,6,6,0.14300036430358887,1.375,1.3566,0.5183831006826581,62.964011430740356
35,0.4267989706317229,0.35297866001108646,0.5664002484182586,0.26007600916831153,285.2535243503191,0.7233047381089708,0.5441935703328509,1.3005,1.8585,0.02122289896332692,0.9768226694352063,0.01380670611439842,2,2,0.18200016021728516,1.0094,1.6419,0.15334429726368354,1.4610002040863037
16,0.8089678740074597,0.6763652449151389,0.4299122758424716,0.5729783368325004,293.14829900727403,0.2597939306375087,0.8476006882867113,1.3442,0.8107,0.08765599891786939,2.219958126779151,0.013806706114398421,11,8,0.08900022506713867,1.2896,0.8659,0.19871217768715768,2.067999839782715
18,0.5126907450973789,0.6434205556125743,0.33684554110242365,0.49081957506230844,345.49555166006866,0.409567282204609,0.6559765890951749,1.2197,1.0164,0.04197398031928316,0.9090445087654683,0.01380670611439842,7,5,0.16299915313720703,1.1255,1.0244,0.12013243081360116,1.145000696182251
44,0.14099116964669653,0.7901121382122763,0.9490974721346399,0.06113202203658135,319.5387804342381,0.2878955315822784,0.5676608262833466,1.3971,1.4985,0.06041103223671546,0.18963573256977576,0.013806706114398421,3,3,0.18898749351501465,1.4231,1.4996,0.6432250040871614,4.104000091552734
10,0.615764092420475,0.4709989339161495,0.48038645163127464,0.8819018195711102,328.23223148871006,0.6253799830805045,0.7744814302797209,1.3386,0.8511,0.08549903824177989,1.4806397318692974,0.013806706114398421,6,5,0.16100001335144043,2.3735,0.8506,0.17542037912779845,3.0200002193450928
31,0.6229945486623251,0.9814182726082477,0.6168540409218521,0.7391545972682858,300.51238223769,0.11475922119767544,0.43841720711345716,1.5381,2.2589,0.10312419211570625,0.7896673736891046,0.2712311859385328,8,7,0.1379997730255127,1.5048,2.4763,0.15514590206369164,17.032999753952026
13,0.9322013685795143,0.9923842844097323,0.9109656070345831,0.8698105354902352,321.02550639746585,0.9110962688524257,0.5735930684847365,2.356,1.5259,0.5048942449742099,1.7052271467951923,0.013806706114398421,27,24,0.1600024700164795,1.9251,1.5173,0.5978054253131332,21.305997371673584
30,0.9836268165687112,0.047133677139427274,0.46324550436980844,0.3354808939516339,329.22989954490913,0.6794323815809241,0.3749315246274122,1.6221,2.6156,0.0786194733170709,44.788238572323166,0.013806706114398423,8,4,0.26601266860961914,1.596,2.621,0.9987171106615593,3.564000368118286
28,0.3439017029989493,0.838749103296708,0.608517555057409,0.4678248884617942,275.283450735911,0.9453490536037613,0.2730210946327898,1.9977,4.5556,0.06095522741520775,0.4018288039030448,0.01380670611439842,8,6,0.21500372886657715,1.9437,4.8666,0.14340288009834956,16.87199902534485
11,0.6091003356168534,0.6718374989445148,0.44878301352144134,0.7118131426556673,281.1927355497328,0.4483038842194493,0.5283343374666587,1.4871,1.9013,0.07341672958703324,1.1268562032266671,0.01380670611439842,8,6,0.14801287651062012,1.4246,2.0136,0.14371785452017738,4.023999452590942
31,0.972170102391384,0.38513261326353815,0.9367100595454376,0.7418419358924437,281.6811700350211,0.13897917915053365,0.6914414716118837,1.882,1.3791,0.7745485962902082,12.270826567056451,0.01380670611439842,14,7,0.15299510955810547,3.1063,1.4322,0.9999961015420125,15.07200026512146
23,0.09204058299957887,0.8757203916914245,0.8934219962586538,0.6209672845163059,344.3309423347663,0.6195524828679455,0.6645591793505742,1.4016,1.1076,0.2100486529647865,0.1118534645131202,0.013806706114398421,4,4,0.18000054359436035,7.0278,1.1037,0.35390939132718685,29.110999584197998
32,0.8903245995633918,0.4479781721513576,0.5070654009411567,0.7389122056355798,273.3780657619997,0.6436820165087054,0.37798777563910535,1.7535,3.1368,0.14980356739445927,4.457779771669648,0.013806706114398421,10,6,0.1559891700744629,2.0265,3.2833,0.3617396280553488,5.169994354248047
29,0.7489877659076709,0.5183266241461758,0.27408724174111304,0.8027985341198545,339.04860330951476,0.7384453073897962,0.8425878102385298,1.2355,0.706,0.07848700445310873,2.225331450446275,0.013806706114398418,8,6,0.13200068473815918,1.284,0.7149,0.1699986285652675,5.544012784957886
39,0.7390551242403107,0.42566021118399505,0.985439419431782,0.9395875060608041,338.59195338583925,0.6476442412100945,0.9668871199611843,1.4083,0.6303,0.8086463009661414,2.379708042924897,0.01380670611439842,7,5,0.19598388671875,1.3591,0.6026,0.9582102539888673,148.55298233032227
37,0.28809112381525753,0.6367417017192538,0.30608850284435063,0.8510464910310143,301.2233985445643,0.5526892714306979,0.35887690590438154,1.5898,2.6657,0.04463209079286487,0.45261710982000053,0.013806706114398423,4,3,0.14600157737731934,1.6248,2.8488,0.09689801434211152,5.431015491485596
46,0.8473838805010065,0.17674565241287593,0.5905723081157683,0.24687433709424342,280.72964760041623,0.8967480474571093,0.12697009190495034,2.8363,10.3515,0.034594336380952204,5.346632913149219,0.01380670611439842,5,3,0.3690001964569092,2.8862,11.0859,0.48989923458815404,6.713000535964966
32,0.5803654390158272,0.9302077530853002,0.6781710098291793,0.9012700062975858,312.09346851390086,0.9039232711990769,0.8749787325004408,1.382,0.8129,0.135903049270028,0.7658114045755273,0.13048141127922028,6,5,0.11397933959960938,1.867,0.968,0.20771224962706528,3.6029887199401855
24,0.7978201711964141,0.6420454182697312,0.5448334286908568,0.5165725349107184,348.2708349966196,0.8543784591292973,0.49920334330939015,1.5555,1.7163,0.11848325795978226,2.4311258373869404,0.01380670611439842,11,8,0.1919996738433838,1.4685,1.6985,0.2581616399893738,2.964986562728882
21,0.3507123254328084,0.41728917681317057,0.8931845975233792,0.5439152228600415,295.7733944283653,0.25728618432354394,0.6056628833143064,1.4633,1.5136,0.15660506477605868,0.7181004223865501,0.013806706114398421,2,2,0.16698718070983887,1.2068,1.1781,0.495417931275851,7.683001756668091
35,0.6988387974129836,0.48311623284594674,0.8784873735456307,0.5354486818661239,302.3368370464811,0.2485668612106296,0.3765898786130912,1.7781,2.764,0.2341097908556187,1.8890486889908364,0.013806706114398421,7,5,0.16299986839294434,3.7655,2.9349,0.6908198980453274,13.248002052307129
22,0.022307639420186706,0.9859213209866295,0.5710363820214769,0.6964480593230477,304.2137474056782,0.27675794511263574,0.2713779848392949,1.7366,3.8607,0.060567686071562425,0.02041759503135931,0.013806706114398423,6,6,0.2319955825805664,1.8983,4.142,0.1074460931911908,17.49498677253723
43,0.9662651363127714,0.05070935526504987,0.4464181698359109,0.4452868266715747,332.7859635159774,0.8904669851394211,0.3197678402809052,1.7745,3.1829,0.06553934506184282,26.036737408710987,0.013806706114398421,6,3,0.30201220512390137,1.7739,3.1997,0.9814792336202324,4.4150002002716064
25,0.3045602080653976,0.7891896201250931,0.5954133061788062,0.4497470816604367,328.36157633210956,0.1623790083357783,0.15055726301600644,2.0033,6.6118,0.04920682220621991,0.3899977949926313,0.01380670611439842,6,5,0.30900001525878906,2.1463,7.2331,0.13959729393933912,5.338000774383545
13,0.549077277373414,0.6020563318137033,0.7112122166591476,0.6169107832954255,327.6261812547393,0.17931323836194016,0.9180539668632748,1.268,0.6003,0.10714787091559758,1.0536138780999924,0.01380670611439842,7,5,0.12001252174377441,1.7538,0.6052,0.24392709693651488,7.336987495422363
28,0.9195493627298696,0.8016065989878401,0.19337405197301352,0.8884812066361373,329.919476201652,0.362181521590027,0.3400280004435613,1.8638,2.7819,0.15401257214617925,3.67717228575411,0.013806706114398418,16,11,0.19899964332580566,2.2264,2.8325,0.21148620007175317,8.821991443634033
16,0.9355221479117408,0.3984144157506143,0.32042252880347954,0.7232878569737581,332.114756431508,0.0972583054834911,0.43405707869951987,1.5465,2.0396,0.1592705462758215,7.494447435852664,0.013806706114398421,12,7,0.19098782539367676,1.5465,2.0665,0.442762046876944,4.766000509262085
16,0.10684298018492643,0.791429940926266,0.1436622310352791,0.8948707459549639,298.2201727687595,0.22872375174338458,0.36448283839538254,1.3778,2.46,0.03273049989681327,0.15394701012450163,0.01380670611439842,3,3,0.1360001564025879,1.333,2.5853,0.06911849153150355,3.1579976081848145
23,0.6694104692630373,0.6404043673845179,0.27895216584694943,0.93231619689546,275.8732097747031,0.16582761489682518,0.6932357210966208,1.3255,1.2346,0.07327125025359445,1.4003122382441466,0.013806706114398423,9,7,0.14799833297729492,1.3631,1.3127,0.1359742487101946,2.2769999504089355
24,0.8998346376737875,0.44610185205209035,0.7222904908499486,0.9981490828767053,304.86583589746857,0.9529113419920252,0.34309580941857,2.0033,3.2371,0.3415408264585917,4.9618185685932,0.01380670611439842,11,7,0.2290019989013672,5.4162,3.2909,0.6039788072332484,8.869994401931763
13,0.9241768735247736,0.7095536392837112,0.8617241978735218,0.9483429356558792,316.2611605448166,0.2713867700941121,0.8379103530858177,1.4916,0.7987,0.5221456157626448,4.3183961365435,0.013806706114398421,15,10,0.12299990653991699,2.4475,0.7957,0.7410002369852495,7.839988946914673
49,0.7332552431937405,0.7618233944375948,0.7381463210769521,0.354366976695211,346.6408220648912,0.35667561288317823,0.6207707494757261,1.4089,1.2129,0.12443619779378794,1.6316056650974666,0.013806706114398421,11,8,0.2150096893310547,1.3372,1.2174,0.33095298421990066,5.69599986076355
12,0.7441150852982068,0.5741147642544383,0.21303798413027722,0.7125928040133475,280.45435057634126,0.4939566183584067,0.7790083699857402,1.2419,1.0184,0.06322013672884974,1.9519063311235845,0.013806706114398418,9,6,0.14799976348876953,1.2264,1.0619,0.1418080223626857,1.4300014972686768
44,0.28899602754704234,0.8718245984495898,0.9357654733156316,0.21660854843690636,307.3253716925748,0.6631112861322214,0.6006986321742952,1.5235,1.5086,0.17465178205721424,0.3188122823034113,0.013806706114398416,8,7,0.15999889373779297,1.4213,1.7156,0.6771630150410648,16.740012884140015
39,0.038466828420565306,0.9816429610936902,0.14053549072703111,0.9974181602635344,346.2940409360559,0.8956314269966962,0.8144470556753415,1.1296,0.5816,0.039457686145638535,0.033463594468683175,0.013806706114398421,7,7,0.10599899291992188,1.0994,0.5785,0.07035067783698835,12.847987413406372
18,0.8600534526002976,0.9462298989205203,0.6428890498367653,0.550411352847615,278.36502635171297,0.45230489652337097,0.10655766774109957,3.3625,12.4103,0.12772770443672188,1.5281439051036463,0.01380670611439842,19,15,0.38901281356811523,3.6112,13.4124,0.23077384595871825,8.610987424850464
26,0.9852130016213602,0.7911211600341124,0.6911950297628259,0.28439331413697033,285.52345033404686,0.7787682328511096,0.8895942824414725,1.393,0.9434,0.41362237698589044,11.232896672780369,0.05060127916701481,13,7,0.09100031852722168,1.3281,1.0066,0.9771824559790264,2.8530125617980957
47,0.8981775202692219,0.4002245110797161,0.7654195406158179,0.5148280579888111,330.2066387275188,0.47725536908317356,0.22871403211126917,2.1105,4.4177,0.23615659460971855,5.380736172815173,0.01380670611439842,10,6,0.29601335525512695,2.0347,4.6431,0.7761854051180723,21.656012773513794
24,0.8976843509434322,0.5296049230041182,0.3013945786555009,0.675831281561341,309.4766520304253,0.3468452947320621,0.7245547271259184,1.3734,1.0582,0.12010762270057583,4.409620187511406,0.013806706114398418,12,8,0.15000009536743164,1.3766,1.0861,0.27581206297230526,1.7530157566070557
28,0.6635270447712404,0.5775619949145119,0.48477566521760257,0.5473932261123304,341.0303726341924,0.8216823509567016,0.31845764682660394,1.7797,3.006,0.07517422581655642,1.5572997982196712,0.01380670611439842,8,6,0.2560138702392578,1.7838,3.0499,0.18369013013134244,2.9480109214782715
41,0.38204214452840246,0.9970024596470468,0.5168650716826042,0.5869687458405999,326.1023827194483,0.7501768849496789,0.468329292761515,1.4677,1.8225,0.060489360674128315,0.35131066656219107,0.2852412369599911,9,9,0.16401171684265137,1.3857,1.8934,0.10655377316314248,10.218012571334839
24,0.3561493546669476,0.9730586544530289,0.5367034429591161,0.6392766504070156,329.7491657213187,0.3301053789712311,0.4728134488252728,1.4106,1.7454,0.067205205035485,0.3633919815242235,0.1887972099219875,6,6,0.176987886428833,1.4406,1.7982,0.1170435010452255,6.411003828048706
43,0.7594418607626684,0.13660017789488133,0.7130381610175597,0.22909395409991873,278.84979087933726,0.5599224754955826,0.1238664560190425,2.6257,10.605,0.025077723621143272,3.880663971810576,0.013806706114398418,3,2,0.3660125732421875,2.5039,11.2215,0.32407363985324167,8.753999710083008
28,0.26103279062562484,0.7719714044341688,0.8991446522483431,0.4044625301422661,314.73852846023937,0.8771466710665097,0.7881833409660677,1.446,0.9234,0.17420251823974783,0.34168684531923,0.013806706114398421,5,4,0.1789870262145996,2.9325,0.9311,0.4511499439918195,16.949012517929077
42,0.061118883659650215,0.8770884644026348,0.6000683470058065,0.34690410599467925,337.95297103017253,0.5909680800576907,0.5909982118435586,1.2011,1.2316,0.03860886289576411,0.0816469108589341,0.01380670611439842,3,3,0.1919994354248047,1.1653,1.2491,0.11732035948648108,2.111999988555908
18,0.36465141851500976,0.8757753029972651,0.2938928509942721,0.6938172870074263,326.4315202419287,0.28570063890488456,0.3506496993651394,1.5483,2.4383,0.04578461572386885,0.40928500462407524,0.013806706114398418,9,8,0.1830124855041504,1.4876,2.5639,0.09184692156532602,9.646986722946167
24,0.6070446763129629,0.7341942630358645,0.608230931701826,0.4560224653399924,349.21692523282104,0.5379744903887397,0.7906582809872399,1.2737,0.7944,0.08159507947968499,1.1082774438508916,0.01380670611439842,9,7,0.16500020027160645,1.2891,0.7818,0.1970535465550262,7.166997909545898
22,0.8156277194402922,0.2946186558864215,0.49364643520586915,0.9618850769133629,332.664971971286,0.6517913671193752,0.099271425555144,3.3205,10.6019,0.1188305810392624,3.805323760926955,0.01380670611439842,7,5,0.4739999771118164,3.8447,11.5435,0.36668918324942607,18.739001512527466
13,0.3985859143390253,0.5796542762167776,0.9477053121362703,0.49587867375191186,343.37764455970216,0.3874786223861442,0.07025006797139442,3.7214,14.5926,0.30519836227215724,0.6878311647659012,0.01380670611439842,5,4,0.9909846782684326,3.872,16.2655,0.8395360390037124,69.58099794387817
44,0.5316191945154266,0.48385480654585583,0.9024963515056298,0.6976032592807313,323.53283818729295,0.6018718256144219,0.2680636299287996,2.2229,3.816,0.2761641959140335,1.13250464722915,0.013806706114398421,5,4,0.2219998836517334,5.2636,3.9186,0.6288704653807674,12.342012643814087
18,0.44127391010738304,0.7448098713556919,0.4547325599722988,0.29477607968483915,320.65511046584044,0.9598364209291144,0.625380107551169,1.2825,1.2335,0.033674236405315326,0.6458871622525145,0.01380670611439842,7,5,0.20400071144104004,1.1317,1.2382,0.11841355862649251,1.074012041091919
42,0.9534542340345818,0.13234992363348205,0.8823368443337075,0.9022818678321002,319.30099776930984,0.8487040159983147,0.2862800169646655,1.9966,3.6713,0.5003361600351953,14.934810874963283,0.013806706114398423,8,4,0.3020000457763672,2.1519,3.7503,0.9963666088665883,8.913989543914795
21,0.58068559682018,0.4252736735385896,0.8999490387972404,0.6629687780881104,277.3243255613489,0.20064838225073361,0.2985273219883333,1.9525,4.2342,0.2389288937136373,1.3941925097982522,0.013806706114398421,5,4,0.21298503875732422,10.9419,4.4667,0.6661367983975905,111.33801078796387
48,0.40610695048490514,0.763909549100959,0.31593184825346876,0.7312451859485751,281.86660279069434,0.8414169766973708,0.47206643618410965,1.4727,2.134,0.05032824131154354,0.5543967274033851,0.013806706114398421,7,6,0.15799999237060547,1.6808,2.2611,0.10318289795869108,8.651987552642822
38,0.8491121512667421,0.25433399057999684,0.8778152427765663,0.6553128490843582,279.02489003829373,0.11200973210909133,0.732319291893799,1.5209,1.2757,0.28126237688213696,4.676113284546664,0.013806706114398416,7,4,0.14299774169921875,1.3707,1.364,0.9695620050444909,10.553999423980713
24,0.6686931100533909,0.5747300129860756,0.9717068784891355,0.7215818020085379,322.70978554359965,0.24728249775644384,0.5364929050974218,1.9733,1.596,0.6454892033836447,1.5670891906640083,0.013806706114398421,8,6,0.17398762702941895,2.2398,1.6025,1.0,21.34599995613098
49,0.8808006923856024,0.5916477420512704,0.6305250753408326,0.8507732975331053,322.1940861347238,0.467302737242051,0.8840732500291699,1.4229,0.6923,0.22032294011980658,3.719866506692165,0.01380670611439842,12,8,0.11798763275146484,1.2619,0.7158,0.3913764669481779,7.892012357711792
48,0.9555151559644557,0.8858434044342695,0.7831345931935774,0.26573802753994824,330.74131435881685,0.5079966556076494,0.42770930033350446,1.6185,2.2079,0.2920344127583255,5.89752528609826,0.17822697504684165,9,6,0.18601226806640625,1.6049,2.2574,0.881045787870613,10.023001909255981
29,0.2782146770567471,0.7030872707690902,0.5506796538370343,0.9116672787074968,321.67819697565835,0.9606603464079013,0.9646669363817635,1.512,0.5695,0.07224203842914377,0.4006397207594232,0.01380670611439842,5,4,0.12798762321472168,1.4889,0.567,0.14388890784716835,2.0910120010375977
29,0.6803904353927,0.9467828098917738,0.3758008133342483,0.8569490068716569,321.69333208614813,0.8292748713097144,0.7568208573763892,1.3745,0.9053,0.08333740757209246,1.075448054461203,0.2062015557328196,7,6,0.1400003433227539,2.3174,0.94,0.12809070328260086,7.423987150192261
32,0.8474539124985168,0.5997988533211539,0.45377250601799934,0.5232637264981144,308.3443236031459,0.33494830658086017,0.8675004791726876,1.283,0.7593,0.09672190012114752,2.9921415475841386,0.01380670611439842,11,7,0.10899949073791504,1.2157,0.811,0.25093056145518555,3.089012622833252
40,0.9051052999688906,0.5975573696990288,0.8863696478845869,0.10350668062191523,276.8267937148834,0.6544069009469254,0.433059272690137,1.7505,2.7155,0.1360334343914546,4.073390606742252,0.013806706114398423,13,8,0.18299388885498047,1.6905,2.8506,0.8802195616003257,8.516999959945679
11,0.920544009267957,0.07149525206008765,0.6761892755970186,0.5273851521186442,303.1066763590668,0.4213128238524309,0.32186904805769734,1.7502,3.4554,0.07712708343403991,12.11734645092993,0.013806706114398423,5,3,0.2609994411468506,1.6868,3.4861,0.9377417086667075,10.226999044418335
38,0.13387147776382566,0.9436288166237589,0.507821676127877,0.35003295255206257,343.4026812631628,0.7759405949383985,0.5820598983382905,1.2969,1.2398,0.03519181638863635,0.12592062229124273,0.013806706114398416,8,7,0.19700050354003906,1.2076,1.2549,0.1039425634771143,16.479012727737427
22,0.5248593286322074,0.46524838436260074,0.5222335194863573,0.39987663486685504,287.1695269511364,0.16398650889446476,0.1813494752248766,1.9853,6.9225,0.0345009702398525,1.132917259360961,0.01380670611439842,5,4,0.2980175018310547,1.9715,7.3621,0.1661472147412873,3.57399845123291
21,0.7707908967849373,0.5210772646915548,0.6670548089332841,0.1983111104201492,299.62805567955706,0.7832113416648572,0.5600791101994214,1.4651,1.7056,0.054703228853842156,2.3406328714392397,0.013806706114398423,9,6,1.5390002727508545,1.349,1.761,0.317022617428451,1.5920131206512451
20,0.8411043834334361,0.9209800207981724,0.33858880018660137,0.45524092784026254,282.9408113427114,0.9128953672756805,0.16317797572406184,2.72,7.7081,0.06812077933436433,1.5711369165495068,0.013806706114398423,17,13,0.2889995574951172,2.6535,8.2549,0.14567677505752905,47.825987100601196
16,0.9438753975493355,0.9077230673704024,0.2893373892218927,0.898010118318472,347.31572298903257,0.6902766725298185,0.8390415579408451,1.3177,0.804,0.18003777958770562,4.83999715972676,0.21022665082125855,9,7,0.15599703788757324,1.9095,0.8083,0.2769412981566702,6.577995777130127
28,0.43133418089650477,0.3037768635452317,0.8793939520780307,0.5279777764193292,326.94192958690644,0.7238458885430772,0.3365766498422594,1.8926,2.9703,0.1326709623350414,1.0158819392584697,0.013806706114398423,2,2,0.2770066261291504,3.9245,2.6421,0.5456933626305899,34.60702586174011
31,0.33859209688123226,0.487782482422955,0.9620292533626346,0.8449372750494195,331.49426902164635,0.8136117697963625,0.5939284908707196,1.4738,1.4348,0.47603136880602653,0.6234459796440838,0.01380670611439842,3,3,0.18989014625549316,3.4678,1.4108,0.6862120494738401,16.537987232208252
19,0.718047869567461,0.8365779818659994,0.43852812837649735,0.4486798209436525,336.53413896439804,0.46461146377179713,0.1008765975800737,3.021,10.1873,0.06232991699720745,1.3058628891513078,0.013806706114398423,12,9,0.47300004959106445,3.0621,11.1246,0.15584506988726587,28.20101547241211
47,0.5328129319461417,0.2582573727790767,0.27407611819626776,0.5125039330452562,288.89991228063644,0.47391171172853647,0.5045528565650468,1.2546,1.8759,0.021731514690527885,1.4949945170715153,0.013806706114398421,2,2,0.155015230178833,1.0177,1.7,0.11599776464737835,2.1009976863861084
17,0.7337798955736458,0.4114679311475664,0.9052120562978134,0.41332754946424033,315.4860778962598,0.23630582666417296,0.1185552564020441,2.5095,9.0346,0.22582753449083864,2.328467218767949,0.01380670611439842,7,5,0.375,2.8782,9.7846,0.0037109972814502678,69.05099964141846
42,0.9055017281748772,0.10593471988914768,0.39337308517263253,0.5898720211834902,292.7807555361007,0.8342895938888467,0.9691955924837123,1.3916,0.7293,0.050660491887313835,9.368916338290987,0.01380670611439842,5,3,0.13298749923706055,1.7089,0.7582,0.5823264938300179,2.0020132064819336
31,0.6122329435525306,0.49571368032568014,0.6367539815320553,0.6976080445411618,297.20452552828067,0.902621391556698,0.382024309978531,1.7837,2.7584,0.10316430608353552,1.4140253695689675,0.013806706114398418,6,4,0.15401244163513184,2.6911,2.9147,0.23250977869734066,5.552999973297119
46,0.8684867403241753,0.16905556819506415,0.41054755986961905,0.9398156988311444,328.871214171393,0.4792711942760046,0.41745269883468006,1.5607,2.2023,0.09565516457331968,6.199124001150002,0.013806706114398425,6,4,0.19499993324279785,1.7888,2.2358,0.4562019925477143,5.829000234603882
33,0.929180471673848,0.15186521040518883,0.3422967243160679,0.7247232167792484,303.70586613629825,0.45456414321254607,0.8542201500836076,1.2729,0.851,0.09214796447309362,10.333654623479719,0.013806706114398421,7,4,0.14701271057128906,1.3142,0.8686,0.6229383290183109,3.034012794494629
39,0.24413925394064795,0.980672847745333,0.8686947689703205,0.06969127895596333,298.0358575828218,0.6681498517703821,0.8926547817898693,1.241,0.8117,0.031472054057815474,0.2174521711599294,0.17979198484000689,6,6,0.1489870548248291,1.0868,1.1318,0.25218335599375935,2.074000120162964
33,0.6443177274245808,0.36532981298400197,0.917922146027846,0.1772653818900659,301.5723011064688,0.797079701745819,0.4539447280865547,1.617,2.2831,0.11381292582817612,1.8158489838716154,0.01380670611439842,5,4,0.17800092697143555,1.9777,2.3894,0.8942228224516069,60.420998096466064
23,0.3054187398764007,0.9123317350728497,0.8186403369753252,0.44796504385007463,342.7747581870941,0.46550040554265393,0.8489370839298118,1.3223,0.6985,0.12220386380469374,0.3203168993084353,0.013806706114398421,9,8,0.15001320838928223,1.9679,0.7023,0.26531667601158354,20.860012531280518
16,0.2968249619425108,0.4977392900783719,0.9479876794419384,0.11129723828871979,290.245061212115,0.9806250829256746,0.44080923794706406,1.6097,2.4946,0.08982724890921227,0.5509213263826453,0.01380670611439842,2,2,0.18699979782104492,1.3231,2.1761,0.8736479453992008,8.549988985061646
29,0.6450217383402899,0.5191932777200466,0.6745531755047239,0.19807919853274117,348.7416341732884,0.9274479799029668,0.27089717270913793,1.8593,3.6643,0.0465917038156882,1.5715824625532318,0.013806706114398423,7,5,0.5949985980987549,1.7966,3.7125,0.2636258026139462,5.649998426437378
11,0.9455244218852917,0.03938523735409994,0.7304982625865438,0.2396398164373807,297.66757835894407,0.28767684050034276,0.44555558129430745,1.4539,2.3337,0.037081733398272865,19.280998909336944,0.013806706114398421,4,3,0.19499993324279785,1.4837,2.3663,0.9277192690229829,2.003000020980835
17,0.7378080873179562,0.6379648460798424,0.3856464559996936,0.39182505897868397,273.8653075562331,0.2433718114802321,0.40338373003339034,1.5506,2.8135,0.0473987278971221,1.7554235894777312,0.013806706114398421,10,7,0.16199994087219238,1.4283,2.9516,0.158476013582795,2.0200014114379883
12,0.321430218889917,0.5018441194018388,0.39815912835883616,0.6921475593830799,310.73599532553317,0.14829264048389973,0.3171457696859998,1.5213,3.1921,0.03771657765826939,0.5918485785916177,0.013806706114398425,3,3,0.28299975395202637,1.9389,3.3184,0.10992036486400493,3.0670006275177
10,0.8654085562662648,0.07416221906035937,0.4153867786764941,0.9357234906145829,327.8203573476849,0.4131309551910057,0.5075602541550716,1.3714,1.7263,0.05524757859144604,7.625481109301146,0.013806706114398421,3,2,0.2220001220703125,1.3658,1.358,0.43750066848380836,4.44800329208374
30,0.6180289395634764,0.8493537576208641,0.8094156672310753,0.41733702753796503,290.1129274779584,0.5755206183628363,0.4107607969268289,1.8137,2.5645,0.14284952273714718,0.8915213069222677,0.013806706114398418,11,9,0.16199612617492676,2.1431,2.7414,0.33186642380737935,24.278001070022583
36,0.689989984505645,0.8291110993461844,0.6747881647572435,0.20735756579221923,299.54355373557314,0.874669542384621,0.8448424657528932,1.3474,0.8729,0.052686311940957874,1.1680871506221957,0.013806706114398421,12,9,0.10400009155273438,1.196,0.9779,0.22994296203091147,10.42500114440918
49,0.42874220870754853,0.752266158326331,0.1854207610787647,0.7010182943913859,286.8254293351133,0.8308648467665687,0.5952932969939325,1.2195,1.4454,0.04142558672116349,0.6044187414165617,0.013806706114398421,7,6,0.15199971199035645,1.1426,1.5191,0.09306438761326578,1.7100000381469727
45,0.6351392604526285,0.25987713626060943,0.7189495001951042,0.9608364195642745,338.67175950394767,0.6487189997857042,0.6899394779151382,1.2713,1.1124,0.12666019825885488,1.9854011144345882,0.013806706114398421,3,2,0.1830000877380371,1.7046,0.7209,0.4219326293679754,18.393000841140747
16,0.31733308564217155,0.4614688436400625,0.9155163199622077,0.6654061558756953,294.586370315089,0.9369743094717519,0.4018233034652404,1.8817,2.6898,0.23758052788304268,0.6142012181411435,0.013806706114398423,2,2,0.18499970436096191,5.7084,2.4322,0.5794335981773644,23.73201608657837
16,0.6785488582565415,0.7478420069591076,0.7980565513222653,0.7761914042628432,321.8152109624595,0.9982991953216553,0.9787620488938931,1.5843,0.6148,0.2076469639853309,1.3097041495233848,0.01380670611439842,10,8,0.13799834251403809,3.4077,0.63,0.34353891936785197,25.22401261329651
22,0.797742267787325,0.7736880372432023,0.8664161112317914,0.41614947454311085,279.8841002298798,0.2032910057012276,0.8001153308380643,1.4406,1.0642,0.2331638840724546,1.800966746959748,0.013806706114398421,12,9,0.0989999771118164,1.2757,1.233,0.5966278072045096,5.460988759994507
36,0.3980697532698139,0.35066263943751397,0.6628897141619532,0.5027583076443346,325.39747054296436,0.3619179169456459,0.5647032038142739,1.3458,1.4309,0.04892168092682386,0.876812542755759,0.01380670611439842,2,2,0.17200064659118652,2.1265,1.1269,0.20097492183974666,9.100000143051147
22,0.7907830617044969,0.556215737958007,0.8172865136220742,0.17526613696918614,320.94008268026664,0.06348732756640228,0.7291315336055384,1.2855,0.9914,0.09304312772708481,2.491012417654422,0.01380670611439842,9,6,0.1779956817626953,1.2831,0.9908,0.5871807865617615,3.5940120220184326
42,0.7626109291997242,0.8506904149893717,0.4087029455481574,0.9387168032215499,292.5812924925586,0.24994487043980093,0.3062342775278843,1.8103,3.6068,0.11104474831904802,1.3958342765493905,0.013806706114398421,13,10,0.19700026512145996,2.0641,3.7342,0.16688263201069856,7.7539989948272705
31,0.5838353235103443,0.21579529867900735,0.427834574326639,0.33151696735713915,279.06226022161997,0.18746669738100968,0.3414724779349328,1.4523,3.4829,0.01639724442004224,1.857797276566643,0.013806706114398418,2,2,0.2240002155303955,1.1519,3.3321,0.1277576647283867,2.886997699737549
11,0.37089122606657604,0.925164158865369,0.8904567388202833,0.06682534897835647,291.4460440540205,0.2697414463354728,0.7320572500661335,1.3426,1.1404,0.03962405749088242,0.36472298526269165,0.013806706114398423,11,9,0.1589984893798828,1.2357,1.3157,0.32654841611623686,7.249000310897827
44,0.8404824882549693,0.4914083582092026,0.623363143698251,0.8371586876118233,275.83238812175557,0.058059640375558594,0.6687354598860596,1.3865,1.4395,0.16754782114204095,3.1898347735263473,0.013806706114398423,10,7,0.14100074768066406,1.2801,1.5409,0.35253792242797477,8.499995231628418
46,0.6382947437072954,0.2521596917912111,0.8220248296693549,0.7587433571499183,335.1675939356807,0.09743461513434026,0.4002592399345176,1.5988,2.2609,0.14558989751822177,2.0316628092734965,0.01380670611439842,3,2,0.1698474884033203,1.7238,1.9572,0.5023059663173568,19.27400016784668
32,0.5359907712135383,0.4949719996287804,0.6063340568001686,0.35325846004885675,283.9982781868808,0.6407755150455531,0.25458891948766404,1.9151,4.786,0.04353301538330435,1.1300910226995866,0.013806706114398421,5,4,0.2509896755218506,1.887,5.0787,0.19472459634108916,5.207011699676514
20,0.31834459026550943,0.7468182547750375,0.48545093421862945,0.6940315102997553,290.3216397808145,0.7192261572047884,0.5731739092625521,1.39,1.5328,0.058781750267741385,0.43267657999472786,0.013806706114398421,6,5,0.16199946403503418,1.206,1.6404,0.117870169994414,6.426989555358887
39,0.24717631431040207,0.5029915676936324,0.5430288635978601,0.6691056086870646,312.08140965754615,0.8879413759274515,0.7909771486459083,1.2022,0.8709,0.048856322582685546,0.4549691115636417,0.013806706114398421,2,2,0.14600014686584473,1.9052,0.6403,0.13085618885139608,5.63899827003479
39,0.7676876423095718,0.4105015165972947,0.5155822309208905,0.3022028367152223,288.96211222944504,0.8942861312563897,0.262920764069198,1.9991,4.4519,0.04707838298008791,2.6198758747254014,0.01380670611439842,7,5,0.26399755477905273,1.8992,4.6115,0.2591993602641788,3.369011878967285
20,0.606097754628069,0.4473752761253704,0.3883309725363818,0.6820222881991194,304.72497737324267,0.1196134781664711,0.5246012076204363,1.3543,1.7071,0.05324424536175989,1.4676182516950462,0.01380670611439842,6,4,0.16000032424926758,1.4504,1.7691,0.1537339544899139,5.659000396728516
22,0.36642566536686555,0.8431541357592364,0.19583766280123316,0.7328793579649027,305.5055101116008,0.9606385917183919,0.12133253671784956,2.8199,9.018,0.04303089355855371,0.4345659153648655,0.013806706114398423,8,7,0.34199953079223633,2.8539,9.8343,0.08538025947075975,2.290012836456299
24,0.8779894752634411,0.2713411105345244,0.5898670601899103,0.4004479294410778,314.03697110775477,0.47586305317912897,0.09635138442152162,3.2084,11.2308,0.0784939018827923,5.477715022757639,0.013806706114398418,8,5,0.44701290130615234,3.1341,12.2576,0.005255569866583241,10.191012859344482
10,0.9124337475093627,0.20641903282242965,0.3042389725300359,0.8145147400265182,313.8612290488933,0.07805651679064234,0.43347121132374644,1.4685,2.121,0.09814262152443251,7.898584270357244,0.013806706114398421,8,5,0.1690049171447754,1.4801,2.1454,0.44409126776998076,3.7939910888671875
29,0.9254160020559014,0.43618111740200793,0.2768024112115895,0.6612870922978168,316.6282715609816,0.47239634170836486,0.6250342582245886,1.4683,1.2821,0.1356436982687865,6.300698412369427,0.013806706114398416,12,7,0.180999755859375,1.4277,1.2901,0.3690453761764737,2.0909981727600098
38,0.4176047988254562,0.9273026257470426,0.7378202858953078,0.47900575280733504,316.9239903808519,0.46319580167309937,0.3007817031770706,1.9136,3.3161,0.09987788251350721,0.43103560539849434,0.01380670611439842,11,9,0.4080007076263428,2.5547,3.3849,0.20366318695413596,15.671987295150757
16,0.831430585412537,0.78037925426254,0.44082303824186264,0.8827579606385612,285.20427111335425,0.5711395785148323,0.43330849539346905,1.7207,2.4971,0.13539264965646738,2.0665674831199046,0.013806706114398421,13,9,0.14498639106750488,1.9332,2.6159,0.18891036872725558,4.4869866371154785
44,0.4648114290321079,0.8980196926781037,0.38025794349183895,0.40530473839644554,327.65648506872424,0.7030877230126252,0.39351950363311666,1.5514,2.2114,0.039559793852458246,0.5391781628464872,0.013806706114398423,11,9,0.18599987030029297,1.4039,2.289,0.10609378581333015,23.09500002861023
39,0.6957586997623639,0.7801464648800143,0.8954425497687072,0.13076844168680463,291.56020154107523,0.8793750694020209,0.32676321972137035,1.9389,3.5458,0.11193346412334133,1.2812046091474385,0.01380670611439842,11,8,0.27500033378601074,1.991,3.6795,0.6287602228293847,26.744999408721924
31,0.5132584066784371,0.7178222788670948,0.7915400007384612,0.5099243996511055,316.49747920488534,0.9829409895768718,0.7847796010830883,1.5388,0.9272,0.1367107343853093,0.8263726821776083,0.013806706114398418,8,6,0.17499661445617676,1.4365,0.9389,0.30091161589423515,28.494012594223022
11,0.7034541352567144,0.9658662898885452,0.4962397177998395,0.4692389014946216,328.4941846469169,0.45513772432058097,0.6824752600140366,1.3256,1.0796,0.06918622575024407,1.15589697195988,0.24795276972051705,8,7,0.1680002212524414,1.335,1.1093,0.14638019899201707,2.665987491607666
37,0.5624641268045744,0.23845844311364592,0.27257252810359445,0.7690291085124972,296.6742349892569,0.07913392404035456,0.501876166955605,1.2414,1.8506,0.030397964004356678,1.6716592240002668,0.013806706114398421,2,2,0.15298724174499512,1.3746,1.6493,0.11752984926258225,6.312999725341797
29,0.7716356681049137,0.6652744177203467,0.23570235798178765,0.7915223036021379,289.33417626521657,0.5186023921004993,0.31577760937206245,1.8525,3.4874,0.07921315158590227,1.9352033567107938,0.01380670611439842,10,7,0.22100067138671875,2.0536,3.5724,0.14901253770509065,3.916001319885254
34,0.8570819365328181,0.26082745425003856,0.04666768919735287,0.9739343597391843,333.49221026578556,0.9358807383890071,0.9967360972456636,1.2118,0.6666,0.07034964615203552,4.971679152523519,0.013806706114398421,7,5,0.08999896049499512,1.2942,0.675,0.2432979523527594,4.1700146198272705
49,0.5384365720586864,0.8334145103345703,0.23206891613714897,0.7120964262329679,298.80724603927206,0.15564381435579083,0.4132245878405918,1.4271,2.2712,0.04953656846181541,0.7332007547927962,0.01380670611439842,10,8,0.14300084114074707,1.4256,2.3805,0.10225907278488307,5.185000419616699
26,0.6032853666556375,0.45278925745089316,0.6931686333236942,0.31050599721705435,345.818067675364,0.8650094231683025,0.75203139950934,1.2637,0.9362,0.06057245446894342,1.460173205256454,0.013806706114398423,6,4,0.2020125389099121,1.2432,0.9168,0.2780109206412324,1.936999797821045
39,0.5353761215849316,0.5393137056581612,0.19645435509253628,0.9320219070300024,326.6106846688725,0.6815674361337881,0.2508709849157483,1.9342,3.8603,0.05383622271184764,1.0785085839758302,0.013806706114398421,6,5,0.23900103569030762,2.6401,4.039,0.11369154199736614,4.093000650405884
46,0.6839482302051076,0.7047314980948084,0.48034162762848687,0.8578289887222195,345.5494404694017,0.11425206466275876,0.22211609286297684,1.9198,4.2686,0.10694208388661507,1.4311860047626286,0.01380670611439842,10,8,0.2839996814727783,5.1139,4.5522,0.1750844550416161,6.122786998748779
43,0.895039731841352,0.3614991769070265,0.3377368340801226,0.5674600727622027,316.7534464389676,0.9032032143913447,0.9457433014095723,1.3638,0.6458,0.08875664569582972,5.42962416282426,0.013806706114398423,9,6,0.20399999618530273,1.3408,0.6634,0.34892756606862024,2.070011615753174
38,0.17303353222090187,0.6295201189520825,0.6799714708320027,0.8868830819514488,308.3448447350133,0.3541491278087204,0.4986486337954278,1.4043,1.8608,0.08990806028982463,0.2871683744486102,0.013806706114398423,2,2,0.16099977493286133,1.2416,1.5964,0.17141328138084952,11.867987155914307
15,0.5334658703488788,0.678084722701325,0.6093890222911207,0.4321452223062017,295.6862930960371,0.2216563541909157,0.48675890544600015,1.4512,1.9727,0.062054174141737924,0.906731454592243,0.01380670611439842,7,5,0.15899991989135742,1.4464,2.0813,0.1783457005787326,2.150998115539551
24,0.8063714487501332,0.5064371655681654,0.24085027197407077,0.7333039110516986,282.62049282509764,0.16290263044655326,0.5040624869168785,1.4008,2.0572,0.07377060365415558,2.703030260397618,0.013806706114398421,9,6,0.15300655364990234,1.4598,2.1132,0.1815044931440398,2.225990056991577
15,0.8808703527497407,0.8327963527093837,0.976824718384293,0.8668431227973866,317.8427233681122,0.7025115923725049,0.7673123381192052,1.5779,0.9684,0.821042207315154,2.5885476743605915,0.013806706114398416,15,11,0.12799859046936035,1.6018,0.9608,0.9458752575685564,9.08799958229065
47,0.7426048584536613,0.3059432359937904,0.7046265517903145,0.774275756043907,344.86668521735874,0.9274873509060719,0.358027561380044,1.8093,2.7056,0.15022657753072627,2.762321921388383,0.01380670611439842,6,4,0.28799986839294434,5.2918,2.6949,0.4149639851802574,7.687000513076782
49,0.19900554697101774,0.9270247674808468,0.6620506776418992,0.42140416323311086,291.57112693846767,0.14597121970955476,0.7856727204402477,1.2752,0.8904,0.0572759667861772,0.18711944330346436,0.01380670611439842,8,7,0.14399170875549316,1.1973,1.0686,0.14557946876162842,11.01599931716919
25,0.5883902731200671,0.22398659935670287,0.7716805446744758,0.45265902557170645,335.1217963611176,0.9360864509763589,0.9727143268107753,1.4887,0.6082,0.06274708494248984,1.7877581834184633,0.013806706114398423,2,2,0.33498406410217285,2.5382,0.2579,0.3339194823903059,4.885998249053955
44,0.5519827981563558,0.7933690345640233,0.22081915894719073,0.7058112679419923,342.55449886363334,0.2608139469955798,0.3793482711264495,1.4739,2.1923,0.051744533229016454,0.8415981011274433,0.013806706114398421,9,7,0.19100022315979004,1.4401,2.2904,0.10566501451363376,3.2109875679016113
30,0.5648989832373821,0.2633113021343993,0.9060594068518727,0.6041289929222987,341.9566598988864,0.9582208948465687,0.6566072609557718,1.4989,1.2221,0.20839138409989136,1.56906917166867,0.01380670611439842,3,2,0.21399998664855957,1.2095,0.8358,0.8269194402602409,18.741998434066772
26,0.6336723936152007,0.8704236417598954,0.4879042860334427,0.8987321074808963,301.60779241241585,0.6654661191326035,0.5715373167484992,1.5085,1.5341,0.10336458996189145,0.902329586518311,0.013806706114398418,12,10,0.12499833106994629,1.4838,1.6291,0.1523922780022673,4.173999547958374
38,0.6161540591794703,0.7543067849499568,0.3334928286517057,0.8225154363803895,299.90400672916985,0.7889333837512876,0.8752305095077356,1.3802,0.7139,0.06943604225303088,1.0411798921697943,0.013806706114398423,10,8,0.10500025749206543,2.2074,0.7852,0.1269379720088326,2.0349998474121094
30,0.8983546979639306,0.9940481731086002,0.569220832251178,0.837357544743026,316.7441074655273,0.2305366809647203,0.9077294285777951,1.3471,0.7044,0.12671642797432367,1.7932685457368767,0.31722267171903906,11,10,0.08999991416931152,1.2286,0.77,0.19541550133801944,17.216000080108643
16,0.9055229066016115,0.6472449087017109,0.52559368247148,0.4123079476885477,337.3911857716057,0.7828374324440471,0.5720037845336661,1.4764,1.4446,0.148744417227009,4.3211193630772184,0.013806706114398423,13,9,0.1790156364440918,1.4965,1.4371,0.38606310922390513,2.4970009326934814
21,0.898482678759099,0.34651452231099195,0.1550153395481324,0.8268863227746419,275.2307671883025,0.3106088547303471,0.751618650258969,1.3073,1.1766,0.09428612255346316,5.450674856922736,0.01380670611439842,9,5,0.14801287651062012,1.3837,1.1992,0.2810534613656019,1.2300124168395996
14,0.933117358347167,0.8084099536446752,0.4476805504743863,0.9462188527892679,285.9133382615304,0.9639769899919892,0.2621417410256734,2.2015,4.6987,0.23432897021764526,3.738617186996325,0.013806706114398421,17,11,0.20998787879943848,2.6021,4.9107,0.2938597800268019,3.4550118446350098
21,0.6935364509841556,0.510918067872864,0.9558688861804936,0.46192127065163086,311.35361452998853,0.10497918621698578,0.18124579339330502,2.1533,6.3344,0.42103787737918125,1.8050952329988983,0.013806706114398418,7,5,0.33498620986938477,2.1685,6.7018,0.9885211344453786,60.5010130405426
27,0.6780074725588409,0.20487942380490695,0.254219440627282,0.9169438570360965,302.3332264937576,0.2342938611753783,0.5671053799164153,1.3278,1.5583,0.04189810933794036,2.5159216467015706,0.013806706114398421,3,2,0.22798848152160645,1.0943,1.2958,0.15178138267019806,10.469017267227173
42,0.6888402612558698,0.6456659674882215,0.9602113663701716,0.2276873156211624,286.2706670624682,0.8654632394900555,0.1189683892251717,3.1861,10.7478,0.3301151075491803,1.4925558640311187,0.013806706114398421,9,6,0.35498785972595215,3.7832,11.8481,0.993412035095497,27.972999572753906
